code,name,fmye_qty,erp_qty,delta_to_fmye,status,fmye_dpr,fmye_sa,fmye_consumption,product_id
RM0007,SALT GRANUELS,-2812592.81,-3500.0,-2809092.81,diff,0,504136.874,9428294.827,5161
SF0005,DISHWASH BAR TRAIN QUALITY,1805419.46,0.0,1805419.46,diff,4545477.24,-2664988.22,63009.56,5503
RM0002,SODA ASH,-636770.721,996250.0,-1633020.721,diff,0,-4682772.362,4298926.894,5156
RM0017,SILICATE,-516999.558,754167.0,-1271166.558,diff,0,-2911123.807,3472460.831,5170
RM0004,SULPHONIC ACID,-421205.831,684945.0,-1106150.831,diff,0,-3846230.776,3459979.88,5158
RM187,SALT STONE,975745.0,1917430.0,-941685.0,diff,0,-6427880.0,0,5351
RM0013,SODIUM SULPHATE ANHYDROUS,-168810.707,561889.0,-730699.707,diff,0,-2933460.435,2163408.42,5167
MBP001,MARBLE POWDER,-317930.673,372525.0,-690455.673,diff,0,-5701387.6,2307155.564,1723
DT3005,DETERGENT 16A.D,641230.9,-3.0,641233.9,diff,4372077.8,-3726531.9,0,941
SCR001,MISC SCRAP ITEM,-785218.1,-155193.0,-630025.1,diff,0,104044.5,0,5497
DT3002,DETERGENT  7A.D,530871.0,-9325.0,540196.0,diff,3898584.0,-3264643.0,0,938
RM0003,TELCOM POWDER,-172421.709,259150.0,-431571.709,diff,0,-3680933.332,1536779.317,5157
SF0023,HAPPY LAUNDARY BAR,395284.4,0.0,395284.4,diff,498019.4,-102735.0,0,5521
SF0021,BASE POWDER 29AD,257151.13,-137220.0,394371.13,diff,1542585.0,56706.0,14688.87,5519
LPG001,LPG GASS,505110.0,128910.0,376200.0,diff,0,-405808.68,32352.323,1680
DT3006,DETERGENT 18 A.D,200165.0,-143900.0,344065.0,diff,1553727.0,-1100228.0,0,942
PKS001,TRAIN DISHWASH 120/36 C4 P3 LN,324139.0,5711.0,318428.0,diff,1098948.0,-774694.0,0,2840
DT3012,DETERGENT 10A.D STANDRED,263250.0,0.0,263250.0,diff,2290591.0,-2025311.0,0,948
WD001,Misc Item Woods,-96105.0,155075.0,-251180.0,diff,0,-1773854.5,0,5585
RM0026,CAUSTIC SODA / SODIUM HYDRO OXIDE (NOAH),-110003.806,120440.0,-230443.806,diff,0,-382159.409,619770.797,5187
DT3007,DETERGENT 12A.D,215893.0,-12000.0,227893.0,diff,2071571.0,-1721457.0,0,943
BT013,OIL BOTTLE CAP,284000.0,80000.0,204000.0,diff,0,-296000.0,0,125
RM0029,SODA DENSE,-19293.705,176580.0,-195873.705,diff,0,-425630.856,596226.745,5190
PKS005,LASHKARA DETERGENT 200/24 CTN C4 P5 LN,186511.0,0.0,186511.0,missing_in_erp,370151.0,9931.0,193471.0,
RM226,CALCIAUM CARBONATE S200,-88661.407,97500.0,-186161.407,diff,0,59279.527,463741.264,5390
DT3003,DETERGENT  10A.D BLUCK,134659.49,-46770.0,181429.49,diff,1892214.49,-1646104.0,0,939
RM0015,CALCIUM CARBONATE (PCC),-93872.821,59000.0,-152872.821,diff,0,-331779.805,444786.874,5169
RM0067,DOLOMITE,-29623.303,120000.0,-149623.303,diff,0,-449152.098,384053.705,5229
DT3004,DETERGENT 14A.D,107028.0,-16340.0,123368.0,diff,743614.0,-578751.0,0,940
PSM049,TURKEY BEAUTY SOAP 48PCS C4 P5 KHAKI,-273581.0,-152241.0,-121340.0,diff,179768.0,0,0,3639
RM154,PREFORM BOTTLE 15.5GRAM,8100.0,89300.0,-81200.0,diff,0,-181000.0,0,5318
SF0004,DISHWASH BAR RING QUALITY,80516.16,0.0,80516.16,diff,379282.76,-298766.6,0,5502
PAS007,A.S MUG DIBBI KHAKI C1 P3,-166645.0,-86414.0,-80231.0,diff,133592.0,26899.0,0,1919
PP0017,SAGA EMPTY BAG 4KG,81565.0,8500.0,73065.0,diff,0,-112843.0,0,3176
DT3023,DETERGENT 20 AD  SHINE,14299.5,-58560.0,72859.5,diff,110848.5,-37964.0,0,959
RM175,NOZEL FOR BAG MAKING,-72800.0,0.0,-72800.0,diff,0,-161500.0,0,5339
PP0020,SADA PP BAG (SHESHA),90900.0,28000.0,62900.0,diff,0,-41320.0,0,3179
PAS012,MFA MUG DIBBI KHAKI C1 P3,-121432.0,-60747.0,-60685.0,diff,35777.0,0,0,1924
BT0002,YELLOW BOTTLE CAP 35-GRM,73500.0,15000.0,58500.0,diff,0,-683600.0,0,107
DT1004,LASHKARA DETERGENT 600/10,-56334.0,345.0,-56679.0,diff,130837.0,-131505.0,0,742
BT0001,ORANGE BOTTLE CAP 35-GRM,71500.0,15000.0,56500.0,diff,0,-120000.0,0,106
PKS311,LASHKARA 1KG NEW,54800.0,0.0,54800.0,missing_in_erp,69924.0,-15074.0,0,
PGB001,MUG DIBBI KHAKI SADA P3,-79157.0,-26753.0,-52404.0,diff,88625.0,47508.0,0,2556
PKS004,LASHKARA DETERGENT 400/12 C4 P3 LN,52231.0,0.0,52231.0,missing_in_erp,160859.0,63423.0,171980.0,
SF0007,DISHWASH BAR 12 AD,52000.09,0.0,52000.09,diff,159310.84,-107310.75,0,5505
PP0026,ARGHAWAN 5KG BAG,62635.0,14295.0,48340.0,diff,0,-16330.0,0,3185
BT0006,EMPTY BAHAR LIQUID BOTTLE 900ML,48300.0,0.0,48300.0,missing_in_erp,0,-32534.0,0,
RM0033,STPP,-5797.844,42275.0,-48072.844,diff,0,-14103.603,215304.065,5194
DT3026,POPULER 12-AD,-17964.0,-59920.0,41956.0,diff,48191.0,-6235.0,0,962
PMF004,MERCEDEZ UNIVERSAL BLADE BOX SMALL C/F C4 P3 LAMINATION,-78746.0,-37753.0,-40993.0,diff,106877.0,416.0,0,3094
BT019,BAHAR LIQUID BOTTLE 900ML CAP (WHITE),45287.0,5000.0,40287.0,diff,0,0,0,131
RM0005,SODIUM BI CARBONATE,-19846.73,20125.0,-39971.73,diff,0,-84027.168,71994.617,5159
PSS028,TRAIN 14KG C2 P3 LN,-19634.0,19634.0,-39268.0,diff,81054.0,-99721.0,0,3960
RM00196,SALT SPECKLES RED,-42032.189,-2875.0,-39157.189,diff,0,0,32082.189,5178
RM127,PREFORM BOTTLE 35GRAM 28MM,-21960.0,17000.0,-38960.0,diff,0,-107000.0,0,5291
RM00198,SALT SPECKLES GREEN,-41807.189,-2875.0,-38932.189,diff,0,0,32082.189,5180
PKS080,TRAIN DISHWASH JUMBO 300/24 C4 P3 LN,37975.0,0.0,37975.0,missing_in_erp,55893.0,-17918.0,0,
RM00197,SALT SPECKLES BLUE,-40607.189,-2900.0,-37707.189,diff,0,0,32082.189,5179
DW1015,TRAIN DISHWASH JUMBO 200/24,-7528.0,-45148.0,37620.0,diff,120673.75,-5071.0,0,1271
RM0001,PALMFONATE,-48129.811,-11025.0,-37104.811,diff,0,-45067.256,32317.931,5155
RM155,PREFORM BOTTLE 31.5GRAM,-37000.0,0.0,-37000.0,missing_in_erp,0,-37000.0,0,
PSS032,TRAIN WHITE 8 KG C4 P3 LN,-18405.0,18405.0,-36810.0,diff,33205.0,-51610.0,0,3964
PKS011,TRAIN DISHWASH 60/72 CTN C4 P3 LN,35549.0,0.0,35549.0,missing_in_erp,268390.0,-232251.0,0,
DT3025,PULSE 18-A.D,-18165.0,-53520.0,35355.0,diff,39775.0,-4420.0,0,961
PKS015,PUNJAB DISHWASH 60/36 CTN C4 P3 LN,34901.0,0.0,34901.0,missing_in_erp,202673.0,-167422.0,0,
WHP003,ISLAMABAD COOKING OIL 900ML*5 LTR P3 C4 LY,34292.0,0.0,34292.0,missing_in_erp,134790.0,13161.0,0,
PPC003,PUNJAB BANASPATI 1KG*16,-34180.0,0.0,-34180.0,diff,295803.0,-183861.0,0,3275
PP0062,PP BAG 25*42 (WITHOUT PRINTING),34000.0,0.0,34000.0,missing_in_erp,0,0,0,
PKS007,LASHKARA DETERGENT 55/48 CTN C4 P3 LN,33930.0,0.0,33930.0,missing_in_erp,96711.0,-43826.0,18955.0,
SF0001,BASE POWDER PLANT 26A.D,-127346.059,-93460.0,-33886.059,diff,6781750.6,-89656.0,6083328.364,5499
PP0057,TRAIN EMPTY BAG 19*30 (25KG),33840.0,0.0,33840.0,missing_in_erp,0,-4800.0,0,
RAP012,LASHKARA EMPTY BAG 4KG,24492.0,57939.0,-33447.0,diff,0,-221845.727,70370.773,4611
PPD001,P.D CUP & SAUCER DIBI BLUE/PINK C4 P3 LN,-60041.0,-27381.0,-32660.0,diff,31324.0,-7466.0,0,3291
PP0036,SAGA EMPTY BAG  3KG,32540.0,0.0,32540.0,missing_in_erp,0,-46500.0,0,
RM0071,CSD,-32168.853,0.0,-32168.853,diff,0,1151.0,58819.853,5233
PSR126,SERVIS CHEETA 320*175*120 TOP+BOTTOM LM,-31696.0,0.0,-31696.0,missing_in_erp,48654.0,0,0,
RM0009,GREEN BINTO,-18590.466,13000.0,-31590.466,diff,0,-312349.373,208168.173,5163
DT2013,TRAIN DETERGENT 5 KG 7A.D,-61312.0,-92500.0,31188.0,diff,322629.0,11353.0,0,856
RM163,OIL KNN CHICKEN,-30385.0,0.0,-30385.0,diff,0,-2037.0,0,5327
MUST01,MUSTARD OIL,-5630.5,24714.5,-30345.0,diff,0,-312840.0,0,1747
RM143,EMPTY BOTTLE BAHAR TOILET CLEANER 250ML,-100.0,30000.0,-30100.0,diff,0,-37100.0,0,5307
PPD003,BONE CHINA CUP & SAUCER DIBBI (BROWN) C2 P3 LM,-53187.0,-23475.0,-29712.0,diff,103925.0,-34743.0,0,3293
PP0063,PP BAG 18*28 (WITHOUT PRINTING),29000.0,0.0,29000.0,missing_in_erp,0,14370.0,0,
PP0077,PP BAG IFS BASE BAG 23*41,28815.0,0.0,28815.0,diff,0,0,0,3236
PP0049,PP BAG 24*35,40630.0,11980.0,28650.0,diff,0,-4500.0,0,3208
DT1056,LASHKARA DETERGENT 125/24,0.0,-28265.0,28265.0,diff,48812.0,-5806.0,0,794
RM0030,SLES,-28143.78,-3.0,-28140.78,diff,0,-42013.848,138753.919,5191
PSS052,TRAIN GOLD BAR C-142 C2 P3 LN,-13769.0,13769.0,-27538.0,diff,23692.0,-37461.0,0,3984
PSS126,LASHKARA NO. 162 C2 P3 LN(DYE 011),-13523.0,13523.0,-27046.0,diff,51813.0,-65336.0,0,4058
PP0005,RAHIL 10KG EMPTY BAG,29214.0,2544.0,26670.0,diff,0,-17953.0,24092.0,3164
DT1002,LASHKARA DETERGENT 250/24,-26348.0,151.0,-26499.0,diff,200735.0,-200953.0,0,740
STK016,STICKER BAHAR DISHWASH LIQUID 900ML,26000.0,0.0,26000.0,missing_in_erp,0,0,0,
PPC002,PUNJAB BANASPATI 12 PCS 1KG,-25842.0,0.0,-25842.0,diff,353392.0,-208050.0,0,3274
DT3019,HAPPY DETERGENT POWDER,25481.0,0.0,25481.0,diff,160876.0,-135395.0,0,955
PKS008,PUNJAB DISHWASH 120/36 CTN C4 P3 LN,25321.0,0.0,25321.0,missing_in_erp,111382.0,-85911.0,0,
DT1062,LASHKARA DETERGENT 150/24,-7751.0,-31887.0,24136.0,diff,32139.0,-4758.0,0,800
PPC016,PUNJAB BANASPATI 12 PCS 1KG (BOX BOARD),-23830.0,0.0,-23830.0,missing_in_erp,0,18671.0,0,
PSS031,TRAIN BLUE 8KG C4 P3 LN,-11813.0,11813.0,-23626.0,diff,44491.0,-56304.0,0,3963
PMA011,PURE ACHAR MIX CTN 3 PLY C 4,-42347.0,-18805.0,-23542.0,diff,32660.0,14270.0,0,3061
DT1075,LASHKARA DETERGENT 130/48,-6151.0,-29463.0,23312.0,diff,64224.0,0,0,813
PSS120,LASHKARA NO.65 C2 P3 LN,-11577.0,11577.0,-23154.0,diff,163014.0,-174591.0,0,4052
DT1006,LASHKARA DETERGENT 5KG,-6996.0,-30067.0,23071.0,diff,189695.0,-40637.0,0,744
PAC095,VIP MUG DIBBI SADA P3,-42720.0,-19686.0,-23034.0,diff,1629.0,0,0,1850
PSS060,TRAIN LAUNDRY  KHAKI C2 P5 LN,-11316.0,11316.0,-22632.0,diff,31603.0,-42919.0,0,3992
RM303,PREFORM BOTTLE 13.5GRAM,22320.0,0.0,22320.0,missing_in_erp,0,0,0,
BT018,EMPTY BAHAR LIQUID BOTTLE 900ML (WHITE),27320.0,5040.0,22280.0,diff,0,0,0,130
PP0064,PP BAG IFS PRINTING,22250.0,0.0,22250.0,missing_in_erp,0,-700.0,0,
PAC014,A.H MUG DIBBI 6 PIECE KHAKI SADA CN P3 LN,-11093.0,11093.0,-22186.0,diff,144704.0,-155797.0,0,1769
PSS154,JUNGLE NO.052 C2 P3 LN,-10926.0,10926.0,-21852.0,diff,55167.0,-65110.0,0,4086
PP0014,SAFA DETERGENT EMPTY BAG 20KG,21760.65,0.0,21760.65,missing_in_erp,0,-14739.8,0,
PPD018,P.D MUG DABBI KHAKI C1 P3,-43984.0,-22705.0,-21279.0,diff,2987.0,-2987.0,0,3308
PSS131,LASHKARA 4 PACK 9 KG C2 P3 LN,-10552.0,10552.0,-21104.0,diff,59085.0,-68631.0,0,4063
PP0060,SADA PP BAG 40KG (22*36),21000.0,0.0,21000.0,missing_in_erp,0,-1500.0,0,
RM0014,SLS,-16932.227,3875.0,-20807.227,diff,0,-122427.739,41015.288,5168
PSS144,CC SANDALI 170/40 NO. 21 C2 P3 LN,-10396.0,10396.0,-20792.0,diff,0,-10396.0,0,4076
PFO001,FAUJI COOKING OIL C4 P3LN,-10214.0,10214.0,-20428.0,diff,0,-10214.0,0,2544
PSS146,CC SANDALI 90/40 NO. 23,-10197.0,10197.0,-20394.0,diff,103204.0,-113401.0,0,4078
PP0086,TRAIN EMPTY BAG 4KG,20200.0,0.0,20200.0,diff,0,0,0,3245
RM136,EMPTY BOTTLE BAHAR TOILET CLEANER 500ML,9830.0,30000.0,-20170.0,diff,0,-73670.0,0,5300
RM313,SALT FOOD GRADE,126175.0,106175.0,20000.0,diff,0,-50965.0,0,5477
PP0012,RAHIL EMPTY BAG 5KG,23664.0,4000.0,19664.0,diff,0,-25287.0,67.0,3171
DT3011,DETERGENT 19A.D,19660.65,0.0,19660.65,diff,240191.15,-220502.0,0,947
PMA001,PURE SALT COTTON KHAKI 800 GRAM,-19358.0,0.0,-19358.0,missing_in_erp,26773.0,59965.0,0,
RM0018,UREA,-7663.607,11500.0,-19163.607,diff,0,-157778.525,71076.862,5171
PP0078,EMPTY BAG NARGES DETERGENT 20KG,18950.0,0.0,18950.0,diff,0,0,0,3237
SF0025,LIGHTER DENSITY BASE POWDER,3405.875,-15436.0,18841.875,diff,47479.875,4550.0,0,5523
PAC046,COMPASS DIBBI CUP SAUCER NO#10 (CP 318) C4 P3,-25822.0,-7218.0,-18604.0,diff,27735.0,-13667.0,0,1801
PP0009,PLASTIC BAG BRILLO DETERGENT,-6500.0,12000.0,-18500.0,diff,0,40126.0,59926.0,3168
PP0061,SADA PP BAG 20KG (24*18),18400.0,0.0,18400.0,missing_in_erp,0,-1000.0,0,
PSS008,TAZGI BEAUTY SOAP 48 PCS C2 P3 LN,-9054.0,9054.0,-18108.0,diff,7438.0,-16492.0,0,3940
PSS103,LASHKARA ASAL  NO.35 6 KG RED C2 P3 LN,-9027.0,9027.0,-18054.0,diff,110992.0,-117958.0,0,4035
RM302,PREFORM BOTTLE 21GRAM,18000.0,0.0,18000.0,missing_in_erp,0,0,0,
STK001,STICKER BRILLO TOILET CLEANER 250ML,18000.0,0.0,18000.0,missing_in_erp,0,3600.0,0,
PSS055,TRAIN GOLD BAR C-144 BUTKHELA C2 P3 LN,-8888.0,8888.0,-17776.0,diff,17416.0,-26304.0,0,3987
PKS013,RING DISHWASH 60/72 CTN C4 P3 LN,17641.0,0.0,17641.0,missing_in_erp,62853.0,-45187.0,0,
DT3017,DISH LIQUID 10 AD,17528.24,0.0,17528.24,diff,158986.04,-141457.8,0,953
RM080,ETHYAL ACCETATE,-4077.0,13320.0,-17397.0,diff,0,-69842.65,0,5248
RM286,PREFORM BOTTLE41.5GRAM,17280.0,0.0,17280.0,diff,0,0,0,5450
RM138,ARKOFIL CP-5,-4997.586,12150.0,-17147.586,diff,0,-9697.175,45523.316,5302
RM282,SILICATE (PACKAGES),96545.0,79545.0,17000.0,diff,0,-98541.0,0,5446
DT1060,LASHKARA DETERGENT 300/12,-3933.0,-20880.0,16947.0,diff,21872.0,-1542.0,0,798
PKS025,TRAIN DETERGENT 1KG/12 CTN C2 P5 LN,16849.0,0.0,16849.0,missing_in_erp,19067.0,153677.5,160315.5,
RM00191,SPECKLES GREEN,-16691.007,0.0,-16691.007,diff,0,-75917.944,70313.325,5173
RM0046,ZEOLITE,6762.882,23415.0,-16652.118,diff,0,-46278.0,7770.118,5207
PSS046,TRAIN NO. C-111 C2 P3 LN,-8278.0,8278.0,-16556.0,diff,33638.0,-41916.0,0,3978
PKS017,TRAIN LONG BAR 390/24 CTN C4 P3 LN,16540.0,0.0,16540.0,missing_in_erp,26136.0,-9596.0,0,
PR0021,PAPER REEL SIZE 35 (F & SF),3480.0,19931.0,-16451.0,diff,0,-125576.0,0,3351
STK010,STICKER BAHAR DISHWASH LIQUID 500ML,16000.0,0.0,16000.0,missing_in_erp,0,16000.0,0,
BT007,EMPTY OIL BOTTLE 170ML,15950.0,0.0,15950.0,missing_in_erp,0,-31513.0,0,
PR0012,PAPER REEL SIZE 28 (F & SF),9990.6,25928.0,-15937.4,diff,179.0,-277043.4,0,3342
RM0020,STARCH PACKAGES (3431),-5750.0,9900.0,-15650.0,diff,0,-79700.0,0,5181
PMF019,MERCEDES P/F ROD UNIVERSEL C4 P3,-36507.0,-20864.0,-15643.0,diff,40523.0,10931.0,0,3109
PKS272,RAHIM GHEE 1KG*16,-15857.0,-330.0,-15527.0,diff,156311.0,-99745.0,0,2957
PSS102,LASHKARA NO.35 GREEN C2 P3 LN,-7515.0,7515.0,-15030.0,diff,77381.0,-83896.0,0,4034
BT0013,BAHAR TOILET CLEANER CAP 250/500ML,15000.0,0.0,15000.0,missing_in_erp,0,-17500.0,0,
PP0066,TOWER DETERGENT EMPTY PP BAG 19*24,15000.0,0.0,15000.0,missing_in_erp,0,-1200.0,0,
PKS322,HAPPY LUNDRY BAR 48 TIKKI P3,14986.0,0.0,14986.0,missing_in_erp,14986.0,0,0,
PPK003,PAK FARM EGG DIBBI C4 P3 LY,-21126.0,-6164.0,-14962.0,diff,0,0,0,3330
DT1037,LASHKARA DETERGENT 1000/12,-3107.0,-18009.0,14902.0,diff,82416.0,-11125.0,0,775
PKS006,LASHKARA DETERGENT 55/72 CTN C4 P3 LN,14801.0,0.0,14801.0,missing_in_erp,82403.0,-249.0,67253.0,
PKS009,RING DISHWASH 120/36 CTN C4 P3 LN,14782.0,0.0,14782.0,missing_in_erp,48462.0,-33655.0,0,
RM0039,SALT POWDER,-14615.0,0.0,-14615.0,diff,0,-550500.592,98434.408,5200
PMF020,MERCEDES P/F BASE UNIVERSEL C4 P3,-33046.0,-18954.0,-14092.0,diff,41606.0,11732.0,0,3110
PWF003,KIRAN SOAP 5KG KHAKI C1 P3 40 CAKE,-36704.0,-22638.0,-14066.0,diff,94596.0,-50681.0,0,4579
PSS089,LASHKARA NO.021 C2 P3 LN,-6977.0,6977.0,-13954.0,diff,45582.0,-52559.0,0,4021
PWF004,"KIRAN SOAP 20 CAKES,5KG C2 P3 LN",-28755.0,-14993.0,-13762.0,diff,96120.0,-52595.0,0,4580
PP0079,EMPTY BAG SAFA DETERGENT 1KG,13600.0,0.0,13600.0,missing_in_erp,0,0,0,
PIS011,INSAAF SALT KHAKI C4 P5 LN (NEW SIZE 600  GRAM),-20721.0,-7124.0,-13597.0,diff,14563.0,2880.0,0,2818
PSS045,TRAIN NO.011 C2 P3 LN,-6623.0,6623.0,-13246.0,diff,46516.0,-51286.0,0,3977
PP0023,SAFA EMPTY BAG 5KG,28117.0,14890.0,13227.0,diff,0,-21610.0,0,3182
PAC067,A.H SAUCER PACKING SADA,-18885.0,-5669.0,-13216.0,diff,28618.0,9348.0,0,1822
BT0003,GREEN BOTTLE CAP 35-GRM,13000.0,0.0,13000.0,missing_in_erp,0,-35150.0,0,
RAP036,TRAIN EMPTY BAG 10KG,-6500.0,6500.0,-13000.0,diff,0,21671.0,109614.0,4635
PP0006,RAHIL 20KG EMPTY BAG,-380.0,12500.0,-12880.0,diff,0,24814.0,66437.0,3165
PPC001,PUNJAB COOKING OIL 12 PCS 1Ltr,-12821.0,0.0,-12821.0,diff,372003.0,-214519.0,0,3273
PP0043,Rahil Empty Bag 2kg,12800.0,0.0,12800.0,missing_in_erp,0,-2550.0,0,
DW1001,TRAIN DISHWASH 55/72,-17766.0,-5142.0,-12624.0,diff,356986.0,-280916.0,0,1260
PP0042,TRAIN EMPTY BAG 10KG+2TIKKI,41725.0,29125.0,12600.0,diff,0,-23600.0,0,3201
PKS313,TRAIN DISHWASH 180/24PCS,12515.0,0.0,12515.0,missing_in_erp,15496.0,-2956.0,0,
PWF002,KIRAN SOAP 7KG KHAKI C1 P3,-25647.0,-13267.0,-12380.0,diff,68963.0,-23961.0,0,4578
PP0072,EMPTY BAG BOSTAN DETERGENT 10KGS,12357.71,0.0,12357.71,missing_in_erp,0,0,0,
RM106,ADHESIVE WATER BASE,-7435.766,4660.0,-12095.766,diff,0,-54688.0,41.766,5270
PGF010,GUJRAT CEILING BLADE UNIVERSAL BOX C4 P3 LN,-17331.0,-5256.0,-12075.0,diff,21014.0,-18801.0,0,2668
PP0025,RASHID EMPTY BAG 10KG,-4000.0,8000.0,-12000.0,diff,0,-14480.0,0,3184
PP0039,BACHAT PP BAGS EMPTY,-6000.0,6000.0,-12000.0,diff,0,-8500.0,0,3198
STK008,STICKER RAHIL DISHWASH LIQUID 500ML,12000.0,0.0,12000.0,missing_in_erp,0,12000.0,0,
STK011,STIKCER ZORO DISHWASH LIQUID 500ML,12000.0,0.0,12000.0,missing_in_erp,0,12000.0,0,
PSS083,LASHKARA NO.0013 C2 P3 LN,-5998.0,5998.0,-11996.0,diff,34993.0,-40991.0,0,4015
PFR006,AL FIRDOUS VERMICELLI KHAKI C2 P5 LN,-16837.0,-4857.0,-11980.0,diff,27885.0,2237.0,0,2550
PGB009,KOLI DIBBI KHAKI SADA P3,-11912.0,0.0,-11912.0,missing_in_erp,24748.0,7941.0,0,
PMF009,MERCEDES CEILING BODY JUPITER MODEL P5 C4 LY,-39378.0,-27491.0,-11887.0,diff,39574.0,8785.0,0,3099
PSS182,HIKMAT A DIY B-40 C1 P3 LN,-5938.0,5938.0,-11876.0,diff,0,-5938.0,0,4114
PR0008,PAPER REEL SIZE 29 (F & SF),9400.2,21223.0,-11822.8,diff,119.0,-109522.8,0,3338
PSM017,HARMOHNY FRUTI SOAP LEMON 72PCS C4 P3 LN,-19708.0,-7961.0,-11747.0,diff,57120.0,-41039.0,0,3608
RM301,PREFORM BOTTLE 33GRAM,11520.0,0.0,11520.0,missing_in_erp,0,0,0,
DT2023,TRAIN DETERGENT PLANT 320/12 10AD,-13576.0,-2159.0,-11417.0,diff,95180.0,-69377.0,0,866
PWF001,KIRAN SOAP 6KG KHAKI C1 P3,-17395.0,-6024.0,-11371.0,diff,30334.0,-7526.0,0,4577
PGH003,CEILING BLADE UNIVERSAL LARGE KHAKI C2 P3,-51122.0,-39753.0,-11369.0,diff,32388.0,0,0,2694
PP0027,BAHAR DETERGENT EMPTY BAG 5KG,11280.0,0.0,11280.0,missing_in_erp,0,-8870.0,0,
PSS098,LASHKARA 150/40 NO.31 C2 P3 LN,-5596.0,5596.0,-11192.0,diff,5695.0,-11291.0,0,4030
PP0069,TOWER DETERGENT EMPTY BAG 10KG,11150.0,0.0,11150.0,missing_in_erp,0,-267.0,0,
PSM009,VANEEZA FRUTI SOAP LEMON 72PCS C4 P3 LN,-5193.0,5935.0,-11128.0,diff,74473.0,-71373.0,0,3600
DT1026,LASHKARA DETERGENT 300/24,-2459.0,-13540.0,11081.0,diff,39879.025,1305.6,0,764
PP0004,MOMIN 20KG EMPTY BAG,12520.57,1500.0,11020.57,diff,0,-8109.0,2451.0,3163
PKS026,TRAIN DETERGENT 500/24 CTN C2 P5 LN,11017.0,0.0,11017.0,missing_in_erp,12585.0,70297.5,77375.5,
STK003,STICKER BRILLO DISHWASH LIQUID ORANGE,10980.0,0.0,10980.0,missing_in_erp,0,-4620.0,0,
PR0006,PAPER REEL SIZE 32 (F & SF),-428.4,10530.0,-10958.4,diff,53.0,-186084.4,0,3336
DT2036,TRAIN DETERGENT 4KG 7A.D,-25791.0,-36740.0,10949.0,diff,148950.0,-32307.0,0,879
PKS072,TRAIN 120 PACK KHAKI C1 P5 LN,10940.0,0.0,10940.0,missing_in_erp,24872.0,-13932.0,0,
PGB026,SMALL BOWL DIBBI KHAKI SADA P3,-10845.0,0.0,-10845.0,missing_in_erp,6009.0,0,0,
PIS002,MMC SALT CRTN KHAKI 800GRAM C4 P5 LN,-12085.0,-1270.0,-10815.0,diff,50143.0,-32924.0,0,2809
PGB020,LEMON SHAPE SAUCER PACKING SADA P3,-10801.0,0.0,-10801.0,missing_in_erp,20859.0,1913.0,0,
DT3008,DETERGENT 13 AD,-10778.0,0.0,-10778.0,diff,1106575.0,-1103661.0,0,944
PKS266,RAHIM GHEE 900/16 CTN C4 P5 LN,-10766.0,0.0,-10766.0,missing_in_erp,27643.0,51853.0,0,
PSR121,SERVIS CHEETA 320*215*120 TOP+BOTTOM LM,10723.0,0.0,10723.0,missing_in_erp,143923.0,0,0,
PR0017,PAPER REEL SIZE 26 (F & SF),9401.0,20083.0,-10682.0,diff,202.0,-245701.0,0,3347
BT009,NOZAL+CAP BACHAT TOILET CLEANER,130600.0,120000.0,10600.0,diff,0,2600.0,0,121
PP0047,EMPTY LASHKARA DETERGENT BAG 3KG,10560.0,0.0,10560.0,missing_in_erp,0,-4650.0,0,
PGF007,GUJRAT CEILING BODY GREEN BOX C4 P5 LY,-9601.0,923.0,-10524.0,diff,26834.0,-20671.0,0,2665
PSS040,TRAIN SANDALI NO.2 150/40 C3 P3 LN,-5256.0,5256.0,-10512.0,diff,13092.0,-18348.0,0,3972
PSR030,CARTON 5-PLY 740*450*335MM SERVIS LOGO,-12417.24,-1985.0,-10432.24,diff,34821.0,-11784.0,0,3746
PHA008,STAR LEMON LONGBAR 36 TIKKI KHAKI C2 P3,10359.0,0.0,10359.0,missing_in_erp,11862.0,-2503.0,0,
PIS005,PAKEEZA SALT KHAKI 800GRAM C4 P5 LN,-19440.15,-9121.0,-10319.15,diff,32101.0,7223.0,0,2812
RAP039,TRAIN EMPTY BAG 20KG,-10200.0,100.0,-10300.0,diff,0,48883.0,99991.0,4638
PKS097,JAGMAG DETERGENT 24 pcs KHAKI C1 P5 LN,10283.0,0.0,10283.0,missing_in_erp,11154.0,-856.0,0,
PP0016,SAFA DETERGENT EMPTY BAG 10KG,15199.98,5000.0,10199.98,diff,139.98,-68149.0,0,3175
PLG007,MARJINA SOAP C3 P3,-20934.0,-10750.0,-10184.0,diff,47544.0,1988.0,0,3037
PSS147,TOOR NAROL 20 TIKKI C2 P3 LN,-5038.0,5038.0,-10076.0,diff,11159.0,-16197.0,0,4079
PP0002,DETERGENT PACKING 10 KG,10000.0,0.0,10000.0,missing_in_erp,0,10000.0,0,
PP0019,LASHKARA PP BAG 18*29,10000.0,0.0,10000.0,missing_in_erp,0,-8200.0,0,
PP0035,BAHAR EMPTY PP BAG 19/31,10000.0,0.0,10000.0,missing_in_erp,0,-4570.0,0,
PP0080,TOWER EMPTY BAG RS.100 (18*25) C4 PRINTED,10000.0,0.0,10000.0,missing_in_erp,0,0,0,
RM0063,CLAY,-10000.0,0.0,-10000.0,diff,0,-67910.0,0,5225
RM105,PP CALCITE,10000.0,0.0,10000.0,missing_in_erp,0,-1000.0,0,
STK009,STICKER ARGHAWAN DISHWASH LIQUID 500ML,10000.0,0.0,10000.0,missing_in_erp,0,10000.0,0,
PPC009,PUNJAB BANASPATI 1/4KG 48PACK,-9849.0,0.0,-9849.0,diff,78861.0,-50686.0,0,3281
PP0024,RASHID EMPTY BAG 20KG,-800.0,9000.0,-9800.0,diff,0,-9044.0,0,3183
PBB070,BOX BOARD 34*28 230 GRAM,-9773.99,0.0,-9773.99,diff,0,-52502.97,0,2001
PPC007,PUNJAB BANASPATI 1/4KG*64 PACK,-9712.0,0.0,-9712.0,missing_in_erp,35772.0,-20268.0,0,
PAC087,FOAM SHEET 6*6,-9700.0,0.0,-9700.0,missing_in_erp,0,0,0,
PIS009,HIMALAYA SALT 800 GRAM C4 P5,-18737.0,-9052.0,-9685.0,diff,21450.0,11471.0,0,2816
PKS267,Fuel Tank CTN P5 Khaki,-9588.0,0.0,-9588.0,missing_in_erp,21449.0,-7817.0,0,
PSS082,LASHKARA BROWN CHAKOR NO.113 C3 P3 LN,-4789.0,4789.0,-9578.0,diff,62667.0,-67456.0,0,4014
PSS162,BILAL 40 TIKKI C2 P3 LN (New Size),-4784.0,4784.0,-9568.0,diff,17271.0,-22055.0,0,4094
HLB001,HAPPY LAUNDRY BAR 190/48,-128.0,-9560.0,9432.0,diff,40727.21,0,0,1397
STK006,STICKER HAPPY DISHWASH LIQUID LEMON,9400.0,0.0,9400.0,missing_in_erp,0,-3800.0,0,
PGB019,LEMON SHAPE CUP SAUCER DIBBI C4 P3,-9364.0,0.0,-9364.0,missing_in_erp,4896.0,5663.0,0,
PMF016,MERCEDES PEDISTAL BODY 24'' BLUE  P5 C4 LY,-27130.0,-17774.0,-9356.0,diff,15807.0,5997.0,0,3106
PSS085,LASHKARA 170/40 NO.15 C2 P3 LN,-4674.0,4674.0,-9348.0,diff,14837.0,-19511.0,0,4017
WHP002,PHOOL COOKIING OIL 900ML*12PAC,-9276.0,0.0,-9276.0,missing_in_erp,9270.0,13161.0,0,
BT0010,LIQUID EMPTY BOTTLE 5KG,9270.0,0.0,9270.0,missing_in_erp,0,-4500.0,0,
HLB003,HAPPY LAUNDRY BAR 150/48 (SINDH),-2963.0,-12210.0,9247.0,diff,6757.0,0,0,1399
DW1002,TRAIN DISHWASH 80/36,-112729.0,-121966.0,9237.0,diff,1447988.33,-811519.0,0,1261
PFR001,AL FIRDOUS SALT C4 P5 LN,-18453.0,-9244.0,-9209.0,diff,80991.0,-52848.0,0,2545
PSM019,HARMONHY FRUTI SOAP LEMON 48PCS C4 P3 LN,-16145.0,-6996.0,-9149.0,diff,56271.0,-42999.0,0,3610
PSS109,LASHKARA NO.45 C2 P3 LN,-4536.0,4536.0,-9072.0,diff,59240.0,-63776.0,0,4041
RM146,EMPTY BOTTLE BRILLO TOILET CLEANER 500ML,-9010.0,0.0,-9010.0,missing_in_erp,0,-9010.0,0,
PSS117,LASHKARA NO. 49 200/36 C2 P3 LN,-4504.0,4504.0,-9008.0,diff,34533.0,-39037.0,0,4049
PP0065,TOWER DETERGENT EMPTY PP BAG 19*26,9000.0,0.0,9000.0,missing_in_erp,0,-480.0,0,
PKF003,MIX FLAVORS CHEW 1*18*200,-8891.0,0.0,-8891.0,missing_in_erp,18730.0,7456.0,0,
PIS010,HIMALAYA SALT 600GRAM (NEW SIZE) C4 P5,-14806.0,-5926.0,-8880.0,diff,22387.0,12370.0,0,2817
PAC002,A.H CUP & SAUCER 6 PIECE BLUE SMALL BOX C4 P3 LY,-4433.0,4433.0,-8866.0,diff,15627.0,-20060.0,0,1757
PR0010,PAPER REEL SIZE 27 (F & SF),10335.9,19192.0,-8856.1,diff,0,-245864.1,0,3340
PAS005,AS CUP SAUCER DIBI NO.4 C4 P3,-12797.0,-3984.0,-8813.0,diff,29608.0,11909.0,0,1917
PP037,TRAIN PP BAG 5KG,8780.0,0.0,8780.0,missing_in_erp,0,-8482.0,0,
PSS124,LASHKARA NO.138 C2 P3 LN,-4315.0,4315.0,-8630.0,diff,28602.0,-31907.0,0,4056
PP0073,EMPTY BAG BOSTAN DETERGENT 20KGS,8443.69,0.0,8443.69,missing_in_erp,0,0,0,
BT0004,BRILLO BOTTLE 475ML,8400.0,0.0,8400.0,diff,0,-37561.0,0,109
PP0033,RAHIL PP BAG 18*29,-4200.0,4200.0,-8400.0,diff,0,-14760.0,0,3192
PAC069,A.H CUP PACKING SADA,-16389.0,-8019.0,-8370.0,diff,32603.0,7113.0,0,1824
PTF007,"TARANUM SOLAR PEDISTAL BODY 18"" BOX C4 P5 LY",-14686.0,-6353.0,-8333.0,diff,8496.0,-6659.0,0,4531
PAC027,A.H CUP  & SAUCER NO.4 BOLAN DIBBI 6PCS NEW C4 P3,-26164.0,-17837.0,-8327.0,diff,22459.0,-16014.0,0,1782
DW5003,PUNJAB DISHWASH 80/36,-7308.0,-15579.0,8271.0,diff,96621.0,-35333.0,0,1325
PKS042,TRAIN DETERGENT 12 PACK C1 P5 LN,8198.0,0.0,8198.0,missing_in_erp,10038.0,-1800.0,0,
PKS010,TAIGON DISHWASH 260/36 CTN C4 P3 LN,-4090.0,4090.0,-8180.0,diff,990.0,-5080.0,0,2849
STK007,STICKER HAPPY DISHWASH LIQUID 5KG,8180.0,0.0,8180.0,missing_in_erp,0,-1420.0,0,
PKS323,SKY WASH 1KG/12,8080.0,0.0,8080.0,missing_in_erp,8100.0,0,0,
PSS030,TRAIN BLUE 13KG C4 P3 LN,-4036.0,4036.0,-8072.0,diff,8138.0,-12174.0,0,3962
PP0070,BAHARAN DETERGENT EMPTY BAG 10KG,8065.0,0.0,8065.0,missing_in_erp,0,-8210.0,0,
STK002,STICKER BRILLO TOILET CLEANER 500ML,8000.0,0.0,8000.0,missing_in_erp,0,-10000.0,0,
PAC085,HAMZA CUP SAUCER DIBBI 9&10 C4 P3,-9994.0,-2000.0,-7994.0,diff,15271.0,0,0,1840
PTF009,"TARANUM SOLAR PEDISTAL BASE18"" BOX C4 P3 LN",-14710.0,-6716.0,-7994.0,diff,3623.0,-7124.0,0,4533
PTF008,"TARANUM SOLAR PEDISTAL ROD 18"" BOX C4 P3 LN",-13591.0,-5599.0,-7992.0,diff,2733.0,-6234.0,0,4532
DT9008,JAGMAG DETERGENT 4KG 13A.D,-13047.0,-21028.0,7981.0,diff,84901.0,-25820.0,0,1100
PAC090,AH CUP SAUCER DIBBI 9*10 C4 P3 LY,-25566.0,-17650.0,-7916.0,diff,11982.0,0,0,1845
PAC005,A.H CUP & SAUCER 4 DOZAN MASTER BOX C1 P3 LN,10496.0,2742.0,7754.0,diff,22775.0,-12279.0,0,1760
PAC003,A.H CUP & SAUCER 6 PIECE BROWN SMALL BOX C4 P3 (without LM),-3848.0,3848.0,-7696.0,diff,21930.0,-25778.0,0,1758
PKS268,RAHIM GHEE 450/32 CTN C4 P5 LN,-7687.0,0.0,-7687.0,missing_in_erp,81285.0,-59515.0,0,
DT2029,TRAIN DETERGENT 10KG PLANT 7AD + 2TIKKI,-9644.0,-17328.0,7684.0,diff,111492.0,-26981.0,0,872
PAC070,A.H TEA SET 14 PCS CODE NO.2 C4 P3 LY,-13198.0,-5567.0,-7631.0,diff,7354.0,2042.0,0,1825
PET001,PET SIZE 720MM 12 MICRON,-2566.87,5062.65,-7629.52,diff,0,-28042.42,0,2455
PP0068,TOWER DETERGENT EMPTY BAG 20KG,7600.0,0.0,7600.0,missing_in_erp,0,-3359.0,0,
PPD035,MUG DIBBI SADA KHAKI P3,-16812.0,-9254.0,-7558.0,diff,0,0,0,3324
PMF017,MERCEDES CEILLING BODY AC/DC (UNIQUE MODEL) C4 P5 LY,-32010.0,-24457.0,-7553.0,diff,15967.0,6830.0,0,3107
PSS101,LASHKARA NO.34 C2 P3 LN,-3715.0,3715.0,-7430.0,diff,54042.0,-57757.0,0,4033
PR0039,PAPER REEL SIZE 38.5 (F & SF),-7400.0,0.0,-7400.0,diff,0,-8824.0,0,3369
PSS178,POWER 40 TIKKI C1 P3 LN,-3690.0,3690.0,-7380.0,diff,513.0,-4203.0,0,4110
PIC,ICE CREAM CN P3 LN,-3688.0,3688.0,-7376.0,diff,38557.0,-42245.0,0,2781
PPD036,MUG DIBBI LARGE KHAKI C1 P3,-11793.0,-4423.0,-7370.0,diff,0,0,0,3325
PAC091,WESTIN CUP & SAUCER DIBBI 9&10 C4 P3 LY,-15068.0,-7712.0,-7356.0,diff,8787.0,0,0,1846
PAC001,A.H CUP & SAUCER 6 PIECE RED SMALL BOX C4 P3 LY,-3518.0,3834.0,-7352.0,diff,7022.0,-10448.0,0,1756
PSS036,TRAIN SPECIAL 4 PACK 10KG 026 (BAIZAY WALA) C4 P3 LN,-3599.0,3599.0,-7198.0,diff,43252.0,-46851.0,0,3968
PSS121,RING SOAP NO.65 C2 P3 LN,-3589.0,3589.0,-7178.0,diff,8114.0,-11703.0,0,4053
PKS082,JAGMAG DETERGENT 1000/12 KHAKI C1 P5 LN,7134.0,0.0,7134.0,missing_in_erp,10328.0,-3129.0,0,
RAP343,HAPPY REFINED IODIZED SALT 1KG BAG,-7108.111,0.0,-7108.111,diff,18467.12,0,25575.231,4937
PAS008,A.S MUG PETI KHAKI C1 P5,-13090.0,-5989.0,-7101.0,diff,7144.0,1960.0,0,1920
PKS079,SAGA DISH 75/36 C4 P3 LN,7065.0,0.0,7065.0,missing_in_erp,18212.0,-11147.0,0,
PSS159,NASEEM TRANSPARENT 40 TIKKI C1 P3 LN,-3531.0,3531.0,-7062.0,diff,5341.0,-8872.0,0,4091
PSS156,CC SANDALI 200/40 NO. 20 C2 P3 LN,-3504.0,3504.0,-7008.0,diff,1514.0,-5018.0,0,4088
PSS038,TRAIN 40 TIKKI 059 C2 P3 LN,-3493.0,3493.0,-6986.0,diff,26051.0,-29544.0,0,3970
PPC006,PUNJAB BANASPATI 24 PCS 1/2KG,-6970.0,0.0,-6970.0,diff,63468.0,-36937.0,0,3278
RM098,IPA,-2626.0,4335.0,-6961.0,diff,0,-26115.0,0,5262
PPD004,P.D BONE CHINA CUP & SAUCER DIBBI (BLACK) C2 P3 LM,-9095.0,-2135.0,-6960.0,diff,40737.0,-21426.0,0,3294
RM0053,SODIUM PER CARBONATE,-6950.288,0.0,-6950.288,diff,0,-6227.653,6789.635,5215
PAC083,HAMZA TEA SET CTN 14PCS C4 P3 LY,-7713.0,-833.0,-6880.0,diff,3737.0,0,0,1838
PSS084,LASHKARA BROWN CHAKOR NO.14 C2 P3 LN,-3428.0,3428.0,-6856.0,diff,3494.0,-6922.0,0,4016
PAC093,WESTIN CUP & SAUCER DIBBI BOLAN C4 P3 LY,-11248.0,-4410.0,-6838.0,diff,7360.0,0,0,1848
PAC038,"CUP & SAUCER DIBBI # 9,10 LARGE C4 P3 LN",-6769.0,0.0,-6769.0,missing_in_erp,44177.0,-27151.0,0,
PSS035,TRAIN CHOCOLATE 024 C3 P3 LN,-3382.0,3382.0,-6764.0,diff,6184.0,-9566.0,0,3967
RM229,FRAGNANCE MAX 02,-6657.052,0.0,-6657.052,diff,0,-200.0,8532.052,5393
PSS001,TAZGI FRUTI SOAP LEMON 48 PCS C4 P3 LN,-3322.0,3322.0,-6644.0,diff,18454.0,-21776.0,0,3880
RM305,FRAGNANCE LEMON MAX,6549.8,0.0,6549.8,diff,0,0,0,5469
LDM043,LD NATURAL SHEET 765MM 30 MICRON,242.0,6772.8,-6530.8,diff,0,-12873.5,0,1451
PR0080,PAPER REEL SIZE 27 (CMP),-5099.0,1390.0,-6489.0,diff,0,-9365.0,0,3410
PGB004,PAKISTANI JUICER DIBBI KHAKI SADA P3,-6447.0,0.0,-6447.0,missing_in_erp,18758.0,6208.0,0,
PST009,WRAPPER POLY FILM 2.25/2.50-17 BUTYL TUBE BAG,-6414.039,0.0,-6414.039,diff,2951.731,-2108.47,0,4510
PSS173,RING DIY NO. L 35 SINDH C2 P3 LN,-3203.0,3203.0,-6406.0,diff,74462.0,-76661.0,0,4105
PGB007,MUG CHINA JUICER DIBBI EXPORT KHAKI P5,6405.0,0.0,6405.0,missing_in_erp,8650.0,3971.0,0,
PAC012,A.H MUG 6 PIECE KHAKI BOX C1 P3 LN,-1692.0,4692.0,-6384.0,diff,196880.0,-190603.0,0,1767
PP0003,MOMIN 10KG EMPTY BAG,8381.21,2000.0,6381.21,diff,0,-5815.0,4135.0,3162
PAC021,A.H CUP & SAUCER 6 PIECE 9&10 NO KHAKI DIBBI CN P3 LN,-3184.0,3184.0,-6368.0,diff,8888.0,-12072.0,0,1776
RM0040,FRAGNANCE ADVENTURE (512),6325.78,0.0,6325.78,diff,0,-13231.159,13243.061,5201
RM140,MIX CHEMICAL FOR GRAVEIR,-6315.704,0.0,-6315.704,diff,0,-6572.0,36.704,5304
LDM046,LD MILKY SHEET 720MM 100 MICRON,-158.05,6095.15,-6253.2,diff,0,-35596.69,0,1454
PKS002,TRAIN DISHWASH 60/36 C4 P3 LN,7054.0,896.0,6158.0,diff,110416.0,-103262.0,0,2841
PKS063,TRAIN LONG BAR 24 TIKKI C2 P3 LN,6147.0,0.0,6147.0,missing_in_erp,13961.0,-7814.0,0,
DW2001,RING DISHWASH GOLA 80/36,-3064.0,3064.0,-6128.0,diff,123404.0,-121189.0,0,1284
PSR130,SERVIS TOP+BOTTOM 320*215*120,-6100.0,0.0,-6100.0,missing_in_erp,4600.0,0,0,
PTF005,TARANUM PEDISTAL ROD BLUE BOX C4 P3 LN,-3568.0,2515.0,-6083.0,diff,18365.0,-14600.0,0,4529
PTF001,"TARANUM PEDISTAL BODY 24"" BLUE BOX C4 P5 LY",-3531.0,2543.0,-6074.0,diff,12455.0,-14535.0,0,4525
DT3022,DETERGENT 22A.D,-27900.0,-33960.0,6060.0,diff,8045.0,-1940.0,0,958
PP0032,TRAIN PP BAG (PRINTED),2000.0,8000.0,-6000.0,diff,0,-24000.0,0,3191
PP0041,TRAIN EMPTY BAG 10KG (PESHAWAR QUAILTY),-3000.0,3000.0,-6000.0,diff,0,-3000.0,0,3200
PSS168,CC SMALL 8 KG C2 P3 LN,-3000.0,3000.0,-6000.0,diff,5155.0,-8155.0,0,4100
PSS160,NASEEM 40 TIKKI C1 P3 LN,-2996.0,2996.0,-5992.0,diff,11033.0,-14029.0,0,4092
PAC019,A.H CUP & SAUCER 6 PIECE MEDIUM KHAKI BOX CN P3 LN,-2973.0,2973.0,-5946.0,diff,25496.0,-28469.0,0,1774
PKS086,ISLAMABAD COOKING OIL 900ML C4 P3,5894.0,0.0,5894.0,missing_in_erp,39071.0,-33177.0,0,
PAC074,A.H TEA SET 14 PCS CODE NO.1 C4 P3 LY,-5860.0,0.0,-5860.0,missing_in_erp,7274.0,3003.0,0,
PSS132,LASHKARA 4 PACK 10 KG C2 P3 LN,-2916.0,2916.0,-5832.0,diff,11396.0,-14312.0,0,4064
PSS150,CC LARGE C2 P5 LN,-2901.0,2901.0,-5802.0,diff,12351.0,-15252.0,0,4082
PGF005,GUJRAT PEDISTAL BASE GREEN C4 P3 LN,-3516.0,2266.0,-5782.0,diff,8786.0,-7975.0,0,2663
PGH005,GHOUSIA MARVEL CEILLING BODY C4 P5 LY,-29840.0,-24063.0,-5777.0,diff,18441.0,0,0,2696
RM00193,SPECKLES BLUE,-5754.474,0.0,-5754.474,diff,0,-96090.064,54630.372,5175
PKS270,RAHIM GHEE 200/64 CTN C4 P5 LN,-5748.0,0.0,-5748.0,missing_in_erp,9076.0,-2880.0,0,
PPD016,P.D CUP & SAUCER DIBBI 6 PCS JAAM C4 P3 LY,-5728.0,0.0,-5728.0,missing_in_erp,10257.0,192.0,0,
PR0018,PAPER REEL SIZE 34 (F & SF),10250.0,15958.0,-5708.0,diff,0,-176883.4,0,3348
DT2020,TRAIN DETERGENT 1000/12 10AD,-5767.784,-11459.0,5691.216,diff,50340.0,4656.8,0,863
PTF003,TARANUM PEDISTAL BASE BLUE BOX C4 P3 LN,-3316.0,2353.0,-5669.0,diff,19001.0,-15059.0,0,4527
PSS149,PUNJAB DARJA AWAL 40 TIKKI C4 P3 LN,-2825.0,2825.0,-5650.0,diff,28997.0,-31822.0,0,4081
STK014,STICKER SAGA DISHWASH LIQUID 500ML ORGANGE,5620.0,0.0,5620.0,missing_in_erp,0,5620.0,0,
PGH008,GHOUSIA PEDISTAL BASE C4 P3,-6770.0,-1151.0,-5619.0,diff,4789.0,0,0,2699
DW1014,TRAIN DISHWASH 110/36,0.0,-5610.0,5610.0,diff,6261.0,-651.0,0,1270
DW5001,PUNJAB DISHWASH 55/36,-415.0,-5966.0,5551.0,diff,306751.0,-230545.0,0,1323
PKS031,BRILLO DISHWASH 204/48 CTN C4 P3 LN,5537.0,0.0,5537.0,missing_in_erp,46067.0,-40530.0,0,
PSR117,CARTON BP JACKET 5PLY 24*6.5*24 SERVIS  LOGO,-9014.0,-3500.0,-5514.0,diff,2766.0,0,0,3832
DT1080,LASHKARA DETERGENT 150/48,-775.0,-6215.0,5440.0,diff,5384.0,0,0,818
PMF001,MERCEDEZ BLADE BOX SMALL 10IN1 C2 P5 LN,-8468.0,-3065.0,-5403.0,diff,10438.0,-1690.0,0,3091
PP0029,STAR EMPTY BAG 5KG,-2700.0,2700.0,-5400.0,diff,0,-21013.0,0,3188
RM190,FRAGNANCE ROSE,2409.8,-2990.0,5399.8,diff,0,-100.0,0,5354
PSM034,VANIZA BEAUTY SOAP 48PCS KHAKI NEW SIZE C1 P5 LN,-5388.0,0.0,-5388.0,missing_in_erp,9428.0,0,0,
PGB042,MUG SHAPE SAUCER PACKING SADA P3,-5359.0,0.0,-5359.0,missing_in_erp,6254.0,0,0,
PST017,CTN 5-PLY CHEETA MOTORCYCLE BUTYL TUBE 335*305*355,-12166.0,-6838.0,-5328.0,diff,0,0,0,4518
STK013,STICKER SAGA DISHWASH LIQUID 500ML LEMON,5320.0,0.0,5320.0,missing_in_erp,0,5320.0,0,
PKS070,TRAIN 24 PACK KHAKI C1 P5 LN,5296.0,0.0,5296.0,missing_in_erp,14995.0,-9699.0,0,
PKS055,BAHAR RAPESEED OIL C4 P3 LN,5279.0,0.0,5279.0,missing_in_erp,21210.0,-15931.0,0,
LDM251,LD MILKY SHEET 640MM 90 MICRON,4446.9,9709.8,-5262.9,diff,0,-5262.9,0,1659
DW2006,RING DISHWASH 80/36,-709.0,-5949.0,5240.0,diff,44373.0,-7803.0,0,1289
PGF001,GUJRAT PEDISTAL BODY GREEN BOX C4 P5 LY,-4374.0,850.0,-5224.0,diff,8808.0,-8433.0,0,2659
PGF003,GUJRAT PEDISTAL ROD GREEN C4 P3 LN,-3046.0,2102.0,-5148.0,diff,8144.0,-7169.0,0,2661
PAC068,A.H TEA POT PACKING SADA,-12833.0,-7702.0,-5131.0,diff,36942.0,7436.0,0,1823
PES003,SAGE SHOES BOX 265*165*100,-5129.0,0.0,-5129.0,missing_in_erp,0,0,0,
PSS141,TRAIN RED C-142 C2 P3 LN,-2559.0,2559.0,-5118.0,diff,11371.0,-13930.0,0,4073
PAC072,SUPER BONE CHINA CUP SAUCER DIBBI 9&10 BLUE C4 P3 LY,-17359.0,-12244.0,-5115.0,diff,13960.0,4803.0,0,1827
PIS003,INSAAF SALT KHAKI 800GRAM C4 P5 LN,-14244.0,-9129.0,-5115.0,diff,79775.0,-41425.0,0,2810
PR0126,PAPER REEL SIZE 28 (CMP),6504.0,1415.0,5089.0,diff,0,-16901.0,0,3455
RM0059,TSP,4166.281,-900.0,5066.281,diff,0,-66450.0,433.719,5221
PMF024,MERCEDEZ CEILING BODY AC/DC BLUE NEW,-5063.0,0.0,-5063.0,missing_in_erp,3374.0,0,0,
MZF001,MZF 100/200 GRAM PIECES PACK C4 P5 LN,-7254.0,-2195.0,-5059.0,diff,14091.0,-4330.0,0,1748
PAC079,SUPER BONE CHINA MUG DIBBI C3 P3 LY,-18766.0,-13715.0,-5051.0,diff,14735.0,4858.0,0,1834
STK012,STICKER BOXER DISHWASH LIQUID 500ML,5000.0,0.0,5000.0,missing_in_erp,0,5000.0,0,
PGH007,GHOUSIA PEDISTAL ROD C4 P3,-5725.0,-775.0,-4950.0,diff,5406.0,0,0,2698
PFR004,AL FIRDOUS VERMICELLI PREMIUM C2 P5,-9942.0,-4998.0,-4944.0,diff,19969.0,-8450.0,0,2548
PKS330,SADA CAKE BOX 3PLY KHAKI,-54144.0,-59079.0,4935.0,diff,21301.0,0,0,3008
PR0094,PAPER REEL SIZE 52 (TEST LINER),-4927.0,0.0,-4927.0,diff,0,-37918.0,0,3424
PMF003,MERCEDEZ PEDISTAL ROD  BOX 10IN1 C2 P5 LN,-7249.0,-2349.0,-4900.0,diff,5335.0,-2247.0,0,3093
PR0004,PAPER REEL SIZE 38 (F & SF),16244.2,21056.0,-4811.8,diff,0,-173860.8,0,3334
PET008,PET SIZE 640MM 12 MICRON,2242.86,7030.758,-4787.898,diff,0,-21716.27,0,2462
PAC004,A.H CUP & SAUCER 6 PIECE GREEN SMALL BOX C4 P3 LY,-2393.0,2393.0,-4786.0,diff,0,-2393.0,0,1759
PSS074,TRAIN MARKA SABOON GUARDER 20 TIKKI C2 P3 LN,-2388.0,2388.0,-4776.0,diff,5605.0,-8295.0,0,4006
PSM005,PAIRACON FRUTI SOAP LEMON 48PCS C4 P3 LN,-2382.0,2382.0,-4764.0,diff,30008.0,-28145.0,0,3596
DT2014,TRAIN DETERGENT 500/24  10A.D,-3525.575,-8275.0,4749.425,diff,30205.0,6188.3,0,857
PKS093,RING MINI LONG BAR DISHWASH 48 pcs C2 P3 LN,4685.0,0.0,4685.0,missing_in_erp,31716.0,-26931.0,0,
PAS006,AS CUP SAUCER M.CTN NO.4 C4 P3,4144.0,-500.0,4644.0,diff,9416.0,1486.0,0,1918
PKS059,TRAIN DETERGENT 200GRAM P3,4601.0,0.0,4601.0,missing_in_erp,18082.0,-13481.0,0,
PP0071,ARGHAWAN DETERGENT EMPTY BAG 4KG,9620.0,5020.0,4600.0,diff,0,-500.0,0,3230
DT1022,LASHKARA 4KG 10A.D+2TIKKI TRAIN,-8930.0,-4420.0,-4510.0,diff,41153.0,-28741.0,0,760
PAC076,SUPER BONE CHINA CUP SAUCER DIBI (BLACK) C 4 P 3LY,-9420.0,-4925.0,-4495.0,diff,4823.0,3714.0,0,1831
PBB238,BOX BOARD REEL SIZE 26,-2552.0,1890.0,-4442.0,diff,0,-30104.0,0,2167
PGB003,L.L SADIA MUG CTN 96 PCS KHAKI C1 P3,-7728.0,-3310.0,-4418.0,diff,2879.0,2409.0,0,2558
PSS142,TRAIN BLUE C-142 C2 P3 LN,-2196.0,2196.0,-4392.0,diff,9250.0,-11446.0,0,4074
PSS186,PUNJAB 4 PACK 10 KG C4 P3 LN,-2193.0,2193.0,-4386.0,diff,39682.0,-41875.0,0,4118
PSR129,SERVIS TOP+BOTTOM 320*175*120,-4350.0,0.0,-4350.0,missing_in_erp,950.0,0,0,
PBB210,BOX BOARD REEL SIZE 48,-2123.0,2218.0,-4341.0,diff,0,-52212.0,0,2139
PP0051,EMPTY BAG KAMIL 20KG,4310.0,0.0,4310.0,missing_in_erp,0,-222.0,0,
PR0095,PAPER REEL SIZE 51 (TEST LINER),4303.0,0.0,4303.0,diff,0,-89700.0,0,3425
PGF024,GUJRAT PEDESTAL BASE NEW BLUE C4 P3,-6931.0,-2635.0,-4296.0,diff,5732.0,-2021.0,0,2682
BT020,RED CAP EMPTY BOTTLE 5KG,4250.0,0.0,4250.0,missing_in_erp,0,0,0,
PSS183,BRILLO SOAP DIY L NO.65 C2 P3 LN,-2123.0,2123.0,-4246.0,diff,0,-2123.0,0,4115
PNT005,NISHAT TEA 5KG,-6276.0,-2065.0,-4211.0,diff,1024.0,381.0,0,3151
BT021,SEAL EMPTY BOTTLE 5KG,4200.0,0.0,4200.0,missing_in_erp,0,0,0,
DT3018,DISH LIQUID 14 AD,4199.96,0.0,4199.96,diff,22910.96,-18711.0,0,954
PGF006,GUJRAT PAK ASIA PEDISTAL BASE C4 P3 LN,-4168.0,29.0,-4197.0,diff,13756.0,-11985.0,0,2664
PGH006,GHOUSIA PEDISTAL BODY C4 P5 LY,-4173.0,0.0,-4173.0,missing_in_erp,7242.0,0,0,
DT1055,LASHKARA DETERGENT 200/24,-1004.0,-5158.0,4154.0,diff,336132.708,-55197.0,0,793
DT99936,SAGA DETERGENT 3.5KG,0.0,-4150.0,4150.0,diff,5180.0,0,0,1170
PBB222,BOX BOARD REEL SIZE 29,583.0,4732.0,-4149.0,diff,0,-8968.0,0,2151
PMA012,PURE VINEGAR 24 BOTTAL 500ML KHAKI C1 P5,-6224.0,-2079.0,-4145.0,diff,0,861.0,0,3062
PSS0011,VENUS SOAP 5KG (004)C2 P3,-5966.0,-10111.0,4145.0,diff,0,0,0,3882
PSS148,JUNGLE 16 KG NO.56 CC3 P3 LN,-2067.0,2067.0,-4134.0,diff,4255.0,-6322.0,0,4080
PAH001,SADA MUG DIBBI KHAKI P3,-4106.0,0.0,-4106.0,missing_in_erp,0,0,0,
PKS282,RAHIM GEE 500*32,-4084.0,0.0,-4084.0,missing_in_erp,31600.0,-12505.0,0,
PDF011,DECENT CEILING BLADE ANTEEK DECENT BOX C4 P3 LN,-2134.0,1934.0,-4068.0,diff,3778.0,-5549.0,0,2343
PGB064,PAKISTANI COFFEE MUG DIBBI KHAKI C1 P3,-4066.0,0.0,-4066.0,missing_in_erp,0,0,0,
PR0125,PAPER REEL SIZE 51 (CMP),-4065.0,0.0,-4065.0,diff,0,-74699.0,0,3454
PGF004,GUJRAT PAK ASIA PEDISTAL ROD C4 P3 LN,-4009.0,55.0,-4064.0,diff,12384.0,-10617.0,0,2662
PBB233,BOX BOARD 19*39 230 GRAM,-76.5,3969.0,-4045.5,diff,0,-13821.599,0,2162
PGF008,GUJRAT PAK ASIA CEILING BODY BOX C4 P5 LY,-4751.0,-721.0,-4030.0,diff,7965.0,-6759.0,0,2666
PSS020,TRAIN NAROL 792 C2 P3 LN,-2014.0,2014.0,-4028.0,diff,21460.0,-23474.0,0,3952
PR0065,PAPER REEL SIZE 48 (F & SF),27081.0,31108.0,-4027.0,diff,0,-291300.0,0,3395
PAS009,MFA CUP SAUCER DIBI NO.4 C4 P3,-4022.0,0.0,-4022.0,missing_in_erp,11622.0,3965.0,0,
RM276,FRAGNANCE ALMOND (243),4019.345,0.0,4019.345,diff,0,0,0,5440
PSS073,TRAIN ABDUL MANAN 90/40 C2 P3 LN,-2005.0,2005.0,-4010.0,diff,46720.0,-47511.0,0,4005
PSS129,LASHKARA NO. 804/51 C2 P3 LN,-2004.0,2004.0,-4008.0,diff,18890.0,-20894.0,0,4061
PKS332,HAPPY DETERGENT RS.50,4000.0,0.0,4000.0,missing_in_erp,4000.0,0,0,
PMT001,MAGNET TILE GRAOUT BOX CN P5 LN SADA,-2000.0,2000.0,-4000.0,diff,11978.0,-13978.0,0,3137
PP0031,LASHKARA PP BAG 19*24,4000.0,0.0,4000.0,missing_in_erp,0,-12560.0,0,
PKC010,GRAY'S POTTERY  CUP SAUCER DIBI 4CLR 3PLY,-3995.0,0.0,-3995.0,missing_in_erp,0,0,0,
PMA007,PURE VERMICELLI CTN C3 P5,-5997.0,-2008.0,-3989.0,diff,3633.0,-58.0,0,3057
PKC008,PORTLAND CUP SAUCER DIBI 4CLR 3PLY,-3986.0,0.0,-3986.0,missing_in_erp,0,0,0,
DW7001,TIGON DISHWASH 110/36,-1992.0,1992.0,-3984.0,diff,5.0,-1992.0,0,1329
PSS177,POWER 20 TIKKI C2 P3 LN,-1992.0,1992.0,-3984.0,diff,2469.0,-4461.0,0,4109
PSS057,TRAIN SARHAD 20 TIKKI C2 P3 LN,-1986.0,1986.0,-3972.0,diff,9395.0,-11381.0,0,3989
DT9997,SAGA DETERGENT 4KG,-5178.0,-9142.0,3964.0,diff,205399.0,-109293.0,0,1175
PSS004,TAZGI FRUTI SOAP LEMON 72PCS NEW SIZE C4 P3 LN,-1978.0,1978.0,-3956.0,diff,23854.0,-25832.0,0,3913
PSS104,LASHKARA 29*25 C4 P3 LN,-1955.0,1955.0,-3910.0,diff,22886.0,-24841.0,0,4036
PSS017,BRILLO FRUTI SOAP ORANGE 48PCS C4 P3 LN,-1953.0,1953.0,-3906.0,diff,6947.0,-8900.0,0,3949
PNT003,NISHAT TEA 430 GRAM,-6022.0,-2117.0,-3905.0,diff,2127.0,1530.0,0,3149
DT2048,TRAIN DETERGENT 4KG 12AD,0.0,-3900.0,3900.0,diff,10878.0,-1889.0,0,891
PKS310,ARHAWAN  LIQUID CTN 900/12,3851.0,0.0,3851.0,missing_in_erp,5088.0,-1237.0,0,
RM0044,FRAGNANCE JASMINE,4084.71,250.0,3834.71,diff,0,-341.0,0,5205
PGF009,GUJRAT CEILING BODY AC/DC NEW BOX C4 P5 LY,-5916.0,-2082.0,-3834.0,diff,2698.0,-539.0,0,2667
PAS013,MFA MUG PETTI 8 DOZEN KHAKI C1 P5,-7566.0,-3748.0,-3818.0,diff,2493.0,0,0,1925
PKS333,LASHKARA DETERGENT 180/48 P5,3806.0,0.0,3806.0,missing_in_erp,3806.0,0,0,
PPC004,PUNJAB BANASPATI 1/2KG*32,-3801.0,0.0,-3801.0,missing_in_erp,45936.0,-28023.0,0,
RM135,ACID (TOILET CLEANER),-710.0,3080.0,-3790.0,diff,0,-24540.5,0,5299
PNT004,NISHAT TEA 900 GRAM,-6109.0,-2336.0,-3773.0,diff,2001.0,929.0,0,3150
PR0174,PAPER REEL SIZE 40.5 (F & SF),-3770.0,0.0,-3770.0,diff,0,-3770.0,0,3493
RM231,FRAGNANCE  LEMON (6895),3462.0,-300.0,3762.0,diff,0,0,0,5395
PDF004,DECENT CEILING BODY ANTEEK DECENT BOX C4 P5 LY,-1872.0,1872.0,-3744.0,diff,3774.0,-5099.0,0,2336
HSALT01,HAPPY SALT 1KG/12,-860.0,-4569.0,3709.0,diff,9279.0,0,0,1401
RM0054,TAED,-3983.395,-275.0,-3708.395,diff,0,-9209.55,2316.845,5216
DW1020,TRAIN DISHWASH 160/18,-180.0,-3874.0,3694.0,diff,20939.0,-3089.0,0,1276
PDF002,DECENT CEILING BODY PASSION MODEL BOX C4 P5 LY,-1841.0,1841.0,-3682.0,diff,2149.0,-3990.0,0,2334
PPD006,P.D DIBI CUP SAUCER ORIEL & MUG SHAPE C4 P3 LY,-11917.0,-8239.0,-3678.0,diff,43311.0,-25048.0,0,3296
PSS180,ABID TRANSPARENT RED C1 P3 LN,-1834.0,1834.0,-3668.0,diff,3835.0,-5669.0,0,4112
DT1058,LASHKARA DETERGENT 20/72,-1198.0,-4814.0,3616.0,diff,73968.0,-21668.0,0,796
PP0022,SAGA EMPTY PP BAGS 20KG,7110.0,3500.0,3610.0,diff,0,-20518.0,0,3181
PGH010,GHOUSIA PEDISTAL BODY GREEN C4 P5 LY,-18867.0,-15275.0,-3592.0,diff,0,0,0,2701
RM00192,SPECKLES RED,-3532.599,0.0,-3532.599,diff,0,-108574.534,39148.077,5174
PSR066,CARTON 5 PLY 770*400*335MM WITH SERVIS LOGO,-3860.0,-330.0,-3530.0,diff,2061.0,735.0,0,3781
PP0037,TRAIN PP BAG 5KG,3500.0,0.0,3500.0,missing_in_erp,0,3500.0,0,
STK015,STICKER RAHIL DISHWASH LIQUID 900ML,3500.0,0.0,3500.0,diff,0,3500.0,0,5542
PR0024,PAPER REEL SIZE 37 (F & SF),13247.0,16746.0,-3499.0,diff,0,-55125.0,0,3354
PGH012,GHOUSIA PEDISTAL ROD GREEN C4 P3,-17471.0,-13987.0,-3484.0,diff,0,0,0,2703
PGH011,GHOUSIA PEDISTAL BASE GREEN C4 P3,-16947.0,-13469.0,-3478.0,diff,0,0,0,2702
PR0067,PAPER REEL SIZE 51 (F & SF),12749.0,9284.0,3465.0,diff,0,-506999.0,0,3397
PGB017,THE LOT POTTREY CTN MUG 96 PCS KAHAKI C1 P3,-4972.0,-1510.0,-3462.0,diff,1502.0,1035.0,0,2572
PIS001,MAMA G SALT CTN C1 P5 LN,-1731.0,1731.0,-3462.0,diff,3000.0,-4731.0,0,2808
PSS181,POWER 60 TIKKI C1 P3 LN,-1731.0,1731.0,-3462.0,diff,0,-1731.0,0,4113
PR0005,PAPER REEL SIZE 30 (F & SF),9838.6,13295.0,-3456.4,diff,96.0,-218996.4,0,3335
PKS003,RING 130/36 BOX,5015.0,1579.0,3436.0,diff,89308.0,-84293.0,0,2842
DT1029,LASHKARA 4KG 7A.D+2TIKKI TRAIN,-35770.0,-39176.0,3406.0,diff,182245.0,-44580.0,0,767
PP0008,ARGHAWAN EMPTY BAG 20KG,-400.0,3000.0,-3400.0,diff,0,-5865.0,2978.0,3167
PPK001,SADA DIBBI EGGS P3,-3391.0,0.0,-3391.0,missing_in_erp,901.0,0,0,
PAC006,A.H CUP & SAUCER 6 PIECE PURPLE MEDIUM BOX C4 P3 LY,3372.0,0.0,3372.0,missing_in_erp,36109.0,-27167.0,0,
LDM072,LD MILKY SHEET 635MM 30 MICRON,2129.2,5494.6,-3365.4,diff,0,-26673.25,0,1480
PSS185,TAZGI BEAUTY SOAP KHAKI TEST LINER 48 PCS C1 P3 LN,-1682.0,1682.0,-3364.0,diff,72487.0,-74169.0,0,4117
DTH004,HAPPY DETERGENT 85/60,-3039.0,-6391.0,3352.0,diff,5728.0,6245.0,0,1197
PAM002,AL MUMTAZ CIELING BLADE AC/DC C4 P3 LN,-3345.0,0.0,-3345.0,missing_in_erp,21388.0,-6902.0,0,
PSR035,CARTON 5-PLY 750*400*360 WITH SERVIS LOGO,-5212.0,-1892.0,-3320.0,diff,4433.0,-821.0,0,3751
PGB002,MUG PETI KHAKI GREEN  8 DOZN  C1 P3,-5352.0,-2040.0,-3312.0,diff,3094.0,3052.0,0,2557
PP043,RAHIL EMPTY BAG 3KG,2880.0,-400.0,3280.0,diff,0,150.0,0,3255
HSALT03,HAPPY SALT 800/24,-198.0,-3473.0,3275.0,diff,6803.0,0,0,1403
PAC088,WESTEN MUG DABBI C4 P3 LY,-8415.0,-5174.0,-3241.0,diff,24497.0,0,0,1843
PAC044,COMPASS DIBBI CUP SAUCER CP.317 NO.C4 P3,-3240.0,0.0,-3240.0,missing_in_erp,29621.0,-20772.0,0,
PBB251,BOX BOARD 30*37 230GRAM,-2470.41,758.0,-3228.41,diff,0,-13044.413,0,2180
PET009,PET SIZE 810MM 12 MICRON,-1544.898,1683.012,-3227.91,diff,0,-23232.67,0,2463
PR0092,PAPER REEL SIZE 41 (F & S.F),-3224.0,0.0,-3224.0,diff,0,-54835.0,0,3422
PSS025,TRAIN NAROL NO.69 TAQAT COLOR 10KG C2 P3 LN,-1606.0,1606.0,-3212.0,diff,7914.0,-9520.0,0,3957
PSS042,TRAIN SANDALI NO.4 C3 P3 LN,-1603.0,1603.0,-3206.0,diff,27894.0,-29497.0,0,3974
PKS308,MEHAK VERMICELLI,3200.0,0.0,3200.0,missing_in_erp,31841.0,-28641.0,0,
PSS195,TRAIN SOAP (DEAD ITEM),-1595.0,1595.0,-3190.0,diff,0,-1595.0,0,4127
PSS151,JUNGLE 18KG NO.37 C2 P3 LN,-1593.0,1593.0,-3186.0,diff,1287.0,-2880.0,0,4083
DT2062,TRAIN DETERGENT 320/24 10 AD,-5143.292,-8325.0,3181.708,diff,15670.0,3876.0,0,905
DT5001,LASHKARA DETERGENT NO.19 110/24,-700.0,-3870.0,3170.0,diff,38478.0,-19204.0,0,982
DT9026,JAGMAG DETERGENT 1000/12 18A.D,-5461.517,-8624.0,3162.483,diff,37342.0,-4799.0,0,1118
PSM001,VANEEZA FRUTI SOAP LEMON 48PCS C4 P3 LN,-1581.0,1581.0,-3162.0,diff,65660.0,-60614.0,0,3592
RM086,GRAVUER INK YELLOW (H-LAM),-833.7,2325.0,-3158.7,diff,0,-21344.7,0,5254
PSS140,LASHKARA NO.51/804 C2 P3 LN,-1574.0,1574.0,-3148.0,diff,11242.0,-12816.0,0,4072
DT9027,JAGMAG DETERGENT 500/24 18A.D,-3321.892,-6445.0,3123.108,diff,29973.0,-2947.0,0,1119
PKS101,BAHAR OIL CARTOON 12 BOTTLE,3104.0,0.0,3104.0,missing_in_erp,13076.0,-9972.0,0,
PGF012,GUJRAT CEILING BLADE AC/DC NEW BOX C4 P3 LN,-1986.0,1107.0,-3093.0,diff,3410.0,-465.0,0,2670
RAP0001,RAPER PAKEEZA REFINED 800GRAMS,3067.0,0.0,3067.0,missing_in_erp,0,3067.0,0,
PAM003,AL MUMTAZ CIELING BODY AC/DC LARGE C4 P5 LN,-3051.0,0.0,-3051.0,missing_in_erp,15530.0,-7547.0,0,
PR0081,PAPER REEL SIZE 56 (F & SF),-3033.0,0.0,-3033.0,diff,0,-64073.0,0,3411
PKS050,BAHAR DISHWASH 240/24 C4 P3 LN,3027.0,0.0,3027.0,missing_in_erp,25166.0,-22139.0,0,
RM0066,Sure Bond (50210),-1175.0,1850.0,-3025.0,diff,0,-18300.0,0,5228
PBB274,BOX BOARD 22*40.5 230GRAM,436.2,3451.0,-3014.8,diff,0,-6424.8,0,2203
PKS092,TRAIN DETERGENT 55/48 CTN C4 P3 LN,3014.0,0.0,3014.0,missing_in_erp,20644.0,-17630.0,0,
PSS122,LASHKARA LAUNDRY NO.66 BLACK TEST LINE C1 P5 LN,-1503.0,1503.0,-3006.0,diff,4256.0,-5759.0,0,4054
PSS022,TRAIN NAROL 793 C2 P3 LN,-1500.0,1500.0,-3000.0,diff,12048.0,-13548.0,0,3954
RM145,EMPTY BOTTLE BRILLO TOILET CLEANER 250ML,-3000.0,0.0,-3000.0,missing_in_erp,0,-3000.0,0,
PP0013,EMPTY BAG JAGMAG 20KG,17399.955,14400.0,2999.955,diff,0,106743.0,118207.045,3172
LDM138,LD MILKY SHEET 620MM 25 MICRON,-2990.0,0.0,-2990.0,diff,0,-1005.4,0,1546
PKS049,JAGMAG DETERGENT CRTN 140 GRAM C4 P3 LN,2978.0,0.0,2978.0,missing_in_erp,4142.0,-1164.0,0,
DW1025,TRAIN DISHWASH 200/24 GOLA,-1331.0,-4286.0,2955.0,diff,9778.0,305.0,0,1281
PMF011,MERCEDES PEDISTAL BODY 24'' GREEN P5 C4 LY,892.0,-2061.0,2953.0,diff,19827.0,2651.0,0,3101
PKS329,HAPPY DETERGENT 1KG,2952.0,0.0,2952.0,missing_in_erp,2952.0,0,0,
PPC010,PUNJAB COOKING OIL 1/2 24PAC,-2938.0,0.0,-2938.0,diff,17199.0,-8796.0,0,3282
PR0057,PAPER REEL SIZE 27 (KRAFT),-2920.0,0.0,-2920.0,diff,0,-11029.0,0,3387
PDF017,DECENT SUPER POWER PEDISTAL BODY BLACK  C4 P5 LY,-1760.0,1158.0,-2918.0,diff,3359.0,-3731.0,0,2349
PTF014,TARANUM CEILING BODY YELLOW 220V BOX C4 P5 LY,-2766.0,150.0,-2916.0,diff,5890.0,-7044.0,0,4538
PBB299,BOX BOARD 28*26 230GRAM,-2906.09,0.0,-2906.09,diff,0,-5056.09,0,2227
PDS001,D.F.C CEILING BODY C4 P5 LY,1892.0,-1008.0,2900.0,diff,6206.0,-3306.0,0,2429
PET006,PET SIZE 765MM 12 MICRON,2525.645,5420.697,-2895.052,diff,0,-36328.25,0,2460
RAP016,RAPER TRAIN DETERGENT 5KG BLUE,-630.03,2180.0,-2810.03,diff,5769.57,-15979.792,6265.008,4615
PSS165,NOMAN 40 TIKKI C2 P3 LN (New Size),-1395.0,1395.0,-2790.0,diff,6770.0,-8165.0,0,4097
PSS138,LASHKARA NO.022 C2 P3 LN,-1394.0,1394.0,-2788.0,diff,17579.0,-18973.0,0,4070
PBB272,BOX BOARD REEL SIZE 52,-2784.0,0.0,-2784.0,diff,0,-5274.0,0,2201
PSS184,HIKMAT A 60 TIKKI C1 P3 LN,-1384.0,1384.0,-2768.0,diff,0,-1384.0,0,4116
PSS143,RAHIL MASKEEN ZAI NO.030 C1 P3 LN,-1383.0,1383.0,-2766.0,diff,4787.0,-6170.0,0,4075
PNT001,NISHAT TEA 85 GRAM,-2761.0,0.0,-2761.0,missing_in_erp,0,473.0,0,
PSS135,LASHKARA NAROWAL C4 P3 LN,-1379.0,1379.0,-2758.0,diff,9676.0,-11055.0,0,4067
PSS190,JUNGLE SOAP NO. 37 20 KG C2 P3 LN,-1370.0,1370.0,-2740.0,diff,602.0,-1972.0,0,4122
PBB004,BOX BOARD 27*23  230 GRAM,627.43,3354.0,-2726.57,diff,0,-20147.46,0,1935
PKS321,BAHAR DISHWASH 48 TIKKI P3,2720.0,0.0,2720.0,missing_in_erp,2720.0,0,0,
PBB132,BOX BOARD 35*24 230 GRAM,1522.46,4239.0,-2716.54,diff,0,-7888.54,0,2062
PBB234,BOX BOARD 20*40 230 GRAM,-2706.56,0.0,-2706.56,diff,0,-5723.179,0,2163
DT2016,TRAIN DETERGENT 20KG PLANT 10AD,-1965.0,-4666.0,2701.0,diff,37846.0,-14246.0,0,859
LDM019,LD MILKY SHEET 765MM 40 MICRON,2774.4,5461.9,-2687.5,diff,0,-33885.2,0,1427
PGF002,GUJRAT PAK AISA PEDISTAL BODY BOX C4 P5 LY,-2618.0,67.0,-2685.0,diff,15322.0,-12186.0,0,2660
PR0007,PAPER REEL SIZE 23 (F & SF),-2144.0,535.0,-2679.0,diff,62.0,-67517.1,0,3337
PJI001,SADA CTN ICE CREAM KHAKI,-9674.0,-7013.0,-2661.0,diff,4183.0,1621.0,0,2823
LDM004,LD MILKY SHEET 460MM 50 MICRON,-1303.1,1347.6,-2650.7,diff,0,-22286.18,0,1412
LDM197,LD NATURAL SHEET 680MM 50MICRON,-2650.2,0.0,-2650.2,diff,0,-3314.0,0,1605
DW1023,TRAIN DISHWASH 120/36,-198.0,-2829.0,2631.0,diff,2721.0,40.0,0,1279
PKS058,JAGMAG DETERGENT 1000/12  NEW  C4 P3 LN,2620.0,0.0,2620.0,missing_in_erp,3180.0,-560.0,0,
PTF015,TARANUM CEILING BLADE YELLOW 220V BOX C4 P3 LN,-2560.0,54.0,-2614.0,diff,6496.0,-7454.0,0,4539
RM277,FRAGNANCE TIDE (738),2579.8,-30.0,2609.8,diff,0,0,0,5441
PP0001,DETERGENT PACKING 20KG,2600.0,0.0,2600.0,missing_in_erp,0,2600.0,0,
DT7004,RAHIL DETERGENT 20KG,-1279.0,1279.0,-2558.0,diff,38697.0,-30205.0,0,1006
PSS127,LASHKARA NO.173 SHAKARGARH C4 P3 LN,-1275.0,1275.0,-2550.0,diff,6882.0,-8157.0,0,4059
PKS331,HAPPY DETERGENT 500GRAM,2546.0,0.0,2546.0,missing_in_erp,2546.0,0,0,
PGT019,GULF STAR PEDISTAL BODY C4 P3 LY,-2542.0,0.0,-2542.0,missing_in_erp,7250.0,4194.0,0,
PGT020,GULF STAR PEDISTAL MOTOR M.CTN 4IN1 C4 P5 LY,2541.0,0.0,2541.0,missing_in_erp,4493.0,1271.0,0,
PMA025,FOODLY VERMICILLI 140/320GRAM C4 P5,-2540.0,0.0,-2540.0,missing_in_erp,0,0,0,
PDF022,DECENT SUPER POWER ROD BLACK BOX  C4 P3 LN,-1551.0,961.0,-2512.0,diff,3440.0,-3601.0,0,2354
DT6001,TRAIN DETERGENT NO. 19 110/24,-200.0,-2705.0,2505.0,diff,29016.975,-13038.6,0,994
RM0027,FRAGNANCE LEMON (520),-4688.0,-2200.0,-2488.0,diff,0,-66269.96,2465.04,5188
PBB285,BOX BOARD REEL SIZE 36,-2487.0,0.0,-2487.0,diff,0,-8436.0,0,2213
PBB304,BOX BOARD 35*28 230GRAM,-2486.57,0.0,-2486.57,diff,0,-2530.57,0,2232
RM112,GRAVURE INK WHITE (H-LAM),-1059.406,1420.0,-2479.406,diff,0,-11796.0,19.406,5276
BOP063,BOPP SIZE 765MM 40MICRON,-2479.28,0.0,-2479.28,diff,0,-1266.74,0,72
PBB217,BOX BOARD REEL SIZE 37,1046.0,3506.0,-2460.0,diff,0,-14529.0,0,2146
PKS307,BAHAR DISH WASH LIQUID ORANGE,2459.0,0.0,2459.0,missing_in_erp,2735.0,-276.0,0,
PSR010,CARTON 5 PLY 655*570*320MM 24P SSC,-2456.0,0.0,-2456.0,missing_in_erp,6310.0,-2315.0,0,
PBB262,BOX BOARD 24*23 230GRAM,-2449.25,0.0,-2449.25,diff,0,-10983.85,0,2191
PAC029,A.H CUP DIBI 9 & 10 NO KHAKI P3 PLAIN,-3939.0,-1498.0,-2441.0,diff,49263.0,-45282.0,0,1784
DT9998,SAGA DETERGENT 20KG,-1016.0,-3449.0,2433.0,diff,31361.0,-9011.0,0,1176
PRA001,RAHIL DETERGENT 800/12 CTN C4 P5 LY,-1212.0,1212.0,-2424.0,diff,3606.0,-4818.0,0,3505
PR0070,PAPER REEL SIZE 49 (KRAFT),-2419.0,0.0,-2419.0,diff,0,-24400.0,0,3400
PDF030,DECENT BLADE BOX LARGE 10IN1 CN P3 LN,-2498.0,-92.0,-2406.0,diff,2972.0,-1846.0,0,2362
PAF002,AMIN CEILING ECONOMY BOX C4 P5 LN,-1200.0,1200.0,-2400.0,diff,1800.0,-3000.0,0,1853
PSS193,BAHAR SOAP 40 TIKKI (DEAD ITEM),-1200.0,1200.0,-2400.0,diff,0,-1200.0,0,4125
STK019,STICKER HAPPY DISHWASH LIQUID ORANGE,2400.0,0.0,2400.0,missing_in_erp,0,0,0,
BT0005,HAPPY BOTTLE 500ML,2399.0,0.0,2399.0,missing_in_erp,0,-66822.0,0,
PAC048,COMPASS DIBBI CP-319 MIDIUM C4 P3,-2387.0,0.0,-2387.0,missing_in_erp,14153.0,-11522.0,0,
PSR056,CARTON 5-PLY 735*680*330MM WITH SSC LOGO,-2547.0,-180.0,-2367.0,diff,5575.0,-4392.0,0,3771
PSS187,CC SOAP QUETTA NEW C2 P3 LN,-1183.0,1183.0,-2366.0,diff,3769.0,-5945.0,0,4119
PHA007,STAR LEMON BAR 48 TIKKI KHAKI C2 P3,2360.0,0.0,2360.0,missing_in_erp,3372.0,-1908.0,0,
PBB001,BOX BOARD 29*38 230 GRAM,2354.988,0.0,2354.988,diff,0,-3058.146,0,1932
BOP022,BOPP I PACK 760MM 25MICRON,-2353.6,0.0,-2353.6,diff,0,-3198.49,0,31
RM0080,FRAGNANCE MAX ZONE,3550.5,1200.0,2350.5,diff,0,-4205.5,0,5235
PSS041,TRAIN SANDALI NO.3 C3 P3 LN,-1172.0,1172.0,-2344.0,diff,3892.0,-5064.0,0,3973
PAC032,A.H CUP DIBI  9 & 10 NO C4 P3 LN,-3703.0,-1372.0,-2331.0,diff,21996.0,-20433.0,0,1787
DT1076,LASHKARA DETERGETN 260/24,-649.0,-2967.0,2318.0,diff,6186.0,0,0,814
PAS011,MFA MUG CTN M02 & M03 8 DOZEN C4 P3,-6983.0,-4666.0,-2317.0,diff,4169.0,0,0,1923
PKS317,TRIAN DETERGENT 24 PAC C1 P3,2315.0,0.0,2315.0,missing_in_erp,4289.0,-1974.0,0,
PR0078,PAPER REEL SIZE 48 (CMP),-2307.0,0.0,-2307.0,diff,0,-56521.0,0,3408
PHA006,STAR LEMON BAR 72 TIKKI KHAKI C2 P3,2300.0,0.0,2300.0,missing_in_erp,3643.0,-2354.0,0,
PP0075,PP BAG PRINT IFS 20KG,2300.0,0.0,2300.0,missing_in_erp,0,0,0,
LDM054,LD MILKY SHEET 660MM 30 MICRON,-1188.8,1105.3,-2294.1,diff,0,-4540.7,0,1462
PSM048,VEZEL BEAUTY SOAP 48PCS KHAKI C1 P3,-2284.0,0.0,-2284.0,missing_in_erp,6195.0,1032.0,0,
PR0056,PAPER REEL SIZE 29 (TEST LINER),5070.0,2800.0,2270.0,diff,0,-5542.0,0,3386
PAC071,A.H MASTER CTN 14 PCS TEA SET (4IN1) KHAKI C1 P5,-3771.0,-1524.0,-2247.0,diff,5796.0,1177.0,0,1826
RAP015,RAPER TRAIN DETERGENT 1 KG GREEN,-899.49,1339.0,-2238.49,diff,3477.71,3056.768,15811.198,4614
PKC007,JS03 5 DOZEN MUG M.CTN KHAKI C1P3,-8069.0,-5844.0,-2225.0,diff,1525.0,0,0,2830
PSS027,TRAIN 12KG SUPREME SIZE C2 P3 LN,-1112.0,1112.0,-2224.0,diff,0,-1112.0,0,3959
PKS075,SAGA DISH 150/36 BOX C4 P3 LN,2223.0,0.0,2223.0,missing_in_erp,11554.0,-9331.0,0,
PBB302,BOX BOARD 23*33 230GRAM,-1147.54,1070.0,-2217.54,diff,0,-2780.54,0,2230
PSS158,NASEEM SABON 60 TIKKI C1 P3 LN,-1104.0,1104.0,-2208.0,diff,2375.0,-3479.0,0,4090
PSS157,JUNGLE 13 KG NO.55 C2 P3 LN,-1101.0,1101.0,-2202.0,diff,3425.0,-4526.0,0,4089
PP0040,TRAIN EMPTY BAG 20KG (PESHAWAR QUAILTY),-1100.0,1100.0,-2200.0,diff,0,-1100.0,0,3199
PDF024,DECENT SUPER POWER ROD WHITE BOX  C4 P3 LN,-1095.0,1095.0,-2190.0,diff,433.0,-1528.0,0,2356
PDF029,DECENT SUPER POWER BASE WHITE  BOX C4 P3 LN,-1088.0,1088.0,-2176.0,diff,476.0,-1564.0,0,2361
RM110,TOLENE (HT 091),182.0,2354.0,-2172.0,diff,0,-5104.3,0,5274
PSM008,PAIRACON FRUTI SOAP JASMINE 48PCS C4 P3 LN,-1083.0,1083.0,-2166.0,diff,0,-1083.0,0,3599
RAP003,RAPER LASHKARA 200 GRM,-1544.01,621.0,-2165.01,diff,9269.03,2706.236,35981.476,4599
PR0013,PAPER REEL SIZE 25 (F & SF),1141.0,3302.0,-2161.0,diff,0,-144530.0,0,3343
RAP442,RAPER LOVE TOFFEE 6G+-1G,-3015.45,-5174.2,2158.75,diff,4173.0,0,0,5035
PMA013,PURE SYNTHETIC VINEGAR 12 BOTTLE*1000 ML*,17.0,-2140.0,2157.0,diff,2157.0,4987.0,0,3063
PDF033,DECENT CEILING BLADE GENERAL MODEL BOX C4 P3 LN,-1072.0,1072.0,-2144.0,diff,3167.0,-3639.0,0,2365
PMA027,FOODLY VINEGAR 1000MLX12 C4 P5,-2142.0,0.0,-2142.0,missing_in_erp,0,0,0,
PMA026,FOODLY VERMICILLI 100/140GRAM C4 P5,-2141.0,0.0,-2141.0,missing_in_erp,0,0,0,
PSR127,SERVIS 5-PLY 665*540*350 WITH SERVIS LOGO,-2480.0,-345.0,-2135.0,diff,0,0,0,3842
PSS110,RING SOAP 40-T-NO.45 C2 P3 LN,-1061.0,1061.0,-2122.0,diff,3040.0,-4101.0,0,4042
PIF020,IKEA CEILING REHAN BLADE BOX C4 P3 LN,-1053.0,1053.0,-2106.0,diff,0,-1053.0,0,2804
PPD008,TEA SET 26PCS KHAKI P3 (4PCS SET),-2105.0,0.0,-2105.0,missing_in_erp,8160.0,-8160.0,0,
PTF010,TARANUM CEILING BODY 220V BOX C4 P5 LY,-3082.0,-992.0,-2090.0,diff,3767.0,-4812.0,0,4534
PAC047,SITC CTN CUP SAUCER NO#10 KHAKI CP318/317 CI P3,-2894.0,-806.0,-2088.0,diff,8267.0,-5242.0,0,1802
PAF001,AMIN CEILING SUPER GLAXAY BOX C4 P5 LN,-1044.0,1044.0,-2088.0,diff,2553.0,-3597.0,0,1852
PSS039,TRAIN SANDALI NO.1 C3 P3 LN,-1042.0,1042.0,-2084.0,diff,21048.0,-22090.0,0,3971
PR0060,PAPER REEL SIZE 44 (TEST LINER),3110.0,5175.0,-2065.0,diff,0,-26975.0,0,3390
PFR008,AL FIRDOUS BRILLO SPIRAL CTN C1 P3,-2063.0,0.0,-2063.0,missing_in_erp,1893.0,-1087.0,0,
PR0046,PAPER REEL SIZE 22 (TEST LINER),-2060.0,0.0,-2060.0,diff,0,-1046.0,0,3376
PTF012,TARANUM CEILING BLADE 220V BOX C4 P3 LN,-2035.0,25.0,-2060.0,diff,3776.0,-4806.0,0,4536
PGH001,BLADE PETTI LARGE KHAKI C1 P3,-7555.0,-5498.0,-2057.0,diff,4321.0,0,0,2692
PIF019,IKEA CEILING REHAN BODY BOX C4 P5 LY,-1028.0,1028.0,-2056.0,diff,0,-1028.0,0,2803
PKS326,SKY WASH 120/60,2050.0,0.0,2050.0,missing_in_erp,2050.0,0,0,
PKS048,JAGMAG DETERGENT CRTN 280GRAM C4 P3 LN,2047.0,0.0,2047.0,missing_in_erp,2654.0,-607.0,0,
PKS039,RIM DISH 120/36 BOX C4 P3 LN,2040.0,0.0,2040.0,missing_in_erp,7318.0,-5278.0,0,
RAP085,RAPER BAHAR DETERGENT 500 GRAM,-925.3,1105.0,-2030.3,diff,13.0,-1905.53,0,4684
PGH009,GHOUSIA DECENT CEILING BODY P5 C4 LY,-5360.0,-3335.0,-2025.0,diff,0,0,0,2700
RM0042,FRAGNANCE ORANGE (200),-2024.0,0.0,-2024.0,diff,0,-9950.0,0,5203
PSS019,TRAIN NAROL 791 10 KG C2 P3 LN,-1010.0,1010.0,-2020.0,diff,3103.0,-4113.0,0,3951
PSS0001,TRAIN SANDLI NO.4 C2 P3 (002),-17596.0,-19610.0,2014.0,diff,0,0,0,3871
PSS188,CC SINDH NO.35 C2 P3 LN,-1006.0,1006.0,-2012.0,diff,27194.0,-28200.0,0,4120
PAF004,AMIN CEILING BLADE SUPER GLAXAY BOX C4 P3 LN,-1005.0,1005.0,-2010.0,diff,2661.0,-3666.0,0,1855
PSN043,ZARYAN SOAP C2 P3,2008.0,0.0,2008.0,missing_in_erp,2008.0,2092.0,0,
PSN058,ZARYAN SOAP DEY CODE NO.2 C2 P3,-2008.0,0.0,-2008.0,missing_in_erp,0,0,0,
DTG006,PAK TURKISH DETERGENT 5KG 12AD POWDER,0.0,-2006.0,2006.0,diff,2006.0,0,0,1191
PSS155,RAHIL 40 TIKKI C1 P3 LN,-1001.0,1001.0,-2002.0,diff,0,-1001.0,0,4087
DT2092,TRAIN DETERGENT 3.5KG 12AD,-48.0,-2048.0,2000.0,diff,13128.0,0,0,931
PKS021,BRILLO DISHWSH 90/72 CTN C4 P3 LN,2000.0,0.0,2000.0,missing_in_erp,3686.0,-1686.0,0,
PP0030,LASHKARA PP BAG 19*31,2000.0,0.0,2000.0,missing_in_erp,0,-13340.0,0,
PP0050,TRAIN PP BAG 22*37 (BASE BAGS),2000.0,0.0,2000.0,missing_in_erp,0,-17980.0,0,
PSS108,LASHKARA 8 KG SIALKOT C2 P5 LN,-1000.0,1000.0,-2000.0,diff,0,-1000.0,0,4040
PHS003,SHINE DETERGENT EMPTY CTN RS.50,1848.0,-150.0,1998.0,diff,0,0,0,2773
PWF010,KIRAN SOAP 10KG P3 CI,-4439.0,-2441.0,-1998.0,diff,0,4030.0,0,4586
PGF026,IDEAL CEILLING BODY C4 P5 LY,-2512.0,-515.0,-1997.0,diff,0,0,0,2684
PGF027,IDEAL CEILLING BLADE C4 P3 LN,-2512.0,-515.0,-1997.0,diff,0,0,0,2685
PSM052,ROSE FRUITY SOAP 72PCS LEMON C4 P3,-2961.0,-965.0,-1996.0,diff,0,0,0,3642
PHS002,SHINE DETERGENT EMPTY CTN RS.10,857.0,-1138.0,1995.0,diff,0,0,0,2772
PBB268,BOX BOARD 23*33 210 GRAM,71.3,2066.0,-1994.7,diff,0,-4750.0,0,2197
PR0059,PAPER REEL SIZE 47 (F & SF),4234.0,6227.0,-1993.0,diff,0,-15176.0,0,3389
PSS081,TRAIN POWER 10 KG C4 P3 LN,-996.0,996.0,-1992.0,diff,7977.0,-8973.0,0,4013
PSM051,ROSE FRUITY SOAP 72PCS ORANGE C4 P3,-2983.0,-992.0,-1991.0,diff,0,0,0,3641
PMA028,FOODLY VINEGAR 500MLX24 C4 P5,-1990.0,0.0,-1990.0,missing_in_erp,0,0,0,
PLG003,MARJINA SOAP 8KG,-1989.0,0.0,-1989.0,missing_in_erp,0,3035.0,0,
PBB248,BOX BOARD 26*32 230GRAM,-333.86,1654.0,-1987.86,diff,0,-9593.877,0,2177
PMC003,SADA GLUE CTN KHAKI P5,-1987.0,0.0,-1987.0,missing_in_erp,1545.0,-586.0,0,
PAF005,AMIN CEILING BLADE ECONOMY BOX C4 P3 LN,-993.0,993.0,-1986.0,diff,1896.0,-2889.0,0,1856
PGH014,IBS CEILLING BODY ICON C4 P5 LY,-1985.0,0.0,-1985.0,missing_in_erp,0,0,0,
PSS029,TRAIN 19 KG C4 P3 LN,-992.0,992.0,-1984.0,diff,4572.0,-5564.0,0,3961
LDM071,LD MILKY SHEET SIZE 835MM 32MIC,-1981.0,0.0,-1981.0,diff,0,-7599.5,0,1479
PSS163,NASEEM NAROL 20 TIKKI C2 P3 LN,-990.0,990.0,-1980.0,diff,3200.0,-4190.0,0,4095
PKS327,CTN BAHAR TOILET CLANER 500ML P3,1979.0,0.0,1979.0,missing_in_erp,2029.0,0,0,
PSR137,CARTON 5PLY 620*340*300 SERVIS LOGO,-4224.0,-2245.0,-1979.0,diff,0,0,0,3852
PGH013,PRADO MARVE CEILLING BODY C4 P5 LY,-1978.0,0.0,-1978.0,missing_in_erp,0,0,0,
PSS053,RING NO.142 C2 P3 LN,-989.0,989.0,-1978.0,diff,2003.0,-2992.0,0,3985
PSS063,TRAIN GOLD BAR SUPREME 8KG C2 P3 LN,-988.0,988.0,-1976.0,diff,2003.0,-2991.0,0,3995
DW5002,PUNJAB DISHWASH 140/36,-987.0,987.0,-1974.0,diff,66527.0,-67514.0,0,1324
PSS171,RING DIY NO. L 34 C2 P3 LN,-984.0,984.0,-1968.0,diff,33031.0,-32997.0,0,4103
PSS172,RING DIY NO. L9KG C4 P3 LN,-984.0,984.0,-1968.0,diff,46059.0,-46000.0,0,4104
PGF023,GUJRAT PEDESTAL ROD NEW BLUE C4 P3,-4407.0,-2440.0,-1967.0,diff,8235.0,-2352.0,0,2681
PGH002,GHOUSIA CEILLING BODY ICON MODEL C4 P5 LY,-11507.0,-9541.0,-1966.0,diff,4103.0,0,0,2693
PKS265,BAHAR OIL CARTOON 6 BOTTLE,1958.0,0.0,1958.0,missing_in_erp,8928.0,-6970.0,0,
PSS094,LASHKARA NO.27 C2 P3 LN,-979.0,979.0,-1958.0,diff,2986.0,-3965.0,0,4026
PSS189,RING SOAP DIY J.797 C4 P3 LN,-979.0,979.0,-1958.0,diff,0,-979.0,0,4121
DW4007,BRILLO DISHWASH 165/48,-300.0,-2255.0,1955.0,diff,13354.0,-2676.0,0,1318
PKS014,RIM DISHWASH 60/72 CTN C4 P3 LN,1944.0,0.0,1944.0,missing_in_erp,11749.0,-9805.0,0,
PTF011,TARANUM CEILING BODY SOLAR BOX C4 P5 LY,-937.0,1007.0,-1944.0,diff,5982.0,-5921.0,0,4535
PDF032,DECENT CEILING BODY GENERAL MODEL BOX C4 P5 LY,-963.0,963.0,-1926.0,diff,4408.0,-4779.0,0,2364
DT99919,SAGA DETERGENT 3KG,-1510.0,-3416.0,1906.0,diff,29151.0,-5216.0,0,1151
PKS274,RAHIM GHEE 250*64,-1904.0,0.0,-1904.0,diff,17984.0,-8648.0,0,2959
DT2007,TRAIN DETERGENT 5 KG N%  BAG,-1902.0,0.0,-1902.0,missing_in_erp,3928.0,-3928.0,0,
PR0121,PAPER REEL SIZE 48 (KRAFT),-1901.0,0.0,-1901.0,diff,0,-8440.0,0,3450
PKS328,CTN SKY WASH SHASAY P5,1900.0,0.0,1900.0,missing_in_erp,1900.0,0,0,
PBB283,BOX BOARD 20*40 250GRAM,-1896.24,0.0,-1896.24,diff,0,-2438.74,0,2211
PGC003,GM-10 SADA CTN MUG 5DOZAN P3,-1245.0,645.0,-1890.0,diff,0,-945.0,0,2628
LDM212,LD NATURAL SHEET 860MM 80MICRON,427.6,2309.2,-1881.6,diff,0,-3862.9,0,1620
PMD003,AL HAMID CEILLING BLADE C4 P3,-5383.0,-3508.0,-1875.0,diff,966.0,1708.0,0,3088
BOP042,BOPP 1000MM 20MICRON,-1870.3,0.0,-1870.3,diff,0,-761.7,0,51
PR0169,PAPER REEL SIZE 52 (KRAFT),-1870.0,0.0,-1870.0,diff,0,-24373.0,0,3488
RAP372,STAND POUCH BAG 200*270 GUZZT 100,0.05,-1864.25,1864.3,diff,2719.0,0,0,4966
DT1005,LASHKARA DETERGENT 30/72,-1701.0,143.0,-1844.0,diff,81973.0,-82257.0,0,743
LDM172,LD NATURAL SHEET 740MM 80 MICRON,-1015.9,826.5,-1842.4,diff,0,-2192.4,0,1580
PSR133,CARTON 5-PLY 730*500*355 WITH SERVIS LOGO,-2151.0,-321.0,-1830.0,diff,508.0,0,0,3848
PKS264,RAHIL LIQUID LEMON 1 LTR / 12 C4 P3 LN,1825.0,0.0,1825.0,missing_in_erp,3008.0,-1183.0,0,
PR0015,PAPER REEL SIZE 22 (F & SF),5211.0,7032.0,-1821.0,diff,0,-54892.0,0,3345
PDF019,DECENT SUPER POWER PEDISTAL BODY WHITE  C4 P5 LY,-910.0,910.0,-1820.0,diff,639.0,-1549.0,0,2351
PCR005,CORRUGATION ROLL SIZE 24,-1818.0,0.0,-1818.0,diff,6274.0,-6084.0,0,2291
PR0031,PAPER REEL SIZE 25 (TEST LINER),1815.0,0.0,1815.0,diff,0,-4788.0,0,3361
RM128,FRAGNANCE,-1805.259,0.0,-1805.259,diff,0,21294.554,23214.956,5292
BT0007,EMPTY OIL BOTTLE 100ML,1800.0,0.0,1800.0,missing_in_erp,0,-267735.0,0,
BT006,EMPTY OIL BOTTLE 500ML,1800.0,0.0,1800.0,missing_in_erp,0,-89019.0,0,
PBB085,BOX BOARD 19*38 210 GRAM,-860.7,939.0,-1799.7,diff,0,-8930.7,0,2016
PIF008,IKEA CEILING UNIVERSAL BLADE BLACK BOX C4 P3 LY,-899.0,899.0,-1798.0,diff,3967.0,-4866.0,0,2792
DW7010,SAGA DISHWASH 50/36,1045.0,-741.0,1786.0,diff,13436.0,-11487.0,0,5694
PPD019,P.D MUG PETI 8 DOZEN KHAKI C1 P3,-3211.0,-1429.0,-1782.0,diff,1013.0,-17.0,0,3309
PSS0021,TRAIN SOAP GREEN 10KG C4 P3,-29079.0,-30847.0,1768.0,diff,0,0,0,3893
PBB037,BOX BOARD 34*25 230 GRAM,-1766.35,0.0,-1766.35,diff,0,-36869.212,0,1968
PSS139,LASHKARA NO.15 C2 P3 LN,-878.0,878.0,-1756.0,diff,25355.0,-25136.0,0,4071
PBB301,BOX BOARD 38*29 230GRAM,-1749.82,0.0,-1749.82,diff,0,-1749.82,0,2229
PIF004,IKEA CEILING UNIVERSAL BODY BLACK BOX C4 P5 LY,-872.0,872.0,-1744.0,diff,4004.0,-4876.0,0,2788
DW2002,RING DISHWASH 55/72,-57.0,-1796.0,1739.0,diff,69323.0,-48800.0,0,1285
RAP007,RAPER JAGMAG 1000 GRM,-1062.07,672.0,-1734.07,diff,2736.46,-5038.7,0,4606
PPD007,CUP DIBI SADA (TEA SET) P3,-1720.0,0.0,-1720.0,missing_in_erp,13930.0,-11112.0,0,
PKS271,RAHIM GHEE 800/16 CTN C4 P5 LN,-1719.0,0.0,-1719.0,missing_in_erp,29159.0,-14900.0,0,
PBB298,BOX BOARD 36*24 230 GRAM,-1718.33,0.0,-1718.33,diff,0,-2539.33,0,2226
RAP010,RAPER TRAIN DISHWASH RS10,-1220.86,494.5,-1715.36,diff,4091.055,-21295.492,362.448,4609
PBB223,BOX BOARD REEL SIZE 35,30.0,1744.0,-1714.0,diff,0,-3224.0,0,2152
PDF005,DECENT CEILING BODY DELUX JADEED  BOX C4 P5 LY,-857.0,857.0,-1714.0,diff,339.0,-1196.0,0,2337
PKS036,CARTOON HAPPY DISHWASH LIQUID (LEMON),1710.0,0.0,1710.0,missing_in_erp,4523.0,-2808.0,0,
PR0096,PAPER REEL SIZE 41 (TEST LINER),-1703.0,0.0,-1703.0,diff,0,-8063.0,0,3426
PSM013,PAIRACON FRUTI SOAP LEMON 72PCS C4 P3 LN,-1701.0,0.0,-1701.0,missing_in_erp,35790.0,-31348.0,0,
PKS305,BRILLO DISH WASH 100/48 CARTON,1700.0,0.0,1700.0,missing_in_erp,4025.0,-2325.0,0,
PR0087,PAPER REEL SIZE 52 (CMP),1697.0,0.0,1697.0,diff,0,-49956.0,0,3417
PFR003,AL FIRDOUS ELBOW MACARONI  CLASSIC KHAKI C2 P5 LN,1693.0,0.0,1693.0,missing_in_erp,13122.0,-5562.0,0,
DW1003,TRAIN DISHWASH 55/36,-2063.0,-380.0,-1683.0,diff,172179.0,-151850.75,0,1262
PTF019,TARANUM ECO 30WT CEILLING BODY RED C4 P5 LY,-4087.0,-2408.0,-1679.0,diff,1806.0,0,0,4543
PKS259,TRAIN DETERGENT 24 PACK C1 P5 LN,1675.0,0.0,1675.0,missing_in_erp,13759.0,-12084.0,0,
PPC011,WALI COOKING OIL 1KG*12PAC,-1674.0,0.0,-1674.0,diff,36255.0,-19988.0,0,3283
PBB265,BOX BOARD REEL SIZE 32,-1666.0,0.0,-1666.0,diff,0,-1651.0,0,2194
PET005,PET SIZE 610MM 12 MICRON,888.112,2553.47,-1665.358,diff,0,-11704.93,0,2459
PPD026,P-D TEA SET 17 PCS M-CTN KHAKI P-7 C-1,-1663.0,0.0,-1663.0,diff,0,0,0,3316
RAP001,RAPER TRAIN DISHWASH RS.20 260 GRM,-1406.415,243.0,-1649.415,diff,10188.136,-40404.37,327.081,4594
RM077,MARBOND MB-675A,-238.5,1410.5,-1649.0,diff,0,-6847.0,0,5245
RM141,MARBOND MB-675B,-238.5,1410.5,-1649.0,diff,0,-4127.0,0,5305
PRA003,RAHIL DETERGENT 3KG/5 CTN C4 P5 LY,-823.0,823.0,-1646.0,diff,5916.0,-6739.0,0,3507
PIS004,PAKEEZA SALT 600GRAM C5 P5 LN,-1638.0,0.0,-1638.0,missing_in_erp,39132.0,-31667.0,0,
PAC050,"COMPASS DIBBI CP-320,321,322 MIDIUM C4 P3",-4023.0,-2393.0,-1630.0,diff,10826.0,-8347.0,0,1805
PGH015,HLC PEDISTAL BODY C4 P5 LY,-1630.0,0.0,-1630.0,missing_in_erp,0,0,0,
PGH017,BASE PEDISTAL UNIVERSAL KHAKI C1 P3,-3230.0,-1600.0,-1630.0,diff,0,0,0,2708
PGH018,MISHAL PEDISTAL BODY C4 P5 LY,-1629.0,0.0,-1629.0,missing_in_erp,0,0,0,
RAP079,RAPER HARMOHNY FRUITY SOAP LEMON,-810.05,810.0,-1620.05,diff,0,-315.24,0,4678
PP044,RAHIL 5KG,8099.0,9719.0,-1620.0,diff,0,130.0,0,3256
RAP014,RAPER TRAIN DETERGENT 1/2 KG GREEN,-496.25,1118.0,-1614.25,diff,1773.15,-274.599,11761.076,4613
PR0130,PAPER REEL SIZE 39 (F &SF),13119.0,11507.0,1612.0,diff,0,-21697.0,0,3459
HLB002,HAPPY LAUNDRY BAR 190/24,1.0,-1610.0,1611.0,diff,2388.0,0,0,1398
PSS161,RING 8 KG C2 P3 LN,-801.0,801.0,-1602.0,diff,0,-801.0,0,4093
PKS334,SAGA DISHWASH  24PCS,1600.0,0.0,1600.0,missing_in_erp,1600.0,0,0,
PP0015,JAGMAG EMPTY BAG 10KG,12230.0,10630.0,1600.0,diff,0,-3270.0,0,3174
PSS137,LASHKARA ABDUL MANAN 90/40 C4 P3 LN,-800.0,800.0,-1600.0,diff,49592.0,-50392.0,0,4069
RM131,PREFORM BOTTLE 14GRAM 30MM,-1600.0,0.0,-1600.0,missing_in_erp,0,-1600.0,0,
PTF013,TARANUM CEILING BLADE SOLAR BOX C4 P3 LN,-598.0,998.0,-1596.0,diff,5263.0,-4859.0,0,4537
PBB292,BOX BOARD 29*39 230GRAM,-1595.13,0.0,-1595.13,diff,0,-1947.13,0,2220
PR0064,PAPER REEL SIZE 49 (F & SF),-1595.0,0.0,-1595.0,diff,0,-163013.0,0,3394
PMD002,AL HAMID CEILLING BODY C4 P5 LY,-4873.0,-3283.0,-1590.0,diff,2004.0,952.0,0,3087
PSS169,GUL-E-GULAB DARJA AWAL 40 TIKKI C4 P3 LN,-794.0,794.0,-1588.0,diff,10251.0,-11045.0,0,4101
PAC081,FINE BONE TEA SET 14PCS CTN C4 P3 LY,-1587.0,0.0,-1587.0,missing_in_erp,4120.0,0,0,
DW7003,TIGON DISHWASH 315/24,-788.0,788.0,-1576.0,diff,0,-788.0,0,1331
RM073,GLUE DRUM,-1568.0,0.0,-1568.0,diff,0,-7479.0,0,5241
PST022,WRAPPER GRAPKS CAMARA DEAR GRA 18-300-18,-1566.1,0.0,-1566.1,missing_in_erp,0,0,0,
PSS152,RING NAROL C3 P3 LN,-783.0,783.0,-1566.0,diff,7110.0,-7893.0,0,4084
PSS153,KHAN SOAP C3 P3 LN,-782.0,782.0,-1564.0,diff,5445.0,-6227.0,0,4085
PSS175,KHAN NO.142 C2 P3 LN,-782.0,782.0,-1564.0,diff,0,-782.0,0,4107
STK005,STICKER BRILLO DISHWASH LIQUID GREEN,-1560.0,0.0,-1560.0,missing_in_erp,0,-3960.0,0,
PSS100,LASHKARA 20 TIKKI NO.30 C2 P3 LN,-774.0,774.0,-1548.0,diff,0,-774.0,0,4032
PAZ001,RAHIL SABOON 36 TIKKI C4 P3 LY,-1544.0,0.0,-1544.0,missing_in_erp,3451.0,0,0,
PET025,PET SIZE 920MM 12 MICRON,1795.323,3331.628,-1536.305,diff,0,-13530.16,0,2479
PGB022,MUG CTN 96 PCS KHAKI SADA LOSE P3,-2354.0,-823.0,-1531.0,diff,1134.0,1044.0,0,2577
PAC073,SUPER BONE CHINA M.CTN 9&10 C1 P3 KHAKI,-3094.0,-1569.0,-1525.0,diff,700.0,682.0,0,1828
DT8007,SAFA DETERGENT 10KG 12.5AD,-1001.0,-2524.0,1523.0,diff,13398.0,-2971.0,0,1052
PSS016,BRILLO FRUTI SOAP LEMON 48PCS C4 P3 LN,-760.0,760.0,-1520.0,diff,4946.0,-5706.0,0,3948
PKF001,MINI BUTTER TOFFEE 24 BOXES,-1510.0,0.0,-1510.0,missing_in_erp,24873.0,-2629.0,0,
RM0008,CMC,631.009,-875.0,1506.009,diff,0,-52269.009,16586.086,5162
DTH005,HAPPY DETERGENT 20/240,14.0,-1490.0,1504.0,diff,3861.0,-141.0,0,1198
PNT002,NISHAT TEA 165 GRAM,-2553.0,-1050.0,-1503.0,diff,1107.0,560.0,0,3148
PKS314,BOXER DISHWASH 24PCS,1500.0,0.0,1500.0,missing_in_erp,1365.0,135.0,0,
STK004,STICKER BRILLO DISHWASH LIQUID LEMON,1500.0,0.0,1500.0,missing_in_erp,0,-3300.0,0,
PDF061,GM CARRO CEILING BODY (DIE CRYSTAL MODEL) C4 P5 LN,-3188.0,-1690.0,-1498.0,diff,4915.0,-1598.0,0,2393
PGB005,L.L SAIDA CHINA JUICER MUG J-4 M.CTN LOSE KHAKI C1 P3,-3090.0,-1604.0,-1486.0,diff,2870.0,954.0,0,2560
PSR065,CARTON 7-PLY 680*645*370MM DESERT SHOES,-1482.0,0.0,-1482.0,missing_in_erp,192.0,-192.0,0,
PSR125,CARTON 5PLY 740*420*355MM SERVIS LOGO,-2179.0,-700.0,-1479.0,diff,538.0,0,0,3840
PGB059,UNIQUE MUG 96 PCS LOSE CTN KHAKI C1 P3,-3664.0,-2186.0,-1478.0,diff,0,0,0,2614
PR0011,PAPER REEL SIZE 24 (F & SF),5751.6,7227.0,-1475.4,diff,96.0,-97620.4,0,3341
PAC017,A.H CUP & SAUCER BLACK SMALL BOX C4 P3 LY,1464.0,0.0,1464.0,missing_in_erp,1464.0,0,0,
PR0036,PAPER REEL SIZE 36 (TEST LINER),-1464.0,0.0,-1464.0,diff,0,-11209.0,0,3366
RAP086,RAPER BAHAR DETERGENT 1KG,-729.7,730.0,-1459.7,diff,802.0,-2879.14,0,4685
DT9041,JAGMAG DETERGENT 120/48 18A.D,-78.0,-1534.0,1456.0,diff,1864.0,1248.0,0,1133
PGB063,GREEN COFFEE MUG J-4 M.CTN 2DOZAN C1 P3,-1451.0,0.0,-1451.0,missing_in_erp,0,0,0,
PKS299,RING DISHWASH 70/36 EMPTY CTN,1450.0,0.0,1450.0,missing_in_erp,0,1450.0,0,
BOP059,CPP MTLYZ 810MM 25MICRON,-1441.0,0.0,-1441.0,diff,0,-729.3,0,68
PKS324,SKY WASH 500/24,1440.0,0.0,1440.0,missing_in_erp,1460.0,0,0,
PDF084,CEILLING M.CTN 3IN1 KHAKI SADA P5,1430.0,0.0,1430.0,missing_in_erp,1486.0,0,0,
DT2025,TRAIN DETERGENT 5 KG 10A.D,-12092.0,-10663.0,-1429.0,diff,51381.0,-13317.0,0,868
PSR109,CARTON 5-PLY 680*400*310MM WITH SERVIS LOGO,-1508.0,-104.0,-1404.0,diff,0,576.0,0,3824
PAC064,"A.H CUP & SAUCER DIBBI # 9,10 C4 P3",-1402.0,0.0,-1402.0,missing_in_erp,35184.0,1957.0,0,
PP0007,ARGHAWAN EMTPY BAG 10KG,4600.0,6000.0,-1400.0,diff,0,28183.0,34093.0,3166
PPD038,BOLAN CUP SAUCER M.CTN 4 DOZAN C1 P5,-3674.0,-2289.0,-1385.0,diff,0,0,0,3327
PP0074,PP BAG PRINT IFS 10KG,1360.0,0.0,1360.0,missing_in_erp,0,0,0,
PDF008,DECENT CEILING BLADE SHAYAN BOX C4 P3 LN,-1155.0,203.0,-1358.0,diff,4081.0,-2220.0,0,2340
DT1017,LASHKARA DETERGENT 500/12,-1633.0,-285.0,-1348.0,diff,27841.0,-26766.0,0,755
PGF019,GUJRAT CEILING BODY BLUE C4 P5,-4034.0,-2691.0,-1343.0,diff,16365.0,-6209.0,0,2677
PGB021,LEMON SHAP CUP SAUCER M.CTN 4 DOZEN KHAKI C1 P3,-1341.0,0.0,-1341.0,missing_in_erp,500.0,499.0,0,
PET011,PET SIZE 660MM 12 MICRON,1231.988,2571.747,-1339.759,diff,0,-10705.17,0,2465
PTF020,TARANUM ECO 30WT CEILLING BLADE RED C4 P3,-3792.0,-2460.0,-1332.0,diff,2130.0,0,0,4544
PKS291,BRILLO TOILET CLEANER 500ML P3,1329.0,0.0,1329.0,missing_in_erp,3426.0,-2097.0,0,
PAM021,AKM CEILLING BLADE C4 P3,-1328.0,0.0,-1328.0,missing_in_erp,0,0,0,
PSR020,CARTON 5-PLY 740*370*335 SERVIS LOGO,-1320.0,0.0,-1320.0,missing_in_erp,10416.0,-4392.0,0,
PBB273,BOX BOARD REEL SIZE 22,-226.0,1086.0,-1312.0,diff,0,-2276.0,0,2202
PGB053,GREEM MUG SHAPE CUP SAUCER M.CTN KHAKI C1 P3,-1309.0,0.0,-1309.0,missing_in_erp,0,0,0,
PP0056,SAFA EMPTY BAG 3KG,1300.0,0.0,1300.0,missing_in_erp,0,-2258.0,0,
PRA002,RAHIL DETERGENT 1KG/10 CTN C4 P5 LY,-650.0,650.0,-1300.0,diff,4686.0,-5336.0,0,3506
PSR063,CARTON 7PLY PRINTED ANTI SKID 670*645*365MM SIZE 8,-1297.0,0.0,-1297.0,missing_in_erp,211.0,-211.0,0,
DT2008,TRAIN DETERGENT 20KG 7%,-1760.0,-3055.0,1295.0,diff,11467.0,-2392.0,0,851
BOP052,BOPP PEARL SIZE 610MM 38 MICRON,482.4,1777.2,-1294.8,diff,0,-7818.63,0,61
PDF013,DECENT CEILING BLADE CRYSTAL BOX C4 P3 LN,-865.0,429.0,-1294.0,diff,5319.0,-5908.0,0,2345
PMW001,MOOLI WASHING POWDER 1KG*10 PACKS,1290.0,0.0,1290.0,missing_in_erp,10530.0,0,0,
PDF016,DECENT SUPER POWER PEDISTAL H-R BODY GREEN  C4 P5 LY,-641.0,641.0,-1282.0,diff,716.0,-1357.0,0,2348
DW7016,SAGA DISHWASH 100/36,459.0,-820.0,1279.0,diff,10500.0,-3297.0,0,1344
PGF020,GUJRAT CEILING BLADE BLUE C4 P3,-1278.0,0.0,-1278.0,missing_in_erp,15815.0,-6395.0,0,
RM0064,LAB,-1272.0,0.0,-1272.0,missing_in_erp,0,-96832.0,0,
RM0050,FRAGRANCE PINK (305),1270.5,0.0,1270.5,diff,0,-4907.0,0,5211
DT2022,TRAIN DETERGENT PLANT 160/24 10AD,-4245.0,-5507.0,1262.0,diff,55175.5,-28612.0,0,865
PBD005,EMPTY INK CAN,-1565.0,-305.0,-1260.0,diff,0,421.0,0,2272
PBB051,BOX BOARD 25*23 230 GRAM,-1254.46,0.0,-1254.46,diff,0,-3643.46,0,1982
PAC015,A.H MUG 8 DOZAN KHAKI CTN BOX CN P5 LN,-627.0,627.0,-1254.0,diff,8399.0,-9026.0,0,1770
PSR055,CARTON 5-PLY 720*500*345MM WITH SERVIS LOGO,1254.0,0.0,1254.0,missing_in_erp,3332.0,-139.0,0,
DTS004,SHINE ZO DETERGENT 90/36,0.0,-1249.0,1249.0,diff,1843.0,0,0,1219
LDM003,LD MILKY SHEET 610MM 30 MICRON,584.45,1819.75,-1235.3,diff,0,-13620.2,0,1411
PKS037,CARTOON HAPPY DISHWASH LIQUID (ORANGE),1233.0,0.0,1233.0,missing_in_erp,5496.0,-4258.0,0,
PR0115,PAPER REEL SIZE 54 (TEST LINER),-1231.0,0.0,-1231.0,diff,0,-1231.0,0,3444
RAP008,RAPER JAGMAG 500 GRM,-888.21,342.0,-1230.21,diff,1950.29,-5184.56,0,4607
PTF004,TARANUM PEDISTAL BASE RED BOX C4 P3 LN,-2160.0,-933.0,-1227.0,diff,5861.0,-4859.0,0,4528
PP0052,STAR EMPTY BAGS 30/144,1225.0,0.0,1225.0,missing_in_erp,0,0,0,
RM00501,FRAGNANCE LUX PINK,-1225.0,0.0,-1225.0,diff,0,0,0,5212
PDF028,DECENT SUPER POWER H-R BASE BLACK  BOX  C4 P3 LN,-610.0,610.0,-1220.0,diff,0,-610.0,0,2360
PBB297,BOX BOARD 38*28 230GRAM,-1216.0,0.0,-1216.0,diff,0,-1879.0,0,2225
PDF023,DECENT SUPER POWER H-R ROD BLACK BOX  C4 P3 LN,-608.0,608.0,-1216.0,diff,0,-608.0,0,2355
PSR032,CARTON 5-PLY 740*455*350MM SERVIS  LOGO,-1709.0,-500.0,-1209.0,diff,1593.0,-1593.0,0,3748
PR0137,PAPER REEL SIZE 24 (CMP),-682.0,525.0,-1207.0,diff,0,-2709.0,0,3466
BT012,EMPTY OIL BOTTLE 1000 ML,1200.0,0.0,1200.0,missing_in_erp,0,-6090.0,0,
DW2003,RING DISHWASH 140/36,-761.0,439.0,-1200.0,diff,32835.0,-33486.0,0,1286
PKS062,RING DISHWASH 48 TIKKI C2 P3 LN,1200.0,0.0,1200.0,missing_in_erp,5843.0,-4643.0,0,
PP0034,BAHAR EMPTY PP BAG 19/24,1200.0,0.0,1200.0,missing_in_erp,0,-1800.0,0,
PSS179,RING DIY L NO.35 ASAL BLUE C2 P3 LN,-600.0,600.0,-1200.0,diff,14826.0,-15426.0,0,4111
PSS107,LASHKARA 8 KG SIALKOT C2 P3 LN,-599.0,599.0,-1198.0,diff,0,-599.0,0,4039
PR0088,PAPER REEL SIZE 42 (F & S.F),67679.0,68875.0,-1196.0,diff,0,-104156.0,0,3418
PBB288,BOX BOARD 26*32 250GRAM,-1195.0,0.0,-1195.0,diff,0,-3476.0,0,2216
DT1001,LASHKARA DETERGENT 35/48,-726.0,464.0,-1190.0,diff,33029.0,-33541.0,0,739
DTT013,SKY WASH 1000/12 18AD,-1074.0,-2264.0,1190.0,diff,7901.0,0,0,1233
PDF009,DECENT CEILING BLADE PASSION BOX C4 P3 LN,-595.0,595.0,-1190.0,diff,2233.0,-2828.0,0,2341
PSS123,LASHKARA LAUDRY QUETTA C2 P5 LN,-595.0,595.0,-1190.0,diff,1975.0,-2570.0,0,4055
PDF006,DECENT CEILING BODY CRYSTAL BOX C4 P3 LN,-682.0,504.0,-1186.0,diff,3629.0,-4222.0,0,2338
RAP310,RAPER AL FIRDOUS VERMICELLI U SHAPE,-534.48,-1720.4,1185.92,diff,4932.23,0,0,4907
PDF021,DECENT SUPER POWER H-R ROD GREEN BOX  C4 P3 LN,-586.0,586.0,-1172.0,diff,0,-586.0,0,2353
PGB024,J4-M.CTN-EXPORT MUG KHAKI C1 P5,1171.0,0.0,1171.0,missing_in_erp,754.0,2188.0,0,
PET012,PET SIZE 510MM 12 MICRON,54.904,1224.824,-1169.92,diff,0,-2465.07,0,2466
BOP012,CPP MTZ 765MM 25 MICRON,1793.66,2963.16,-1169.5,diff,0,-3606.06,0,21
PGB027,GREEN BOWL CTN 6 DOZEN KHAKI SMALL C1 P3,-1163.0,0.0,-1163.0,missing_in_erp,1020.0,0,0,
RAP115,RAPER JAGMAG DETERGENT SHASAY BLUE,-580.0,580.0,-1160.0,diff,0,-580.0,0,4714
GPM001,CPP MTLYZ 910MM 25 MICRON,-827.0,323.2,-1150.2,diff,0,-16164.9,0,1395
NBP001,SUPER MELON 10PCS,-1150.0,0.0,-1150.0,missing_in_erp,0,0,0,
PSS119,LASHKARA KOHAT C4 P3 LN,-575.0,575.0,-1150.0,diff,0,-575.0,0,4051
RM192,FRAGNANCE LUX WHITE,548.5,-600.0,1148.5,diff,0,-51.0,0,5356
PSS194,PUNJAB NAROL 20 TIKKI DIY 790 (DEAD ITEM),-573.0,573.0,-1146.0,diff,0,-573.0,0,4126
PIC002,ICE CREAM SADA CTN P3,-365.0,-1510.0,1145.0,diff,34782.0,-17058.0,0,2783
PSR101,CARTON 7-PLY 560*390*370MM PRINTED BLOCK ONE SIDE,-1145.0,0.0,-1145.0,missing_in_erp,0,1468.0,0,
LDM009,LD MILKY SHEET 765MM 50  MICRON,-1133.8,0.0,-1133.8,diff,0,-10445.1,0,1417
PSR123,CARTON 5PLY 440*260*205 SERVIS LOGO,-1128.0,0.0,-1128.0,missing_in_erp,0,0,0,
DT9007,JAGMAG DETERGENT 20KG,-760.0,-1882.0,1122.0,diff,20702.0,-10278.0,0,1099
PBB266,BOX BOARD REEL SIZE 24,-526.0,594.0,-1120.0,diff,0,-4667.0,0,2195
PMA024,FOODLY MIX PICKLE 2KG 6PCS P5 LN C1,-1120.0,0.0,-1120.0,missing_in_erp,0,0,0,
PDF003,DECENT CEILING BODY ANTEEK JADEED  BOX C4 P5 LY,-559.0,559.0,-1118.0,diff,0,-559.0,0,2335
PDF010,DECENT CEILING BLADE ANTEEK JADEED BOX C4 P3 LN,-559.0,559.0,-1118.0,diff,877.0,-1436.0,0,2342
PDF018,DECENT SUPER POWER PEDISTAL BODY H-R BLACK,-556.0,556.0,-1112.0,diff,0,-556.0,0,2350
RAP021,RAPER BACHAT 1 KG,-555.7,556.0,-1111.7,diff,935.54,40323.251,42439.644,4620
PKS029,BRILLO DISHWASH LIQ LEMON CTN C4 P3 LN,1111.0,0.0,1111.0,missing_in_erp,3285.0,-2174.0,0,
PR0079,PAPER REEL SIZE 42 (CMP),-1108.0,0.0,-1108.0,diff,0,-2922.0,0,3409
PGB012,MUG SHAPE CTN 96PCS LOSE PACKING C1 P3,-1107.0,0.0,-1107.0,missing_in_erp,1000.0,394.0,0,
PTF006,TARANUM PEDISTAL ROD RED BOX C4 P3 LN,-2139.0,-1050.0,-1089.0,diff,4123.0,-3042.0,0,4530
PBB216,BOX BOARD REEL SIZE 49,-1086.0,0.0,-1086.0,diff,0,-48852.0,0,2145
PR0131,PAPER REEL SIZE 46 (TEST LINER),1154.0,2240.0,-1086.0,diff,0,-9119.0,0,3460
PAC092,S.F M.CTN CUP SAUCER 9&10 KHAKI C1 P3,-2422.0,-1337.0,-1085.0,diff,1173.0,0,0,1847
PR0160,PAPER REEL SIZE 23 (TEST LINER),1085.0,0.0,1085.0,missing_in_erp,0,0,0,
PMF002,MERCEDEZ BLADE BOX LARGE 10IN1 C2 P5 LN,-541.0,541.0,-1082.0,diff,685.0,-1226.0,0,3092
PSR062,CARTON 7PLY 780*410*340MM JOGGER CHEETAH SIZE,-1081.0,0.0,-1081.0,missing_in_erp,1725.0,-1283.0,0,
PBB246,BOX BOARD REEL SIZE 46,4630.0,5710.0,-1080.0,diff,0,-4178.0,0,2175
PSS167,BILAL 20 TIKKI KHAKI C2 P3 LN,-540.0,540.0,-1080.0,diff,1051.0,-1591.0,0,4099
PSN051,NAVEED SOAP CODE-143 C4 P3,-1079.0,0.0,-1079.0,missing_in_erp,0,0,0,
PGC004,GM-20 SADA CTN MUG 5DOZAN P3,-838.0,238.0,-1076.0,diff,0,-538.0,0,2629
RAP455,RAPER FALVO FOOD HERBS SPEICES LARGE,-0.2,-1063.95,1063.75,diff,1568.0,0,0,5047
BOP001,BOPP MAT 825MM 20 MICRON,-1062.44,0.0,-1062.44,diff,0,-1134.0,0,10
RAP024,RAPER BRILLO DETERGENT SASHAY 10RPS,-715.7,344.75,-1060.45,diff,0,2361.434,5200.884,4623
PR0132,PAPER REEL SIZE 46 (F & SF),30609.0,29549.0,1060.0,diff,0,-53795.0,0,3461
PGB018,LL SAIDA CTN 96PCS MUG SHAPE LOSE KHAKI C1 P3,-1057.0,0.0,-1057.0,missing_in_erp,704.0,539.0,0,
DT2017,TRAIN DETERGENT 4 KG 10AD,-2480.0,-3530.0,1050.0,diff,127457.0,-74575.0,0,860
RM0051,CP5 SOKLAN,-1048.85,0.0,-1048.85,missing_in_erp,0,-1740.0,1048.85,
PR0124,PAPER REEL SIZE 49 (CMP),-1048.0,0.0,-1048.0,diff,0,-33068.0,0,3453
PSN050,ZAIN SOAP CODE-143 C4 P3,-1043.0,0.0,-1043.0,missing_in_erp,991.0,0,0,
RAP107,RAPER PAKEEZA REFINED 800GRAMS,-1041.95,0.0,-1041.95,diff,6342.7,-3079.4,0,4706
PGB039,SADA CTN 96PCS DIE MUG SHAPE LOSE P3,-1038.0,0.0,-1038.0,missing_in_erp,554.0,0,0,
PAS010,MFA CUP SAUCER M.CTN NO.4 C4 P3,-1031.0,0.0,-1031.0,missing_in_erp,964.0,498.0,0,
PR0043,PAPER REEL SIZE 32 (TEST LINER),3198.0,2167.0,1031.0,diff,0,-27190.0,0,3373
LDM176,LD NATURAL SHEET 660MM 100MICRON,-1029.0,0.0,-1029.0,diff,0,-1029.0,0,1584
PGB029,MUG PETI KHAKI GREEN BONE CHINA 96PC LOSE C1 P3,-1029.0,0.0,-1029.0,missing_in_erp,2325.0,0,0,
PSR029,CARTON 5-PLY 740*450*335MM 12 SSC,-1029.0,0.0,-1029.0,missing_in_erp,954.0,-954.0,0,
PBB153,BOX BOARD 24*36 230 GRAM,-1025.8,0.0,-1025.8,diff,0,-7259.005,0,2083
RM088,GRAVURE INK CYAN (H-LAM),-143.5,875.0,-1018.5,diff,0,-8430.5,0,5256
PSN042,KAUSAR SOAP CODE#1 C2 P3,1016.0,0.0,1016.0,missing_in_erp,1016.0,1062.0,0,
PSS164,BILAL CHOCOLATE GUARDER 20 TIKKI C2 P3 LN,-508.0,508.0,-1016.0,diff,611.0,-1119.0,0,4096
PKS102,KHAKI SADA CTN P5,-1015.0,0.0,-1015.0,missing_in_erp,0,60.0,0,
PSN061,KAUSAR SOAP 4PACK LARGE C3 P3,-1015.0,0.0,-1015.0,missing_in_erp,0,0,0,
RM212,FRAGNANCE WHITE TIDE,-1014.7,0.0,-1014.7,missing_in_erp,0,-50.0,0,
PKS269,RAHIM GHEE 400/32 CTN C4 P5 LN,-1014.0,0.0,-1014.0,missing_in_erp,10128.0,-4140.0,0,
RAP459,RAPER K-DAILY FOOD MEDIUM,464.0,-548.65,1012.65,diff,1269.0,0,0,5051
RM270,ENZYMES BLEND,487.412,1500.0,-1012.588,diff,0,-747.8,1341.588,5434
PFR010,AL FIRDOUS COLOURED PASTA C3 P5,-4854.0,-3842.0,-1012.0,diff,4937.0,0,0,2554
PGB054,J-4 GREEN MUG CTN LOSE 60PCS KHSKI C1 P3,-1010.0,0.0,-1010.0,missing_in_erp,0,0,0,
PHS005,SHINE DETERGENT EMPTY CTN 500GRAM,566.0,-440.0,1006.0,diff,0,0,0,2775
PSM028,VENIZA BEAUTY 72 PCS JASMINE C2 P3 LN(CBB),-1006.0,0.0,-1006.0,missing_in_erp,3035.0,-3035.0,0,
PSM020,HARMONHY FRUTI SOAP ORANGE 48PCS C4 P3 LN,-4994.0,-3991.0,-1003.0,diff,14430.0,-11437.0,0,3611
PTF002,"TARANUM PEDISTAL BODY 24"" RED BOX C4 P5 LY",-2052.0,-1050.0,-1002.0,diff,5053.0,-4061.0,0,4526
BT008,EMPTY BOTTLE BACHAT TOILET CLEANER,1000.0,0.0,1000.0,missing_in_erp,0,1600.0,0,
PAC007,A.H CUP & SAUCER 4 DOZAN 4 CLR MASTER BOX C4 P3 LN,1000.0,0.0,1000.0,missing_in_erp,4611.0,-2915.0,0,
PKS320,BAHAR OIL CARTON 48 BOTTLE,1000.0,0.0,1000.0,missing_in_erp,2000.0,-1000.0,0,
PP0018,HOME CARE BRAND PP BAG EMPTY,1000.0,0.0,1000.0,missing_in_erp,0,-3000.0,0,
PP0046,MOMIN 5KG EMPTY BAG,1000.0,0.0,1000.0,missing_in_erp,0,-2570.0,0,
PP0087,BASE EMPTY BAG (LIGHTER DENSITY),1000.0,0.0,1000.0,missing_in_erp,0,0,0,
PSS197,TRAIN SOAP 40 TIKKI MULTAN,-500.0,500.0,-1000.0,diff,0,-500.0,0,4129
RM130,PREFORM BOTTLE 27GRAM 30MM,-1000.0,0.0,-1000.0,missing_in_erp,0,-1000.0,0,
RM170,PREFORM BOTTLE 31.4GRAM,33000.0,32000.0,1000.0,diff,0,-16000.0,0,5334
PGB052,J-3 GREEN LOSE MUG CTN 60PCS C1 P3,-999.0,0.0,-999.0,missing_in_erp,0,0,0,
PIA004,HUMBER DETERGENT 1KG*12PACK  C4 P5 LY,-999.0,0.0,-999.0,missing_in_erp,0,0,0,
PSN066,SHAHZAIN SOAP 4PACK SMALL DEY KAUSAR C4 P3,-999.0,0.0,-999.0,missing_in_erp,0,0,0,
PSS0009,RING SOAP 10KG NO.010 C2 P3,-17340.0,-18337.0,997.0,diff,0,0,0,3879
DW9011,HAPPY DISHWASH LIQUID LEMON 5KG BOTTLES,-650.0,-1646.0,996.0,diff,8163.0,-2866.0,0,1362
PDF086,DECENT CEILLING BLADE CAPRI MODEL C4 P3,-1600.0,-604.0,-996.0,diff,0,0,0,2418
PKS020,RING GOLA DISHWASH 140/36 CTN C4 P3 LN,996.0,0.0,996.0,missing_in_erp,70484.0,-69488.0,0,
PHS004,SHINE DETERGENT EMPTY CTN RS.100,995.0,0.0,995.0,missing_in_erp,0,0,0,
PDF087,LG CEILLING BODY DEY CRISTAL C4 P5,-994.0,0.0,-994.0,missing_in_erp,0,0,0,
PSM018,HARMOHNY FRUTI SOAP ORANGE 72PCS C4 P3 LN,-2988.0,-1995.0,-993.0,diff,13541.0,-13541.0,0,3609
PSM022,VANEEZA ORANGE 48 TEST LINER C2 P3 LN,993.0,0.0,993.0,missing_in_erp,993.0,0,0,
PSM027,VENIZA BEAUTY 48 PCS JASMINE C2 P3 LN(CBB),-993.0,0.0,-993.0,missing_in_erp,5260.0,-5260.0,0,
PHS006,SHINE DETERGENT EMPTY CTN 1KG,691.0,-300.0,991.0,diff,0,0,0,2776
PP0045,KAMIL 5KG EMPTY BAG,990.0,0.0,990.0,missing_in_erp,0,-2570.0,0,
PBB252,BOX BOARD REEL SIZE 39,6292.0,7281.0,-989.0,diff,0,-11461.0,0,2181
PKS081,SAGA DISHWASH LIQ ORANGE CTN C4 P3 LN,988.0,0.0,988.0,missing_in_erp,1600.0,-612.0,0,
PSS170,BILAL 60 TIKKI C1 P3 LN,-493.0,493.0,-986.0,diff,1762.0,-2255.0,0,4102
MO1004,MUSTARD OIL 845/6,-291.0,-1276.0,985.0,diff,13623.0,-8793.0,0,1729
PKS287,BRILLO DISH WASH 72,985.0,0.0,985.0,missing_in_erp,9166.0,-8166.0,0,
PDF075,DECENT SOLAR PEDISTAL ROD C4 P3,-984.0,0.0,-984.0,missing_in_erp,100.0,500.0,0,
PSM003,VANEEZA FRUTI SOAP PEACH 48PCS C4 P3 LN,-492.0,492.0,-984.0,diff,6129.0,-6621.0,0,3594
PIA003,HUMBER DISHWASH LIQUID 1500G*8 C4 P5 LY,-983.0,0.0,-983.0,missing_in_erp,0,0,0,
PBB300,BOX BOARD 27*23 250GRAM,-981.28,0.0,-981.28,diff,0,-981.28,0,2228
PAM001,AL MUMTAZ CIELING BODY AC/DC LARGE C4 P3 LN,-979.0,0.0,-979.0,missing_in_erp,6101.0,-2077.0,0,
PBB161,BOX BOARD 29*29 250 GRAM,-977.39,0.0,-977.39,diff,0,-2238.003,0,2091
LDM020,LD MILKY SHEET 720MM 30 MICRON,-977.0,0.0,-977.0,diff,0,-4486.8,0,1428
RM109,VARNISH,128.0,1100.0,-972.0,diff,0,-3098.0,0,5273
DT5009,LASHKARA DETERGENT NO.19 1000/12,-40.0,-1011.0,971.0,diff,5335.0,-1039.0,0,990
PSM007,PAIRACON FRUTI SOAP PEACH 48PCS C4 P3 LN,-485.0,485.0,-970.0,diff,0,-485.0,0,3598
MO1003,MUSTARD OIL 410/12,-387.0,-1356.0,969.0,diff,15716.0,-10379.0,0,1728
PMC001,MONILITH GLUE SADA CTN P5,-969.0,0.0,-969.0,missing_in_erp,0,986.0,0,
PGF033,SOLAR PEDISTAL BODY C4 P3 LY,-968.0,0.0,-968.0,missing_in_erp,0,0,0,
PLG013,GUR BOX C4 P3,-1166.0,-200.0,-966.0,diff,0,0,0,3043
PAM004,CEILING BLADE PETI 10 IN 1 WHITE PLAIN P5,-961.0,0.0,-961.0,missing_in_erp,3168.0,-919.0,0,
DT2075,TRAIN DETERGENT 250/48 10A.D,-106.0,-1062.0,956.0,diff,4327.0,1211.0,0,914
PKS027,TAIGON DISHWASH 120/36 CTN C4 P3 LN,-955.0,0.0,-955.0,missing_in_erp,1107.0,-1107.0,0,
PSS196,LASHKARA SOAP NO. 059,-477.0,477.0,-954.0,diff,0,-477.0,0,4128
DT2005,TRAIN DETERGENT 400/24,-1809.533,-2763.0,953.467,diff,8584.0,-1643.7,0,848
PGF022,GUJRAT PEDESTAL BODY NEW BLUE C4 P5 LY,-4312.0,-3360.0,-952.0,diff,8685.0,-2381.0,0,2680
PKS030,BRILLO DISHWASH LIQ ORANGE CTN C4 P3 LN,952.0,0.0,952.0,missing_in_erp,2527.0,-1575.0,0,
PSS051,TRAIN C-118 SIALKOT LARGE SIZE C2 P3 LN,-476.0,476.0,-952.0,diff,7556.0,-8032.0,0,3983
RM156,PREFORM BOTTLE 45 GRAM 28MM,17100.0,16150.0,950.0,diff,0,-18050.0,0,5320
RAP479,RAPER SHINE DETERGENT RS.10,-0.3,-948.6,948.3,diff,0,-172.0,0,5071
PDF001,DECENT CEILING BODY SHAYAN MODEL BOX C4 P5 LY,-950.0,-2.0,-948.0,diff,7869.0,-6056.0,0,2333
PKS095,BOXER DISHWASH 48 pcs C2 P3 LN KHAKI,943.0,0.0,943.0,missing_in_erp,6126.0,-5183.0,0,
RAP337,RAPER AL FIRDOUS VERMICELLI 500GRM,-538.88,-1481.45,942.57,diff,1859.28,0,0,4931
PSS061,TRAIN MARKA NO.61 (NEW SIZE) C4 P5 LN,-471.0,471.0,-942.0,diff,12950.0,-13421.0,0,3993
DT0006,BRILLO DETERGENT 3 KG,-2330.0,-3265.0,935.0,diff,21424.0,-9999.0,0,735
LDM175,LD MILKY SHEET 835MM 30MICRON,-934.0,0.0,-934.0,diff,0,-1550.0,0,1583
RAP020,RAPER PUNJAB DISHWASH 175MM RS.10,-705.73,226.0,-931.73,diff,1680.07,-6955.986,0,4619
RAP075,RAPER STAR DISHWASH 80 GRAM,-931.55,0.0,-931.55,diff,931.78,-937.4,0,4674
PSR048,CARTON 5-PLY 645*610*360MM SERVIS LOGO,-2022.0,-1091.0,-931.0,diff,729.0,205.0,0,3764
PGB030,PAKISTANI JUICER M.CTN(J-4)KHAKI C1 P3,-1432.0,-503.0,-929.0,diff,1100.0,0,0,2585
RAP091,RAPER HUNI DETERGENT 500GRAM,-464.0,464.0,-928.0,diff,0,-464.0,0,4690
PDF085,DECENT CEILING  BODY CAPRI MODEL C4 P5 LY,350.0,-576.0,926.0,diff,1917.0,0,0,2417
DT2087,TRAIN DETERGENT 130/48 10A.D,-521.0,-1445.0,924.0,diff,3226.0,0,0,926
RAP523,RAPER INSAAF SEEDS LARGE,0.0,-924.0,924.0,diff,924.0,0,0,5115
PBB068,BOX BOARD 19*38 230 GRAM,-10.29,911.0,-921.29,diff,0,-2902.996,0,1999
PR0150,PAPER REEL SIZE 40 (CMP),-921.0,0.0,-921.0,diff,0,-921.0,0,3478
PPD020,CUP DIBBI 17PCS (TEA SET) KHAKI SADA,-920.0,0.0,-920.0,missing_in_erp,101.0,0,0,
DT2004,TRAIN DETERGENT 800/12,-2348.847,-3266.0,917.153,diff,14142.0,-4054.6,0,847
PAC094,S.F M.CTN CUP SAUCER BOLAN KHAKI C1 P3,-1243.0,-329.0,-914.0,diff,1130.0,0,0,1849
PSM004,VANEEZA FRUTI SOAP JASMINE 48PCS C4 P3 LN,-455.0,455.0,-910.0,diff,1411.0,-1866.0,0,3595
DT8002,ARGHAWAN DETERGENT 10KG 12.5AD,-1252.0,-2157.0,905.0,diff,17984.0,-6715.0,0,1047
RAP481,RAPER SHINE DETERGENT RS.100,-4.87,-909.57,904.7,diff,0,-132.0,0,5073
PBB095,BOX BOARD 32*25 230 GRAM,-901.66,0.0,-901.66,diff,0,-26947.002,0,2026
RAP316,RAPER TRAIN DETERGENT 1KG YELLOW,895.985,0.0,895.985,missing_in_erp,895.985,0,0,
PR0037,PAPER REEL SIZE 37 (TEST LINER),890.0,0.0,890.0,missing_in_erp,0,-4147.0,0,
PDS002,D.F.C CEILING BLADE C4 P3 LN,-2082.0,-1198.0,-884.0,diff,10754.0,-8670.0,0,2430
PR0069,PAPER REEL SIZE 51 (KRAFT),-884.0,0.0,-884.0,diff,0,-13880.0,0,3399
PR0027,PAPER REEL SIZE 21 (F & SF),135.0,1017.0,-882.0,diff,0,-27490.0,0,3357
RAP081,RAPER VANIZA FRUITY SOAP ORANGE (LARGE),-440.0,440.0,-880.0,diff,1394.3,-1834.3,0,4680
RAP058,RAPER BOXER DETERGENT 500GRAM,-438.09,438.0,-876.09,diff,0,-488.05,0,4657
PSR098,CARTON 5 PLY 680*320*300MM 12P SERVIS LOGO,-1028.0,-158.0,-870.0,diff,0,0,0,3813
RM292,CALCIUM CARBONATE 900,-864.313,0.0,-864.313,diff,0,1937.0,2801.313,5456
PBB278,BOX BOARD 16*40 230GRAM,-855.34,0.0,-855.34,diff,0,-950.44,0,2206
DT99916,SAGA DETERGENT 5KG,-316.0,-1170.0,854.0,diff,23669.0,-5985.0,0,1148
DW9022,BAHAR DISHWASH LIQUID 900/12,-167.0,-1020.0,853.0,diff,5767.0,-730.0,0,1373
RAP033,RAPER  PUNJAB DISHWASH 220MM(20Rs),-424.815,425.0,-849.815,diff,1507.985,-4257.78,0,4632
PET020,PET SIZE 780MM 12 MICRON,562.836,1408.066,-845.23,diff,0,-4347.24,0,2474
LDM223,LD MILKY SHEET 680MM 40MICRON,0.0,-837.8,837.8,diff,0,-743.5,0,1631
LDM084,LD MILKY SHEET 810MM 25 MICRON,391.2,1224.8,-833.6,diff,0,-19795.51,0,1492
PR0089,PAPER REEL SIZE 42 (TEST LINER),4715.0,3885.0,830.0,diff,0,-17087.0,0,3419
RAP365,RAPER RING SOAP SPECIAL QUALITY,-1243.3,-2070.6,827.3,diff,3143.23,0,0,4959
BOP054,CPP MTLYZ 660MM 25MICRON,-826.98,0.0,-826.98,diff,0,-1068.63,0,63
PSR031,CARTON 5-PLY 680*400*310MM 12P SSC,-823.0,0.0,-823.0,missing_in_erp,1003.0,-1003.0,0,
PSS191,CC 145 C2 P3 LN,-410.0,410.0,-820.0,diff,0,-410.0,0,4123
RAP073,RAPER VANIZA FRUITY SOAP LARGE,-409.99,410.0,-819.99,diff,0,61.44,0,4672
DT8011,SAFA DETERGENT 20KG 12.5AD,-1377.0,-2192.0,815.0,diff,12917.0,-1660.0,0,1056
PMF023,UNIQUE CEILLING BODY C4 P5 LY,-812.0,0.0,-812.0,missing_in_erp,2889.0,0,0,
PGF011,GUJRAT PAK ASIA CEILING BLADE BOX C4 P3 LN,-2567.0,-1758.0,-809.0,diff,7672.0,-4529.0,0,2669
PMH001,MED HOUSE 1LT PLANE P5,806.0,0.0,806.0,missing_in_erp,1324.0,-179.0,0,
DT9039,JAGMAG DETERGENT 100/48 18A.D,-3458.479,-4261.0,802.521,diff,18791.0,-759.0,0,1131
LS0001,TRAIN NAROL(125/40),-800.0,0.0,-800.0,missing_in_erp,0,-1370.0,0,
PIC001,PRINTED KHAKI CRTN C1 P3 LN,-400.0,400.0,-800.0,diff,1013.0,-1413.0,0,2782
PSS125,LASHKARA 20 TIKKI NO. 153 C2 P3 LN,-400.0,400.0,-800.0,diff,38671.0,-39071.0,0,4057
PSS166,SARHAD SOAP 20 TIKKI (DEAD ITEM),-400.0,400.0,-800.0,diff,0,-400.0,0,4098
PFR007,AL FIRDOUS MACRONI FACNY/PREMIUM  C2 P5 LN,-1654.0,-856.0,-798.0,diff,1688.0,-492.0,0,2551
PSS054,TRAIN GOLD BAR C-143 C2 P3 LN,-395.0,395.0,-790.0,diff,26116.0,-26511.0,0,3986
PDF026,DECENT SUPER POWER H-R BASE GREEN BOX  C4 P3 LN,1392.0,605.0,787.0,diff,1997.0,-605.0,0,2358
PGF030,"IDEAL PEDISTAL BASE 24"" C4 P3 LN",-996.0,-1782.0,786.0,diff,2028.0,0,0,2688
PRC001,7-STAR BONE MUG CTN 8DOZAN NO.9 C4 P3,-1083.0,-302.0,-781.0,diff,0,0,0,3513
PAC022,A.H CUP & SAUCER 4 DOZAN 9&10 NO  KHAKI M.CTN CN P3 LN,-390.0,390.0,-780.0,diff,3229.0,-3619.0,0,1777
BOP005,BOPP MAT 850MM 20 MICRON,-774.0,0.0,-774.0,diff,0,-1140.0,0,14
PDF012,DECENT CEILING BLADE DELUX JADEED BOX C4 P3 LN,-384.0,384.0,-768.0,diff,1785.0,-2169.0,0,2344
PGB043,MUG CTN CHIRAGH SMALL 60PCS KHAKI C1 P3,-768.0,0.0,-768.0,missing_in_erp,487.0,0,0,
RAP245,RAPER NISHAT TEA 160 GRAM,-765.4,0.0,-765.4,diff,775.4,516.0,0,4842
DT9035,JAGMAG DETERGENT 240/36 18.AD,-96.5,-858.0,761.5,diff,4474.0,1180.0,0,1127
DT7015,RAHAL DETERGENT 10KG 12.5AD,-322.0,-1083.0,761.0,diff,7854.0,-1794.0,0,1017
PBB282,BOX BOARD 21*40 250GRAM,-759.92,0.0,-759.92,diff,0,-1043.52,0,2210
PR0058,PAPER REEL SIZE 44 (F & SF),29039.0,29796.0,-757.0,diff,0,-146616.0,0,3388
RAP482,RAPER SHINE DETERGENT 500GRAM,-2.18,-752.68,750.5,diff,0,-155.0,0,5074
PKS019,RING DISHWASH 300/24 CTN C2 P3 LN,750.0,0.0,750.0,missing_in_erp,134446.0,-133696.0,0,
RAP028,RAPER BAHAR D/W 120 GRMS,-228.0,521.5,-749.5,diff,389.0,-1429.625,0,4627
RAP110,RAPER RING GOLA 80/36,-343.5,405.5,-749.0,diff,336.5,-680.0,0,4709
BTC001,BAHAR TOILET CLEANER 500/12,-6.0,-748.0,742.0,diff,4273.1,-1675.0,0,134
DT2021,TRAIN DETERGENT PLANT 25/120 10AD,-45.0,-780.0,735.0,diff,26145.0,-17933.0,0,864
RAP278,RAPER TRAIN DETERGENT 5KG YELLOW,725.95,0.0,725.95,diff,1070.55,-935.0,0,4875
DTT012,SKY WASH 500/24 18AD,-868.0,-1593.0,725.0,diff,6046.0,0,0,1232
RM178,SOAP NODLES,-725.0,0.0,-725.0,diff,0,-69500.0,0,5342
LDM095,LD NATURAL SHEET 810MM 60MICRON,-721.0,0.0,-721.0,diff,0,-3244.0,0,1503
PBB313,BOX BOARD REEL SIZE 31,1457.0,737.0,720.0,diff,0,-680.0,0,2241
PDF058,DECENT CROWN BODY C4 P5 LY,-720.0,0.0,-720.0,missing_in_erp,2550.0,710.0,0,
RAP069,OLYMPIA RAPER NO#1 80/48,-360.0,360.0,-720.0,diff,0,-2980.3,0,4668
RAP483,RAPER SHINE DETERGENT 1KG,-0.3,-720.3,720.0,diff,0,-328.0,0,5075
LS0004,TRAIN NAROL (250/40),-718.0,0.0,-718.0,missing_in_erp,0,-1123.0,0,
PAC084,HAMZA TEA M.CTN 14PCS C1 P5 KHAKI,456.0,-262.0,718.0,diff,3356.0,0,0,1839
PET002,PET SIZE 855MM 12 MICRON,4172.744,4886.258,-713.514,diff,0,-23829.11,120.236,2456
DW1008,TRAIN DISHWASH LONGBAR 180/24,-1.0,-714.0,713.0,diff,15379.0,-8649.0,0,1267
RAP070,RAPER INSAAF SALT 800GRAM,-1157.68,-1868.35,710.67,diff,6311.402,-2756.76,0,4669
LDM075,LD NATURAL SHEET 680MM 30 MICRON,-77.1,631.6,-708.7,diff,0,-3489.8,0,1483
PBD009,EMPTY SLES DRUM,-810.0,-102.0,-708.0,diff,0,69.0,0,2275
PPD009,TEA POT SADA BOX P3,708.0,0.0,708.0,missing_in_erp,10376.0,-5609.0,0,
PHI001,HONEY ICE CREAM SADA P3,-705.0,0.0,-705.0,missing_in_erp,1061.0,4502.0,0,
BOP055,BOPP PEARL 680MM 38 MICRON,703.0,0.0,703.0,diff,0,-307.2,0,64
RAP494,RAPER PETAL CLASSIC DT RS.50,428.4,-273.6,702.0,diff,946.0,0,0,5086
RAP114,RAPER JAGMAG DETERGENT SHASAY RED,-350.5,350.0,-700.5,diff,0,-350.5,0,4713
PP048,HUMBER 10KG,-700.0,0.0,-700.0,missing_in_erp,0,0,0,
PR0114,PAPER REEL SIZE 40 (KARFT),-700.0,0.0,-700.0,diff,0,-4143.0,0,3443
BOP074,CPP NATURAL 920MM 25MICRON,1011.05,312.3,698.75,diff,0,-136.85,0,83
LDM258,LD NATURAL SHEET 660MM 80MICRON,39.0,737.6,-698.6,diff,0,-698.6,0,1666
RAP514,RAPER STONE ZINC 4KG,0.35,-695.65,696.0,diff,696.0,0,0,5106
PSR033,CARTONB5-PLY 590*460*340MM SERVIS LOGO,-760.0,-65.0,-695.0,diff,1139.0,-387.0,0,3749
RM100,GRAVUER INK RED (H-LAM),-694.0,0.0,-694.0,diff,0,-1660.0,0,5264
PFR005,AL FIRDOUS MACARONI PREMIUM 400 GRAM C2 P5 LN,-692.0,0.0,-692.0,missing_in_erp,5414.0,-3128.0,0,
PR0127,PAPER REEL SIZE 38 (CMP),2732.0,3424.0,-692.0,diff,0,-16496.0,0,3456
DTG005,PETAL CLASSIC DETERGENT 500/24,-100.0,-791.0,691.0,diff,0,691.0,0,1190
LDM150,LD NATURAL SHEET 810MM 70MICRON,-690.0,0.0,-690.0,diff,0,-1035.0,0,1558
PET084,M.PET SIZE 640MM 12 MICRON,689.05,0.0,689.05,diff,0,-15.9,0,2538
RAP513,RAPER MOCKUP 4KG,0.35,-686.65,687.0,diff,687.0,0,0,5105
PSR012,CARTON 7PLY WATER PROOF711*660*368MM,-685.0,0.0,-685.0,missing_in_erp,3378.0,-3480.0,0,
RAP516,RAPER INSAAF SEEDS SMALL,-412.2,-1093.2,681.0,diff,681.0,0,0,5108
LDM146,LD MILKY SHEET 680MM 25 MICRON,-680.0,0.0,-680.0,diff,0,-508.0,0,1554
DW1004,TRAIN LONG BAR 225/24,-372.0,307.0,-679.0,diff,7122.0,-7667.0,0,1263
LDM085,LD MILKY SHEET 765MM 25 MICRON,-667.3,0.0,-667.3,diff,0,-4149.35,0,1493
PKC009,PORTLAND CUP SAUCER M.CTN 4DZN KHAKI C1 P3,-665.0,0.0,-665.0,missing_in_erp,0,0,0,
PGB065,SADA MUG DIBBI 2PCS KHAKI,-1178.0,-516.0,-662.0,diff,0,0,0,2620
PPD014,P.D TEA SET 14PCS MASTER CTN  C4 P3 LY,-659.0,0.0,-659.0,missing_in_erp,13783.0,-10372.0,0,
DT2002,LASHKARA DETEREGENT 5KG 10 AD MANUAL,-658.0,0.0,-658.0,missing_in_erp,11206.0,-11247.0,0,
PSR111,CARTON 5-PLY 670*455*350 SADA,-1906.0,-1248.0,-658.0,diff,807.0,199.0,0,3826
DT7016,RAHIL DETERGENT 20KG 12.5 AD,-728.0,-1385.0,657.0,diff,9286.0,-3534.0,0,1018
DTH003,HAPPY DETERGENT 500/24,-217.0,-873.0,656.0,diff,2210.0,1347.0,0,1196
DW1010,TRAIN DISHWASH 70/72,0.0,-653.0,653.0,diff,8039.0,-490.0,0,1269
RAP193,RAPER LASHKARA DETERGENT 400GRAM,650.43,0.0,650.43,diff,1813.93,-1163.5,0,4790
DT1057,LASHKARA DETERGENT 250/12,0.0,-650.0,650.0,diff,6299.0,-3780.0,0,795
LDM224,LD MILKY SHEET 720MM 40MICRON,1032.6,382.6,650.0,diff,0,-1359.3,0,1632
PGH016,ROD PEDISTAL UNIVERSAL KHAKI C1 P3,-3174.0,-2524.0,-650.0,diff,0,0,0,2707
PR0032,PAPER REEL SIZE 27 (TEST LINER),3203.0,2553.0,650.0,diff,0,-15010.0,0,3362
PC0001,PAPER CONE 3*70,316.0,959.0,-643.0,diff,0,-3619.0,0,2284
PMF018,MERCEDES SOLAR PEDISTAL BODY C4 P5 LY,-6382.0,-7025.0,643.0,diff,16840.0,4739.0,0,3108
PSR132,CATON 5-PLY 540*530*340 SERVIS LOGO,-643.0,0.0,-643.0,missing_in_erp,427.0,0,0,
PDF039,DECENT CEILING BLADE CARRO BOX C4 P3 LN,-2872.0,-2231.0,-641.0,diff,11241.0,-7023.0,0,2371
DT1048,LASHKARA DETERGENT 500/24,-130.0,-769.0,639.0,diff,5444.0,-552.0,0,786
PKS306,BAHAR DISH WASH LIQUID LEMON,636.0,0.0,636.0,missing_in_erp,669.0,-33.0,0,
DW1027,STAR DISHWASH 110/36,0.0,-634.0,634.0,diff,3940.0,0,0,1283
PR0038,PAPER REEL SIZE 26 (TEST LINER),2942.0,2309.0,633.0,diff,0,-18167.0,0,3368
PP046,RAPER SAFA DETERGENT  500GRAM,-630.29,0.0,-630.29,missing_in_erp,0,120.0,0,
RM104,ETHYAL GLYCOL,-630.0,0.0,-630.0,diff,0,-1355.0,0,5268
PET023,PET SIZE 800MM 12 MICRON,627.996,0.0,627.996,diff,0,-2370.19,0,2477
POS002,LARGE SIZE PIZZA BOX C4 P3,-1090.0,-464.0,-626.0,diff,1000.0,0,0,3158
RM0021,BORAX POWDER,-125.0,500.0,-625.0,diff,0,-4200.0,0,5182
LDM217,LD NATURAL SHEET 880MM 30MICRON,2627.25,3250.45,-623.2,diff,0,-1328.0,0,1625
PBD004,IRON EMPTY DRUM,-752.0,-132.0,-620.0,diff,0,1067.0,0,2271
RAP068,OLYMPIA RAPER NO#1 280/36,-310.0,310.0,-620.0,diff,0,-1802.64,0,4667
DT7028,RAHIL DETERGENT 1KG /20 12AD,-187.0,-805.0,618.0,diff,4010.0,930.0,0,1030
PKS052,BACHAT DISHWASH 240/36 C4 P3 LN,618.0,0.0,618.0,missing_in_erp,8897.0,-8279.0,0,
PAC028,A.H CUP  & SAUCER NO.4 BOLAN M.CTN 4 DOZEN NEW,-616.0,0.0,-616.0,missing_in_erp,2722.0,-2229.0,0,
LDM047,LD NATURAL SHEET 720MM 30 MICRON,1142.2,1757.1,-614.9,diff,0,-4757.0,0,1455
DW2004,RING DISHWASH GOLA 120/36,-189.0,423.0,-612.0,diff,4796.0,-4940.0,0,1287
DTG007,SAMARA GOLD DETERGENT 90/96,-1.0,-612.0,611.0,diff,0,611.0,0,1192
RAP515,RAPER ZETAX 2KG,0.45,-610.55,611.0,diff,611.0,0,0,5107
DW7002,TIGON DISHWASH 230/36,-305.0,305.0,-610.0,diff,1215.0,-1520.0,0,1330
PDF074,DECENT SOLAR PEDISTAL BODY C4 P5,-608.0,0.0,-608.0,missing_in_erp,0,1010.0,0,
PSR021,CARTON 5PLY 620*585*290 SSC,-608.0,0.0,-608.0,missing_in_erp,500.0,-500.0,0,
BOP021,BOPP TRI PACK 760MM 25MICRON,-607.0,0.0,-607.0,diff,0,-2291.6,0,30
PR0062,PAPER REEL SIZE 38 (TEST LINER),2264.0,1657.0,607.0,diff,0,-17163.0,0,3392
RAP321,RAPER AL FIRDOUS COLOURED PASTA,-52.31,-655.5,603.19,diff,1389.33,0,0,4918
PBB303,BOX BOARD 26*34 230GRAM,-603.16,0.0,-603.16,diff,0,-1206.16,0,2231
PDF076,DECENT SOLAR PEDISTAL BASE C4 P3,-600.0,0.0,-600.0,missing_in_erp,0,995.0,0,
PDF079,DECENT CROWN CEILLING  BLADE SMALL C4 P3,-600.0,0.0,-600.0,missing_in_erp,0,0,0,
PKS335,TRAIN DISHWASH GOLA 24PCS 4CLR P3V,600.0,0.0,600.0,missing_in_erp,600.0,0,0,
PP0059,ARGHAWAN EMPTY BAG 3KG,600.0,0.0,600.0,missing_in_erp,0,-1430.0,0,
PWF008,SADA KHAKI CARTON 5 PLY,-600.0,0.0,-600.0,missing_in_erp,310.0,-310.0,0,
RM289,FRAGNANCE JOLLY ORANGE,600.0,0.0,600.0,missing_in_erp,0,0,0,
PSR038,CARTON 5 PLY 680*320*300MM 12P SSC LOGO,-597.0,0.0,-597.0,missing_in_erp,1152.0,-1152.0,0,
RAP318,RAPER DELUXE TURKEY BEAUTY SOAP ALMOND TOUCH,-428.09,-1024.35,596.26,diff,2488.42,0,0,4915
DT2010,TRAIN DETERGENT 400/12 10A.D,-1196.0,-602.0,-594.0,diff,11827.0,-10495.0,0,853
POS003,MEDIUM SIZE PIZZA BOX C4 P3,-594.0,0.0,-594.0,missing_in_erp,1042.0,0,0,
RAP275,RAPER CHEETA DISHWASH BAR RS.50,-581.45,-1172.8,591.35,diff,2296.34,0,0,4872
LDM254,LD NATURAL SHEET 800MM 100MICRON,218.0,808.1,-590.1,diff,0,-590.1,0,1662
DT9002,JAGMAG DETERGENT 800/12,-590.0,0.0,-590.0,missing_in_erp,5529.0,-5829.0,0,
PBB259,BOX BOARD 23*32 230 GRAM,611.0,1201.0,-590.0,diff,0,-1671.0,0,2188
PDS003,DANISH CEILING BODY C4 P5 LY,-1071.0,-481.0,-590.0,diff,3106.0,-941.0,0,2431
PKS301,BACHAT TOILET CLEANER 250/24 CTN,590.0,0.0,590.0,missing_in_erp,1115.0,-495.0,0,
RAP283,RAPER NISHAT TEA 6 GRAM,-1135.92,-548.45,-587.47,diff,1687.37,0,0,4880
POS001,FAMILY SIZE PIZZA BOX C4 P3,-585.0,0.0,-585.0,missing_in_erp,1054.0,0,0,
LDM253,LD NATURAL SHEET 810MM 150MICRON,45.0,626.6,-581.6,diff,0,-581.6,0,1661
PPD034,MUG PETTI ASL 8DOZAN SADA KHAKI P3,-1104.0,-523.0,-581.0,diff,0,0,0,3323
RM089,GRAVURE INK MAGENTA (H-LAM),-55.906,525.0,-580.906,diff,0,-4538.0,5.906,5257
LDM188,LD MILKY SHEET 720MM 32MICRON,-580.1,0.0,-580.1,diff,0,-3515.9,0,1596
RAP388,RAPER AL MAZHAR DISHWASH LONG BAR,-580.05,0.0,-580.05,diff,1142.8,0,0,4982
PKS045,BACHAT DISHWASH 120/36 C4 P3 LN,575.0,0.0,575.0,missing_in_erp,7026.0,-6451.0,0,
RM0065,CAUSTIC PATHRI,-300.0,275.0,-575.0,diff,0,-2725.0,0,5227
PSS092,LASHKARA NO.26 C2 P3 LN,-287.0,287.0,-574.0,diff,1787.0,-2074.0,0,4024
RAP330,RAPER RING SOAP 4PACK NEW,-687.2,-1258.65,571.45,diff,2685.21,0,0,4924
RAP047,SAGA DISHWASH SMALL (GREEN),-283.7,283.5,-567.2,diff,0,-544.714,0,4646
RAP445,RAPER HUMBER DETERGENT 3KG PINK,566.7,0.0,566.7,missing_in_erp,1089.0,0,0,
LDM149,LD MILKY SHEET 910MM 60MICRON,-564.8,0.0,-564.8,diff,0,-2136.0,0,1557
LDM255,LD NATURAL SHEET 610MM 120MICRON,646.2,1210.7,-564.5,diff,0,-564.5,0,1663
PR0175,PAPER REEL SIZE 24.5 (F & SF),563.0,0.0,563.0,missing_in_erp,0,-2209.0,0,
RM153,GRAVURE REDUCTION MEDIUM INK,-513.0,50.0,-563.0,diff,0,-3314.0,0,5317
LDM181,LD NATURAL SHEET 680MM 120MICRON,2066.5,2629.0,-562.5,diff,0,-937.5,0,1589
PET062,M.PET SIZE 740MM 12MICRON,-259.37,303.0,-562.37,diff,0,-562.37,0,2516
RAP092,RAPER HUNI DETERGENT RS10,-281.15,281.15,-562.3,diff,0,-281.15,0,4691
PSR134,CARTON 7-PLY 710*660*370 UNPRINTED,-1823.0,-1261.0,-562.0,diff,1509.0,0,0,3849
RAP002,RAPER LASHKARA SASHAY 10 RS,-334.09,226.0,-560.09,diff,3294.476,-9461.66,10228.816,4598
PR0045,PAPER REEL SIZE 24 (TEST LINER),560.0,0.0,560.0,missing_in_erp,0,-2191.0,0,
RAP183,RAPER RING SOAP 4 PACK,-1103.3,-545.05,-558.25,diff,1628.4,2045.9,0,4780
RAP060,RAPER BRILLO DISHWASH RS-10,-278.9,279.3,-558.2,diff,168.0,-1251.12,0,4659
PSM037,LAIBA FRUITY SOAP (LEMON) 144 PCS C4 P3,-557.0,0.0,-557.0,missing_in_erp,3018.0,-3018.0,0,
BOP060,CPP MTLYZ 780MM 25MICRON,-555.0,0.0,-555.0,diff,0,-555.08,0,69
PDF059,DECENT CROWN BLADE C4 P3,-555.0,0.0,-555.0,missing_in_erp,2234.0,1074.0,0,
RAP097,RAPER SHAHZAIN SOAP PINK,-277.14,277.0,-554.14,diff,511.76,-788.76,0,4696
DW1005,TRAIN DISHWASH JUMBO 180/24,-669.0,-1223.0,554.0,diff,34471.0,-17038.0,0,1264
RAP393,RAPER SKY WASH 500GRAM,-553.6,0.0,-553.6,diff,1146.4,-1146.0,0,4987
PBB179,BOX BOARD 30*40 230 GRAM,3587.966,3036.0,551.966,diff,0,-1638.002,0,2109
PAC075,SUPER BONE CHINA M.CTN BOLAN C1 P3 KHAKI,-1235.0,-684.0,-551.0,diff,537.0,508.0,0,1830
DTT007,TOWER DETERGENT 20KG 12AD,-601.0,-1151.0,550.0,diff,4957.0,400.0,0,1227
DW1021,TRAIN DISHWASH 220/24 GOLA,18.0,-532.0,550.0,diff,550.0,0,0,1277
PGB062,LL SAIDA MUG CTN 96PCS M-11 KHAKI C1 P3,-1154.0,-604.0,-550.0,diff,0,0,0,2617
RM0043,FRAGNANCE PEACH,550.0,0.0,550.0,diff,0,-400.0,0,5204
RAP387,RAPER AL MAZHAR DISHWASH BAR,-548.26,0.0,-548.26,diff,1064.45,0,0,4981
PBB184,BOX BOARD REEL SIZE 20 200 GRAM,-548.0,0.0,-548.0,diff,0,-2004.0,0,2113
RAP331,RAPER SUPER ENERGY BISCUIT GOOD TIME RS#5,-546.62,0.0,-546.62,diff,934.73,0,0,4925
CLY391,GN DETERGENT POWDER 1KG,546.0,0.0,546.0,diff,546.0,0,0,553
PDF027,DECENT SUPER POWER BASE BLACK BOX  C4 P3 LN,439.0,985.0,-546.0,diff,5485.0,-3640.0,0,2359
LDM030,LD MILKY SHEET 910MM 30 MICRON,-545.7,0.0,-545.7,diff,0,-4109.3,0,1438
DT99933,CLEAN DAY DETERGENT 1000/12,50.67,-494.0,544.67,diff,110.0,518.0,0,1167
PSM039,LAIBA FRUITY SOAP (ORANGE) 144 PCS C4 P3,-543.0,0.0,-543.0,missing_in_erp,3083.0,-3083.0,0,
RAP382,RAPER CLEAN DAY DETERGENT RS.50,-540.7,0.0,-540.7,diff,540.7,0,0,4976
RM295,WAVY DETERGENT FRAGRANCE,900.0,360.0,540.0,diff,0,0,0,5459
RAP049,SAGA DETERGENT POWDER 500GRAM,-269.91,270.0,-539.91,diff,612.74,-218.314,0,4648
RAP465,RAPER K-DAILY FOODS LARGE,-0.2,-539.95,539.75,diff,850.0,0,0,5057
RAP480,RAPER SHINE DETERGENT RS.50,-9.1,-547.4,538.3,diff,0,-260.0,0,5072
LDM074,LD NATURAL SHEET 875MM 25 MICRON,-538.0,0.0,-538.0,diff,0,-1151.8,0,1482
RAP300,RAPER CHEETA SERVIS BOTTOM+TOP,-537.0,0.0,-537.0,diff,1418.0,-1418.0,0,4897
LDM088,LD MILKY SHEET 460MM 60 MICRON,1340.5,1876.9,-536.4,diff,0,-5472.22,0,1496
BTC004,BRILLO TOILET CLEANER 500/12,0.0,-536.0,536.0,diff,5599.0,-3178.0,0,137
PGT009,GOLDEN STAR CEILLING BODY C4 P5 LY,-1618.0,-1083.0,-535.0,diff,2595.0,6344.0,0,2732
PGN002,GN DETERGENT KHADKI 1000/12 P5,-534.0,0.0,-534.0,missing_in_erp,1121.0,0,0,
STK018,STICKER SAFA ITTIHAD 1.5KG,-533.63,0.0,-533.63,diff,0,0,0,5545
PSR120,CARTON 7PLY 670*645*365MM UNPRINTED,-586.0,-54.0,-532.0,diff,0,0,0,3835
PET007,PET SIZE 460MM 12 MICRON,439.395,971.255,-531.86,diff,0,-8692.61,0,2461
DT5008,LASHKARA DETERGENT NO.19 220/12,-80.0,-611.0,531.0,diff,4069.03,-1353.03,0,989
LDM186,LD NATURAL SHEET 460MM 60MICRON,-168.3,362.7,-531.0,diff,0,-531.0,0,1594
PDS004,DANISH CEILING BLADE C4 P3 LN,-1012.0,-481.0,-531.0,diff,1965.0,258.0,0,2432
RAP367,WHITE STAND POUCH 230*310 GUZZT-100,0.15,-530.3,530.45,diff,1485.0,0,0,4961
RAP350,RAPER ALIZA DTEREGENT 500GRAM,-529.1,0.0,-529.1,diff,529.586,-5.0,0,4944
PPD037,MUG M.CTN 8DOZAN LARGE C1 P3,-798.0,-270.0,-528.0,diff,0,0,0,3326
PBB290,BOX BOARD 24*41 230GRAM,1387.0,1913.0,-526.0,diff,0,-2015.0,0,2218
PET052,M.PET SIZE 810MM 12 MICRON,-521.5,0.0,-521.5,diff,0,-1442.46,0,2506
RAP439,RAPER FALVO FOOD HERBS SPEICES MEDIUM,-463.9,-984.95,521.05,diff,1053.0,0,0,5032
PBB279,BOX BOARD 30*39 230GRAM,937.0,1458.0,-521.0,diff,0,-2101.0,0,2207
RAP146,RAPER VENUS SOAP SPECIAL QUALITY,-0.27,-520.3,520.03,diff,1159.23,-639.2,0,4743
TF001,TAZGI FRUITY LEMON (120/48),-520.0,0.0,-520.0,missing_in_erp,0,-976.0,0,
LDM234,LD NATURAL SHEET 510MM 100MICRON,790.4,1308.6,-518.2,diff,0,-1374.2,0,1642
PDS018,SAPHIRE CEILLING BLADE C4 P3,-718.0,-202.0,-516.0,diff,0,0,0,2446
RAP159,RAPER BAHU SOAP MEDIUM,-494.91,-1010.2,515.29,diff,5098.78,-1004.4,0,4756
RAP385,RAPER ABRAJ HYBRID RICE SEED F1 5KG,-514.65,0.0,-514.65,diff,514.6,-1.0,0,4979
PGB058,SADA 96PCS MUG CTN LOSE SMALL KHAKI C1 P3,-512.0,0.0,-512.0,missing_in_erp,0,0,0,
PGF021,GUJRAT BLADE PETI 10 IN 1 C1 P5,-662.0,-1174.0,512.0,diff,4087.0,-641.0,0,2679
PRC006,PERFECT BONE MUG CTN 8DOZAN NO.9/10 KHAKI C1 P3,-512.0,0.0,-512.0,missing_in_erp,0,0,0,
PGB010,SHAFQAT TARDERS MUG CTN 96PCS KHAKI C1 P3,511.0,0.0,511.0,missing_in_erp,2610.0,295.0,0,
HLB004,HAPPY LAUNDRY BAR 150/24 (SINDH),-930.0,-1440.0,510.0,diff,0,0,0,1400
LDM250,LD NATURAL SHEET 540MM 70MICRON,508.0,0.0,508.0,diff,0,-0.99,0,1658
PAC078,SUPER BONE CHINA JUICE MUG M.CTN  6 DOZEN C1 P5,-1467.0,-959.0,-508.0,diff,0,400.0,0,1833
PGB031,CHINA SHAPE (DEY-MUG SHAPE) CTN 96PCS LOSE PACKING C1 P3,508.0,0.0,508.0,missing_in_erp,1059.0,0,0,
PAC063,A.H 4 DOZAN MASTER CTN Brown CUP SAUCER  C4 P3,-507.0,0.0,-507.0,missing_in_erp,2675.0,-564.0,0,
PGB006,L.L SAIDA PAKISTANI JUICER MUG J-3 M.CTN KHAKI C1 P3,-507.0,0.0,-507.0,missing_in_erp,1603.0,504.0,0,
PBB289,BOX BOARD 29*36 250GRAM,184.53,690.0,-505.47,diff,0,-606.47,0,2217
PFR009,AL FIRDOUS TIKKA MACRONI 2 IN 1 P5 C2,-1484.0,-979.0,-505.0,diff,2085.0,-496.0,0,2553
PGB056,J-5 MUG M.CTN 60PCS LOSE L.L SAIDA KHAKI C1 P3,-505.0,0.0,-505.0,missing_in_erp,0,0,0,
PRC002,7-STAR BONE MUG CTN 8DOZAN NO.8 KHAKI C1 P3,-505.0,0.0,-505.0,missing_in_erp,0,0,0,
DW1006,TRAIN DISHWASH 120/24,-200.0,-704.0,504.0,diff,904.0,-200.0,0,1265
PGB055,J-5 MUG M.CTN 60PCS LOSE GREEN KHAKI C1 P3,-503.0,0.0,-503.0,missing_in_erp,0,0,0,
DT99937,CLEAN DAY DETERGENT 80/60,6.0,-496.0,502.0,diff,1.0,420.0,0,1171
PRC005,POSH BONE MUG CTN 8DOZAN NO.9/10 KHAKI C1 P3,-502.0,0.0,-502.0,missing_in_erp,0,0,0,
PRC003,PERFECT BONE MUG CTN 8DOZAN NO.8 KHAKI C1 P3,-501.0,0.0,-501.0,missing_in_erp,0,0,0,
PDF034,DECENT ANTIQUE MODEL JADEED (DEAD ITEM),-250.0,250.0,-500.0,diff,0,-250.0,0,2366
PGB011,GREEN KOLI M.CTN 192PCS KHAKI C1 P3,-1011.0,-511.0,-500.0,diff,1291.0,499.0,0,2566
PGB013,GREEN MUG SHAPE CTN 96PCS LOSE PACKING C1 P3,-500.0,0.0,-500.0,missing_in_erp,1200.0,97.0,0,
PGB060,GREEN MUG CTN 96PCS M-11 KHAKI C1 P3,-1056.0,-556.0,-500.0,diff,0,0,0,2615
PKC004,KOLI DABI SADA KHAKI P3,500.0,0.0,500.0,missing_in_erp,8805.0,0,0,
PKS325,SKY WASH 240/30,500.0,0.0,500.0,missing_in_erp,500.0,0,0,
PP0010,EMPTY BAG BRILLO3 KG,500.0,0.0,500.0,missing_in_erp,0,82564.0,82064.0,
PP0088,EMPTY BAG HUMBER WASHING POWDER 20KG,-500.0,0.0,-500.0,missing_in_erp,0,0,0,
PPC017,PUNJAB COOKING OIL 1LTR*12PACK (BOX BOARD),-500.0,0.0,-500.0,missing_in_erp,0,23280.0,0,
PR0028,PAPER REEL SIZE 31 (F & SF),6124.0,6624.0,-500.0,diff,0,-26544.0,0,3358
PSM021,VANEEZA LAMON 48 TES LINER C2 P3 LN,500.0,0.0,500.0,missing_in_erp,500.0,0,0,
PSS112,LASHKARA NO.47 C2 P3 LN,-250.0,250.0,-500.0,diff,1300.0,-1550.0,0,4044
PSS113,TRAIN BLUE 8 KG  C4 P5 LN,-250.0,250.0,-500.0,diff,0,-250.0,0,4045
RAP351,RAPER CHILLI GARLIC SPICY SAUCE 4KG,-499.36,0.0,-499.36,diff,499.36,0,0,4945
RAP512,RAPER PAK TURKISH DETERGENT 5KG,0.4,-497.6,498.0,diff,498.0,0,0,5104
PKC003,MCT MUG CARTON 5 DOZ KHAKI C1P3,-496.0,0.0,-496.0,missing_in_erp,600.0,0,0,
PKT004,SUPER 9 GROUT CTN C 2 P 5 (CBB),-496.0,0.0,-496.0,missing_in_erp,500.0,-500.0,0,
BOP071,CPP MTZ 460MM 25MICRON,495.0,0.0,495.0,diff,0,-13.5,0,80
PAC065,A.H 4 DOZAN MASTER CTN 9 &10 CUP SAUCER BOX C4 P3 (UBB),495.0,0.0,495.0,missing_in_erp,6423.0,-2196.0,0,
DTS003,SHINE ZO DETERGENT 195/24,0.0,-493.0,493.0,diff,992.0,0,0,1218
PDF015,DECENT SUPER POWER PEDISTAL BODY GREEN C4 P5 LY,493.0,0.0,493.0,missing_in_erp,493.0,0,0,
PGB040,MUG J-4 M.CTN KHAKI SADA  P3,-1143.0,-650.0,-493.0,diff,541.0,0,0,2595
RAP216,RAPER BAHU SOAP 4PACK,0.3,-492.6,492.9,diff,493.0,463.9,0,4813
RAP368,STAND POUCH 230*310 GUZZT 100,0.3,-491.5,491.8,diff,932.6,0,0,4962
RAP563,RAPER PETAL CLASSIC SOFTY SOAP ,0.0,-491.75,491.75,extra_in_erp,0,0,0,5687
LDM160,LD NATURAL SHEET 720MM 40MICRON,-490.4,0.0,-490.4,diff,0,-1942.0,0,1568
RAP392,RAPER SKY WASH 1KG,-488.96,0.0,-488.96,diff,900.04,-900.0,0,4986
DTH002,HAPPY DETERGENT 1000/12,-361.0,-849.0,488.0,diff,3228.0,1205.0,0,1195
RAP303,RAPER AL FIRDOUS VERMICELLI PREMIUM QUALITY (LARGE),-484.775,0.0,-484.775,diff,1429.255,0,0,4900
RM0012,COCO BUTANE,-484.659,0.0,-484.659,diff,0,-6857.603,3627.056,5166
LDM169,LD MILKY SHEET 910MM 150MICRON,-484.6,0.0,-484.6,diff,0,-506.0,0,1577
PST014,WRAPPER CHEETA BICYCLE TUBE (28*1.5),-1056.8,-572.95,-483.85,diff,0,0,0,4515
LDM140,LD NATURAL SHEET 540MM 75MICRON,-483.5,0.0,-483.5,diff,0,-1091.8,0,1548
PGB061,UNIQUE MUG CTN 96PCS M-11 KHAKI C1 P3,-1085.0,-603.0,-482.0,diff,0,0,0,2616
DTF003,OK DETERGENT 1000/12,-481.0,0.0,-481.0,diff,0,0,0,1184
LDM259,LD MILKY SHEET 780MM 150MICRON,0.0,480.9,-480.9,diff,0,-480.9,0,1667
RAP065,BOXER DETERGENT SACHAY,-240.0,240.0,-480.0,diff,215.0,-972.2,0,4664
RAP061,RAPER BACHAT DETERGENT  RS. 50,-239.55,240.0,-479.55,diff,841.65,-714.95,0,4660
RAP182,RAPER HIMALAYA SALT 800GRAM,-421.335,-896.7,475.365,diff,4148.945,937.19,0,4779
PET036,PET SIZE 1000MM 12 MICRON,1371.833,897.193,474.64,diff,0,-1798.95,0,2490
PRC004,POSH BONE MUG CTN 8DOZAN NO.8 KHAKI C1 P3,-474.0,0.0,-474.0,missing_in_erp,0,0,0,
PET055,M.PET SIZE 720MM 12 MICRON,-473.125,0.0,-473.125,diff,0,-1637.38,0,2509
PPK002,M.CTN EGGS KHAKI 5PLY,-874.0,-402.0,-472.0,diff,27.0,0,0,3329
DW9031,BAHAR DISHWASH LIQUID 900/15,0.0,-471.0,471.0,diff,3253.0,-20.0,0,1382
DT9005,JAGMAG DETERGENT 400/24,-470.0,0.0,-470.0,missing_in_erp,3431.0,-3772.0,0,
BOP058,CPP MTLYZ 720MM 20MICRON,-469.86,0.0,-469.86,diff,0,-469.86,0,67
RAP378,RAPER HAPPY DETERGENT RS.50,469.628,0.0,469.628,diff,886.628,-417.0,0,4972
LDM203,LD NATURAL SHEET 610MM 100MICRON,78.0,547.5,-469.5,diff,0,-1170.5,0,1611
RAP025,RAPER TRAIN DETERGENT SASHAY 10RPS BLUE,-43.87,424.0,-467.87,diff,524.83,-5540.122,2474.208,4624
RAP287,RAPER BAHU SOAP SPECIAL QUALITY,-0.0,-467.55,467.55,diff,2425.58,0,0,4884
PMD001,BLADE PETI WHITE SADA P3,-501.0,-34.0,-467.0,diff,539.0,280.0,0,3086
DT7001,RAHIL DETERGENT 800/15,-233.0,233.0,-466.0,diff,1284.0,-1517.0,0,1003
PAC026,A.H CUP & SAUCER NO.4 BOLAN CRTN C4 P3 LN,-2760.0,-2294.0,-466.0,diff,2981.0,-2556.0,0,1781
BOP072,BOPP PEARL 820MM 38MICRON,465.0,0.0,465.0,diff,0,-580.5,0,81
PBB267,BOX BOARD 28*31 230 GRAM,464.24,0.0,464.24,diff,0,-2574.76,0,2196
DW2022,RING DISHWASH 250/24,349.0,-115.0,464.0,diff,514.0,0,0,1304
RAP503,RAPER AGRO SEED 1KG,0.35,-459.8,460.15,diff,1407.0,0,0,5095
DT6006,TRAIN DETERGENT NO.19 25/72,0.0,-460.0,460.0,diff,14506.0,-6742.0,0,999
LDM252,LD NATURAL SHEET 660MM 35 MICRON,258.0,717.8,-459.8,diff,0,-459.8,0,1660
DW7021,SAGA DISHWASH 275/24,0.0,-459.0,459.0,diff,2397.0,-50.0,0,1349
PSR144,CARTON 5-PLY 650*250*300 WITH SERVIS LOGO,-614.0,-155.0,-459.0,diff,0,0,0,3859
BOP057,BOPP PEARL 650MM 38MICRON,-193.92,-652.08,458.16,diff,0,-358.24,0,66
BOP036,BOPP H/S 610MM 20 MICRON,-457.76,0.0,-457.76,diff,0,-937.76,0,45
PMF010,MERCEDES CEILING BODY GALAXY MODEL P5 C4 LY,-4089.0,-4546.0,457.0,diff,28014.0,2340.0,0,3100
RAP116,RAPER BAHAR DETERGENT SHASAY,-72.65,380.25,-452.9,diff,281.0,-944.45,0,4715
RAP160,RAPER K2 SPECIAL SOAP,-451.275,0.0,-451.275,diff,2057.165,-546.5,0,4757
DT5011,LASHKARA DETERGENT  NO.19 25/72,0.0,-450.0,450.0,diff,8477.0,-3601.0,0,992
LDM232,LD NATURAL SHEET 780MM 100 MICRON,449.9,0.0,449.9,missing_in_erp,0,8.0,0,
PET019,PET SIZE 740MM 12 MICRON,433.88,882.62,-448.74,diff,0,-6988.07,0,2473
PPD002,P.D CUP & SAUCER DIBBI 6 PCS BOLAN LARGE C4 P3 LN,448.0,0.0,448.0,missing_in_erp,44172.0,-32244.0,0,
PSR118,CARTON 7-PLY 710*660*370 PRINTED,-8974.0,-8526.0,-448.0,diff,4396.0,0,0,3833
BOP061,BOPP SIZE 650MM 25MICRON,-447.63,0.0,-447.63,diff,0,-801.72,0,70
PAC030,A.H CUP DIBI MASTER CTN 9 & 10 NO KHAKI P3 PLAIN,-617.0,-171.0,-446.0,diff,624.0,-299.0,0,1785
WYM0001,FRENCH CHOICE TOPING MAYO 1KG,445.5,0.0,445.5,missing_in_erp,0,1005.0,0,
RAP 072,MONILITH GLUE RAPER,445.0,0.0,445.0,missing_in_erp,0,24.8,0,
RM191,FRAGNANCE LAVENDER,-642.0,-197.0,-445.0,diff,0,-50.0,0,5355
DT7022,RAHIL DETERGENT 5KG/5 12 A.D,-470.0,-914.0,444.0,diff,7297.0,-1189.0,0,1024
LDM167,LD NATURAL SHEET 640MM 90 MICRON,-444.0,0.0,-444.0,diff,0,-444.0,0,1575
BOPP006,BOPP PEARL 765MM 30MICRON,-442.48,0.0,-442.48,diff,0,-3130.98,0,99
RAP196,RAPER TRAIN DETERGENT BLUE (450/225g),441.37,0.0,441.37,diff,1159.87,-1019.73,0,4793
PAC045,SITC CTN CUP SAUCER 4 DZN CP.317 NO.KHAKI C 1 P 3,-440.0,0.0,-440.0,missing_in_erp,2197.0,-2197.0,0,
PSR138,CARTON 5 PLY 650*380*300 SERVIC LOGO,-440.0,0.0,-440.0,missing_in_erp,0,0,0,
PKS096,BOXER DETERGENT 12 PCS KHAKI C2 P5 LN,439.0,0.0,439.0,missing_in_erp,3935.0,-3496.0,0,
LDM164,LD NATURAL SHEET 600MM 90MICRON,-438.0,0.0,-438.0,diff,0,-438.0,0,1572
PET038,PET SIZE 885MM 12 MICRON,431.76,0.0,431.76,diff,0,-1060.97,0,2492
RAP492,RAPER TARA NASWAR SMALL,-0.15,-431.05,430.9,diff,395.0,0,0,5084
LDM245,LD NATURAL SHEET 480MM 100MICRON,430.3,0.0,430.3,missing_in_erp,0,-86.0,0,
PET016,PET SIZE 700MM 12 MICRON,632.85,1060.05,-427.2,diff,0,-2771.99,0,2470
RAP366,RAPER TRAIN SOAP (24 UP),0.045,-426.8,426.845,diff,1624.725,0,0,4960
LDM131,LD NATURAL SHEET 655MM 30MICRON,-425.5,0.0,-425.5,diff,0,-3696.8,0,1539
DTG004,PETAL CLASSIC DETERGENT 1000/12,-321.0,-746.0,425.0,diff,425.0,0,0,1189
PES004,SAGE SHOES M.CTN 12 PCS 515*420*285 KHAKI 5PLY 1 CLR,-425.0,0.0,-425.0,missing_in_erp,0,0,0,
DT6003,TRAIN DETERGENT NO. 19 220/12,-80.0,-501.0,421.0,diff,4907.5,-2428.0,0,996
RAP113,RAPER JAGMAG DETERGENT 250GRAM,-210.21,210.0,-420.21,diff,3137.93,-3808.8,0,4712
DT2011,TRAIN DETERGENT 4KG/7,-420.0,0.0,-420.0,missing_in_erp,1269.0,-1065.0,0,
PKC002,APPLE STAR MUG CARTON 5 DOZ KHAKI C1P3,-414.0,0.0,-414.0,missing_in_erp,0,0,0,
RAP509,Raper Rahil Loundry Soap Special Quality 4Pack,0.15,-412.85,413.0,diff,413.0,0,0,5101
PBB202,BOX BOARD 25*30 230 GRAM,-412.31,0.0,-412.31,diff,0,-8577.31,0,2131
PET057,M.PET SIZE 1015MM 12MICRON,-412.21,0.0,-412.21,diff,0,-412.21,0,2511
RAP093,RAPER HUNI DETERGENT 1KG,-206.0,206.0,-412.0,diff,0,-206.0,0,4692
RAP247,RAPER LASHKARA SOAP 4 PACK BLUE,-0.435,-410.55,410.115,diff,2824.545,477.8,0,4844
PSS174,JAMAL SOAP DIY L.NO.35 C2 P3 LN,-205.0,205.0,-410.0,diff,0,-205.0,0,4106
LDM196,LD MILKY SHEET 625MM 100MICRON,-409.8,0.0,-409.8,diff,0,-759.0,0,1604
RAP380,RAPER HAPPY LUNDRY BAR 48 TIKKI,404.65,0.0,404.65,diff,1163.65,-759.0,0,4974
LDM025,LD MILKY SHEET 620MM 30 MICRON,0.0,404.1,-404.1,diff,0,-12173.45,0,1433
LDM190,LD NATURAL SHEET 720MM 80MICRON,1194.6,1596.6,-402.0,diff,0,-402.0,0,1598
PAM007,AL MUMTAZ CEILING M.CTN 3 IN 1 C4 P5 LN,402.0,0.0,402.0,missing_in_erp,2476.0,-398.0,0,
PSS176,SARHAD 40 TIKKI C2 P3 LN,-201.0,201.0,-402.0,diff,191.0,-392.0,0,4108
RAP291,RAPER MANZAL-E-ZOUQ SUNDAS RED CHILLI MIX,-400.34,0.0,-400.34,missing_in_erp,68.0,0,0,
LDM161,LD MIKY SHEET 935MM 60MICRON,-400.0,0.0,-400.0,diff,0,-400.0,0,1569
PP0028,RAHIL EMPTY PP BAGS 20KG (WHITE),400.0,0.0,400.0,missing_in_erp,0,400.0,0,
PP041,RAHIL 800GRM,400.0,0.0,400.0,missing_in_erp,0,400.0,0,
PR0042,PAPER REEL SIZE 30 (TEST LINER),959.0,1359.0,-400.0,diff,0,-15883.0,0,3372
PRC021,PREFECT MUG M.CTN 96PCS NO.87 C1 P3,-954.0,-554.0,-400.0,diff,0,0,0,3533
PRD001,RAHIL EMPTU CARTON 800/15,-400.0,0.0,-400.0,missing_in_erp,0,-400.0,0,
RAP511,RAPER BRILLO SOAP PREMIUM  NO.1,-0.45,-400.45,400.0,diff,400.0,0,0,5103
RAP521,RAPER HAPPY DETERGENT RS.10,400.0,0.0,400.0,missing_in_erp,400.0,0,0,
RM251,FRAGNANCE STRAWBERRY,210.0,-190.0,400.0,diff,0,0,0,5415
RM275,FRAGNANCE GLEAMER BOOST (135),400.0,0.0,400.0,diff,0,0,0,5439
RM287,PREFORM BOTTLE 15.25GRAM,400.0,0.0,400.0,missing_in_erp,0,0,0,
RAP055,RAPER STAR DETERGENT 10Rs,414.32,14.56,399.76,diff,1879.61,-823.52,0,4654
LDM241,LD MILKY SHEET 910MM 25MICRON,399.6,0.0,399.6,missing_in_erp,0,-167.0,0,
DTM001,CLEAN SPRING DETERGENT 1000/12,-374.0,-772.0,398.0,diff,801.0,0,0,1202
PMC004,SONEX GLUE CTN C4 P5 (12*11*7),-397.0,0.0,-397.0,missing_in_erp,1483.0,0,0,
RAP519,RAPER SUNDER IODIZED SALT 800GRAM,0.0,-396.25,396.25,diff,396.25,0,0,5111
PMC005,MUGHAL GERMAN GLUE CTN C3P5,-396.0,0.0,-396.0,missing_in_erp,550.0,0,0,
PMC002,SHINEX GLUE CTN C4 P5,-395.0,0.0,-395.0,missing_in_erp,1495.0,-1495.0,0,
LDM187,LD NATURAL SHEET 580MM 60MICRON,-393.0,0.0,-393.0,diff,0,-393.0,0,1595
PMC006,MUGHAL BINDER CTN C2 P5,-393.0,0.0,-393.0,missing_in_erp,0,0,0,
RAP112,RAPER LASHKARA 500GRM,-196.31,196.0,-392.31,diff,944.69,-4914.36,0,4711
RAP200,RAPER JAGMAG DETERGENT 140 GRAM,390.94,0.0,390.94,diff,924.94,-534.0,0,4797
PBB026,BOX BOARD 27*39 230 GRAM,390.91,0.0,390.91,diff,0,-53344.058,0,1957
LDM162,LD NATURAL SHEET 960MM 60MICRON,-389.0,0.0,-389.0,diff,0,-389.0,0,1570
LDM182,LD MILKY SHEET 640MM 140MICRON,84.8,472.0,-387.2,diff,0,-366.0,0,1590
LDM159,LD MILKY SHEET 640MM 50MICRON,-386.0,0.0,-386.0,diff,0,-651.0,0,1567
LDM013,LD NATURAL SHEET 660MM 30 MICRON,1368.3,1753.9,-385.6,diff,0,-1620.8,0,1421
PP042,RAHIL 500GRAM,385.0,0.0,385.0,missing_in_erp,0,385.0,0,
RAP019,RAPER TRAIN DISHWASH JUMBO,617.145,232.5,384.645,diff,1677.645,-1425.58,0,4618
RAP022,RAPER BAHAR D/W 120GRMS GREEN,-61.6,323.0,-384.6,diff,908.4,-1886.78,0,4621
BOP044,BOPP PLAIN 825MM 20MICRON,383.04,0.0,383.04,diff,0,79.04,0,53
DW1009,TRAIN DISHWASH 55/48,100.0,-275.0,375.0,diff,10739.0,-8360.0,0,1268
RM255,FRAGNANCE SAVANNAH,375.0,0.0,375.0,diff,0,0,0,5419
MO1005,MUSTARD OIL 170/24,-2.0,-376.0,374.0,diff,7256.292,-4538.0,0,1730
PAC086,HAMZA CUP SAUCER M.CTN 9&10 C4 P3,-620.0,-247.0,-373.0,diff,2350.0,0,0,1841
PET061,PET SIZE 735MM 12MICRON,-371.08,0.0,-371.08,diff,0,-371.08,0,2515
DW1007,TRAIN DISHWASH 300/24,-154.0,216.0,-370.0,diff,536.0,-453.0,0,1266
LDM136,LD NATURAL SHEET 510MM 90MICRON,-369.0,0.0,-369.0,diff,0,-804.6,0,1544
PAC013,A.H MUG 8 DOZAN KHAKI BOX C1 P5 LN,-184.0,184.0,-368.0,diff,16333.0,-16602.0,0,1768
RAP522,RAPER HAPPY DETERGENT 2KG,368.0,0.0,368.0,missing_in_erp,368.0,0,0,
DTM003,CLEAN SPRING DETERGENT 2KG/6,-795.0,-1162.0,367.0,diff,779.0,0,0,1204
RAP290,RAPER TRAIN SOAP BROWN,-577.84,-943.1,365.26,diff,3199.88,0,0,4887
DT8044,ARGWAN DETERGENT 20KG 12AD,-200.0,-565.0,365.0,diff,598.0,0,0,1088
PR0129,PAPER REEL SIZE 49 (TEST LINER),-364.0,0.0,-364.0,diff,0,-10061.0,0,3458
DTS005,SHINE ZO DETERGENT 17/120,0.0,-363.0,363.0,diff,854.0,0,0,1220
RAP048,SAGA DETERGENT POWDER 1KG,-180.13,180.0,-360.13,diff,1597.49,-1084.636,0,4647
PP047,ARGHAWAN 1KG,360.0,0.0,360.0,missing_in_erp,0,360.0,0,
PCR007,CORRUGATION ROLL SIZE 26,-359.0,0.0,-359.0,diff,13725.0,-13660.0,0,2293
DT99911,SAGA DETERGENT 1000/12,-300.0,-658.0,358.0,diff,8109.0,-2112.0,0,1143
PBD001,EMPTY PLASTIC DRUM BLUE,-417.0,-62.0,-355.0,diff,0,59.0,0,2268
PDS017,SAPHIRE CEILLING BODY C4 P5 LY,-557.0,-202.0,-355.0,diff,0,0,0,2445
DW2009,RING DISHWASH 165/24,32.0,-322.0,354.0,diff,32989.0,-31702.0,0,1292
PET022,PET SIZE 680MM 12 MICRON,1769.022,1415.66,353.362,diff,0,-10515.22,0,2476
PBB293,BOX BOARD 38*24 250GRAM,-353.03,0.0,-353.03,diff,0,-3221.03,0,2221
BOP048,BOPP SIZE 650MM 30MICRON,-353.0,0.0,-353.0,diff,0,-352.08,0,57
PRC007,7-STAR MUG CTN 96PCS CODE NO.26 C1 P3,-1657.0,-1304.0,-353.0,diff,0,0,0,3519
PRC008,PREFECT MUG CTN 96PCS CODE NO.26 C1 P3,-1019.0,-666.0,-353.0,diff,0,0,0,3520
PRC012,PREFECT MUG M.CTN 8DOZAN NO.16 C1 P3,-353.0,0.0,-353.0,missing_in_erp,0,0,0,
PAC080,SUPER BONE CHINA MUG PATTI 8 DOZEN C1 P5,-404.0,-756.0,352.0,diff,1606.0,506.0,0,1835
PGN001,GN DETERGENT KHADKI 500/24 P5,-352.0,0.0,-352.0,missing_in_erp,0,0,0,
PRC014,PREFECT MUC CTN 96PCS NO.15 C1 P3,-352.0,0.0,-352.0,missing_in_erp,0,0,0,
PRC016,7STAR MUG M.CTN 96PCS NO.17 C1 P3,-1661.0,-1309.0,-352.0,diff,0,0,0,3528
LDM005,LD MILKY SHEET 810MM 30 MICRON,-351.0,0.0,-351.0,diff,0,-7321.4,0,1413
PRC010,7STAR MUG M.CTN 8DOZAN NO.16 C1 P3,-351.0,0.0,-351.0,missing_in_erp,0,0,0,
PRC017,PREFECT MUG M.CTN 96PCS NO.17 C1 P3,-651.0,-300.0,-351.0,diff,0,0,0,3529
RAP054,RAPER STAR DETERGENT 800GRAM,-175.6,175.4,-351.0,diff,0,278.26,0,4653
LDM087,LD NATURAL SHEET 780MM 30 MICRON,-27.7,323.1,-350.8,diff,0,-3158.6,0,1495
DT6005,TRAIN DETERGENT NO.19 1000/12,-55.0,-405.0,350.0,diff,3255.0,-1128.0,0,998
LDM016,LD MILKY SHEET 910MM 50 MICRON,-348.2,0.0,-348.2,diff,0,-7601.2,0,1424
PRC013,7STAR MUC CTN 96PCS NO.15 C1 P3,-854.0,-507.0,-347.0,diff,0,0,0,3525
PRC019,7STAR MUG M.CTN 96PCS NO.87 C1 P3,-1505.0,-1158.0,-347.0,diff,0,0,0,3531
LDM068,LD NATURAL SHEET 620MM 30MICRON,-345.0,0.0,-345.0,diff,0,-861.4,0,1476
DT2015,TRAIN DETERGENT 10KG PLANT 10AD,-547.0,-888.0,341.0,diff,10103.0,-2755.0,0,858
PSR143,CARTON 5-PLY 650*290*320 WITH SSC LOGO,-338.0,0.0,-338.0,missing_in_erp,0,0,0,
PST015,WRAPPER DURE MOTO PARTS 3-00-18,-337.45,0.0,-337.45,missing_in_erp,0,0,0,
DT99935,CLEAN DAY DETERGENT 500/24,8.0,-329.0,337.0,diff,19.0,371.0,0,1169
PET058,PET SIZE 880MM 12MICRON,-336.81,0.0,-336.81,diff,0,-532.81,0,2512
DTM002,CLEAN SPRING DETERGENT 500/24,0.0,-336.0,336.0,diff,574.0,0,0,1203
PR0119,PAPER REEL SIZE 42 (KRAFT),-336.0,0.0,-336.0,diff,0,-2192.0,0,3448
LDM213,LD NATURAL SHEET 840MM 80MICRON,1030.0,695.0,335.0,diff,0,-613.6,0,1621
PC0003,PLASTIC CONE,-334.0,0.0,-334.0,diff,0,0,0,2286
RAP493,RAPER SAMARA GOLD DT RS.50,59.95,-274.05,334.0,diff,578.0,0,0,5085
PGB045,BOLLAN CUP SAUCER DIBBI C4 P3,332.0,0.0,332.0,missing_in_erp,8000.0,0,0,
RAP202,RAPER RING GOLA RS-30,330.0,0.0,330.0,missing_in_erp,383.0,-53.0,0,
TB001,TAZGI BEAUTY MILKY SOAP (120/48),-296.0,33.0,-329.0,diff,0,-1151.0,0,5549
PET056,M.PET SIZE 680MM 12 MICRON,985.684,1314.188,-328.504,diff,0,-1556.46,0,2510
PET024,PET SIZE 820MM 12MICRON,172.198,500.284,-328.086,diff,0,-1692.94,0,2478
PAM019,D.MAX CEILLING BLADE C4 P3,-728.0,-402.0,-326.0,diff,986.0,0,0,1893
PBB019,BOX BOARD 26*30 230 GRAM,-324.07,0.0,-324.07,diff,0,-1446.77,0,1950
PET017,PET SIZE 840MM 12MICRON,-323.61,0.0,-323.61,diff,0,-7195.02,0,2471
RAP237,RAPER TAZGI GOLD BEAUTY SOAP (PINK),-323.03,0.0,-323.03,diff,322.8,111.6,0,4834
LDM108,LD MILKY SHEET 910MM 55 MICRON,-322.0,0.0,-322.0,diff,0,-1112.2,0,1516
LDM198,LD NATURAL SHEET 810MM 120MICRON,-320.4,0.0,-320.4,diff,0,-797.0,0,1606
PET078,M.PET SIZE 820MM 12MICRON,320.004,0.0,320.004,diff,0,-4.18,0,2532
PET014,PET SIZE 910MM 12 MICRON,-319.778,0.0,-319.778,diff,0,-9322.66,0,2468
RAP507,RAPER WAQAS SALAN MASALA RED,0.0,-318.0,318.0,diff,318.0,0,0,5099
PSR044,CARTON 5-PLY 645*480*360MM SERVIS LOGO,-677.0,-360.0,-317.0,diff,338.0,-338.0,0,3760
DTS-1001,STAR DETERGENT (40/144),0.0,-316.0,316.0,diff,6782.834,-4164.0,0,1205
DT2080,TRAIN DETERGENT 200/48 10AD,-7.0,-321.0,314.0,diff,2244.0,460.0,0,919
PR0108,PAPER REEL SIZE 48 (TEST LINER),6265.0,6578.0,-313.0,diff,0,-16704.0,0,3437
LDM194,LD MILKY SHEET 810MM 120MICRON,-312.0,0.0,-312.0,diff,0,-312.0,0,1602
DWM003,FINE LIFE DISHWASH 160/48,-310.0,0.0,-310.0,diff,0,0,0,5698
LDM183,LD MILKY SHEET610MM 40MICRON,-310.0,0.0,-310.0,diff,0,-310.0,0,1591
PBB286,BOX BOARD 25*24 250GRAM,-309.7,0.0,-309.7,diff,0,-629.0,0,2214
DT8028,RASHID DETERGENT 10KG 12A.D,-100.0,-408.0,308.0,diff,1620.0,0,0,1073
PR0055,PAPER REEL SIZE 26 (KRAFT),-308.0,0.0,-308.0,diff,0,-21000.0,0,3385
PRC022,7 STAR MUG M.CTN 96 PCS #22 C1 P3,-308.0,0.0,-308.0,missing_in_erp,0,0,0,
PRC025,ROCKSON MUG M.CTN 96 PCS #22 C1 P3,-308.0,0.0,-308.0,missing_in_erp,0,0,0,
PSR072,CARTON 7-PLY 680*645*370 PAF ZIPPER PRINTED,-308.0,0.0,-308.0,missing_in_erp,638.0,-638.0,0,
DT9994,SAGA DETERGENT 400/24,0.0,-307.0,307.0,diff,6249.0,-4207.0,0,1172
PR0118,PAPER REEL SIZE 32 (KRAFT),-307.0,0.0,-307.0,diff,0,-7458.0,0,3447
DT8040,ARGWAN DETERGENT 1KG/15 12AD,-176.0,-482.0,306.0,diff,905.0,0,0,1085
PRC023,POSH MUG M.CTN 96 PCS #22 C1 P3,-306.0,0.0,-306.0,missing_in_erp,0,0,0,
LDM238,LD NATURAL SHEET 520MM 130MICRON,0.0,-305.5,305.5,diff,0,0,0,1646
PAC096,VIP MUG M.CTN 48PCS KHAKI C1 P3,-380.0,-75.0,-305.0,diff,129.0,0,0,1851
PR0102,PAPER REEL SIZE 50 (KRAFT),-305.0,0.0,-305.0,diff,0,-8091.0,0,3431
LDM168,LD MILKY SHEET 675MM 90MICRON,-304.9,0.0,-304.9,diff,0,-309.0,0,1576
DT2054,Train Detergent 20kg 12AD,-398.0,-702.0,304.0,diff,1625.0,384.0,0,897
PRC009,POSH MUG CTN 96PCS CODE NO.26 C1 P3,-2285.0,-1982.0,-303.0,diff,0,0,0,3521
PRC015,POSH MUC CTN 96PCS NO.15 C1 P3,-303.0,0.0,-303.0,missing_in_erp,0,0,0,
DT5006,JAGMAG DETERGENT 60/72,302.0,0.0,302.0,missing_in_erp,303.0,-1.0,0,
PRC011,POSH MUG M.CTN 8DOZAN NO.16 C1 P3,-801.0,-499.0,-302.0,diff,0,0,0,3523
MO1014,MUSTARD OIL 100/48,3.0,-298.0,301.0,diff,1493.0,-553.5,0,1739
PST021,WRAPPER GRAPKS CAMARA DEAR GRA 18.400-18,-300.25,0.0,-300.25,missing_in_erp,0,0,0,
RAP013,RAPER BRILLO DETERGENT 1KG,-539.11,-239.1,-300.01,diff,0,-176.13,1886.56,4612
DTF006,FINE LIFE DETERGENT 90/60,-300.0,0.0,-300.0,diff,0,0,0,5701
DWM001,FINE LIFE DISHWASH LONGBAR 500/18,-300.0,0.0,-300.0,diff,0,0,0,5696
DWM002,FINE LIFE DISHWASH 250/36,-300.0,0.0,-300.0,diff,0,0,0,5697
PP0021,SAGA EMPTY PP BAGS 10KG,2300.0,2000.0,300.0,diff,0,-7890.0,0,3180
PRC018,POSH MUG M.CTN 96PCS NO.17 C1 P3,-2114.0,-1814.0,-300.0,diff,0,0,0,3530
PRC024,PERFECT  MUG M.CTN 96 PCS #22 C1 P3,-300.0,0.0,-300.0,missing_in_erp,0,0,0,
RM101,FLEXO INK RED (HT 3308),100.0,400.0,-300.0,diff,0,-2654.5,0,5265
RM188,GRAVURE INK BLACK (MPV),50.0,350.0,-300.0,diff,0,-545.0,0,5352
RM217,FRAGNANCE PALMOLIVE,300.0,0.0,300.0,missing_in_erp,0,0,0,
RM330,FRAGNANCE LEMON 5,300.0,0.0,300.0,diff,0,0,0,5493
RAP149,RAPER MAZA DRESSING CHILLI 2LT,-299.95,0.0,-299.95,missing_in_erp,5080.35,-4254.0,0,
DT7020,SAFA DETERGENT 5/6 12.5AD,-116.0,-415.0,299.0,diff,2090.0,-1187.0,0,1022
PRC031,KESAR MUG M.CTN 96PCS NO.17 C1 P3,-1102.0,-803.0,-299.0,diff,0,0,0,3543
TF002,TAZGI FRUITY ORANGE (120/48),-299.0,0.0,-299.0,missing_in_erp,0,-845.0,0,
LS0010,Train Narool (200/40),-297.0,0.0,-297.0,missing_in_erp,0,0,0,
RAP032,BACHAT DISHWASH RAPER RS.20,-148.5,148.5,-297.0,diff,507.41,-731.5,0,4631
RAP059,RAPER STAR DETERGENT 500GRAMS,-147.65,147.2,-294.85,diff,590.0,-715.22,0,4658
PKS067,CARTOON TRAIN DETERGENT 25/72,294.0,0.0,294.0,missing_in_erp,1561.0,7131.0,8348.0,
RAP210,RAPER VENUS BEAUTY SOAP (JASMINE),-0.355,-293.6,293.245,diff,849.575,1148.02,0,4807
PAC051,"SITC M.CTN CP-320,321,322 4 DZN KHAKI C1 P3",-597.0,-304.0,-293.0,diff,1085.0,-758.0,0,1806
RAP154,RAPER VENUS SOAP PINK,-0.44,-293.4,292.96,diff,860.06,67.86,0,4751
BOP076,BOPP 820MM 25MICRON,148.0,440.62,-292.62,diff,0,-292.62,0,85
DW4002,BRILLO DISHWASH 50/72,0.0,-292.0,292.0,diff,19143.0,-16968.0,0,1313
RM162,GRAVURE UVA INK WHITE,-291.5,0.0,-291.5,diff,0,-1431.0,0,5326
PGB057,LL SAIDA 96PCS MUG CTN LOSE SMALL KHAKI C1 P3,-291.0,0.0,-291.0,missing_in_erp,0,0,0,
BOP049,BOPP SIZE 910MM 20MICRON,-290.6,0.0,-290.6,diff,0,-290.6,0,58
DW2007,RING DISHWASH NO.5 140/36,-145.0,145.0,-290.0,diff,0,-145.0,0,1290
PR0047,PAPER REEL SIZE 34 (TEST LINER),450.0,740.0,-290.0,diff,0,-11722.0,0,3377
RAP508,RAPER WAQAS SALAN MASALA YELLOW,0.4,-289.6,290.0,diff,290.0,0,0,5100
DT9016,JAGMAG DETERGENT 10KG,-225.0,-514.0,289.0,diff,6258.0,-2627.0,0,1108
GPM002,CPP MTLYZ 740MM 25MICRON,204.0,491.8,-287.8,diff,0,-287.8,0,1396
RAP203,RAPER MARJINA SOAP,-283.76,0.0,-283.76,diff,1835.1,483.93,0,4800
PGH004,BLADE PETI SMALL KHAKI SADA P3,-1947.0,-1664.0,-283.0,diff,1071.0,0,0,2695
PET010,PET SIZE 480MM 12 MICRON,1300.355,1018.21,282.145,diff,0,-3744.53,0,2464
RAP418,POLY BAG SPROCKET DRIVEN BL 70CC,-2829.85,-3111.5,281.65,diff,2502.0,0,0,5011
RAP042,RAPER RAHIL 5KG,-140.46,140.0,-280.46,diff,447.0,-421.21,722.67,4641
DT2003,TRAIN DETERGENT 10KG,-280.0,0.0,-280.0,missing_in_erp,2587.0,-1668.0,0,
RM113,YELLOW COLOUR (LASHKARA),-80.0,200.0,-280.0,diff,0,-799.0,0,5277
RAP123,RAPER TRAIN DISHWASH LONG BAR,279.6,0.0,279.6,missing_in_erp,372.0,-343.07,0,
PET087,M.PET SIZE 800MM 12 MICRON,1174.358,895.408,278.95,diff,0,-182.41,0,2541
CC0003,CC FRUITY ORANGE 100/48,-276.0,0.0,-276.0,missing_in_erp,0,-420.0,0,
RAP109,RAPER RING 60/36 YELLOW,354.34,78.66,275.68,diff,207.0,-2081.34,0,4708
RAP046,SAGA DISHWASH SMALL (YELLOW),-137.6,138.0,-275.6,diff,1672.0,-2072.196,0,4645
MO1001,MUSTARD OIL 200ML/24,-1137.0,-1412.0,275.0,diff,22730.0,-16902.0,0,1726
RM0031,GREEN COLOR (DISHWASH),75.0,350.0,-275.0,diff,0,-3831.0,0,5192
BOP009,BOPP H/S 760MM 30 MICRON,-274.02,0.0,-274.02,diff,0,-952.07,0,18
DTG008,PEATAL CLASSIC DETERGENT 110/96,-111.0,-385.0,274.0,diff,274.0,0,0,1193
PET039,PET SIZE 570MM 12 MICRON,273.85,0.0,273.85,diff,0,-1091.68,0,2493
RAP456,RAPER K-DAILY FOODS SMALL,0.35,-272.75,273.1,diff,604.0,0,0,5048
DW7008,SAGA DISHWASH 150/36,11.0,-262.0,273.0,diff,6049.0,-5425.0,0,1336
PCR001,CORRUGATION ROLL SIZE 19,-273.0,0.0,-273.0,diff,4907.0,-4853.0,0,2287
PET085,PET SIZE 675MM 12MICRON,0.0,272.48,-272.48,diff,0,-272.48,0,2539
LDM165,LD NATURAL SHEET 480MM 90MICRON,-272.0,0.0,-272.0,diff,0,-387.0,0,1573
RAP284,RAPER SAFA D/T 1KG,271.765,0.0,271.765,diff,1376.845,0,0,4881
PSR095,CARTON 7-PLY 680*645*370 SADA,-270.0,0.0,-270.0,missing_in_erp,1111.0,329.0,0,
DW9001,HAPPY DISHWASH LIQUID 500ML/12 (LEMON),-361.0,-630.0,269.0,diff,6887.0,-4046.0,0,1354
RM166,UVA CHEMICAL,852.0,1120.0,-268.0,diff,0,-3015.0,0,5330
DT8020,ARGHAWAN DETERGENT 5KG/5 12.5,-423.0,-690.0,267.0,diff,3078.0,-522.0,0,1065
PRC020,POSH MUG M.CTN 96PCS NO.87 C1 P3,-1487.0,-1220.0,-267.0,diff,0,0,0,3532
RAP457,RAPER CC LAUNDRY SOAP,-229.01,-495.8,266.79,diff,621.0,0,0,5049
PWF009,SADA CTN (BOX BOARD) P5,-266.0,0.0,-266.0,missing_in_erp,0,0,0,
PRC028,ROCKSON MUG M.CTN 96PCS NO.17 C1 P3,-569.0,-304.0,-265.0,diff,0,0,0,3540
LDM127,LD NATURAL SHEET 440MM 90MICRON,102.7,367.4,-264.7,diff,0,-1770.6,0,1535
LDTP049,TP LD 430MM 30 MICRON,-263.516,0.0,-263.516,missing_in_erp,0,-126.448,183.518,
BOPP009,BOPP H/S 720MM 30 MICRON,-261.0,0.0,-261.0,diff,0,-897.14,0,102
DTT014,SKY WASH 3KG/6,-121.0,-382.0,261.0,diff,1204.0,0,0,1234
DT2056,TRAIN DETERGENT 1000/12 12A.D,-106.0,-364.0,258.0,diff,2530.0,-1060.0,0,899
DT1003,LASHKARA DETERGENT 4KG /10,-238.0,19.0,-257.0,diff,460.0,-484.0,0,741
PKS078,SAGA DETERGENT 24 PACK KHAKI C1 P5 LN,255.0,0.0,255.0,missing_in_erp,5917.0,-5662.0,0,
PET054,M.PET SIZE 660MM 12 MICRON,-254.57,0.0,-254.57,diff,0,-265.6,0,2508
PET089,M.PET SIZE 860MM 12 MICRON,254.27,0.0,254.27,diff,0,0,0,2543
LDM237,LD NATURAL SHEET 910MM 50MICRON,250.0,0.0,250.0,diff,0,-204.5,0,1645
RM211,FRAGNANCE LISBON LEMON,-300.0,-50.0,-250.0,diff,0,-100.0,0,5375
LDM240,LD NATURAL SHEET 570MM 45 MICRON,247.0,0.0,247.0,diff,0,-1483.5,0,1648
PMH010,1LT NUTRA CTN P5 P2,-512.0,-759.0,247.0,diff,0,0,0,3130
PAC020,A.H CUP & SAUCER 4 DOZAN MASTER KHAKI BOX CN P3 LN,-123.0,123.0,-246.0,diff,3157.0,-3280.0,0,1775
PBB249,BOX BOARD 22*34 230 GRAM,-245.32,0.0,-245.32,diff,0,-1033.334,0,2178
PET026,M.PET SIZE 765MM 12 MICRON,-242.3,0.0,-242.3,diff,0,-932.72,0,2480
PRC034,ROSKSON MUG M.CTN 96PCS NO.22 C1 P3,-242.0,0.0,-242.0,missing_in_erp,0,0,0,
PMH003,1LT PHARMA PRINTED,-421.0,-181.0,-240.0,diff,0,0,0,3123
RAP117,RAPER BOXER DETERGENT RS50,-119.594,120.0,-239.594,diff,63.306,-182.9,0,4716
DT9014,JAGMAG DETERGENT 500/12,-237.0,0.0,-237.0,missing_in_erp,8943.003,-9701.67,0,
DT5010,LASHKARA DETERGENT NO.19 500/24,-15.0,-250.0,235.0,diff,1263.0,-180.0,0,991
DT8003,ARGWAN DETERGENT 20 KG 10AD,0.0,-235.0,235.0,diff,6366.0,-5938.0,0,1048
PCR020,CORRUGATION ROLL SIZE 28,-235.0,0.0,-235.0,diff,17013.0,-16911.0,0,2306
PR0019,PAPER REEL SIZE 17 (F & SF),129.0,364.0,-235.0,diff,0,-11425.7,0,3349
PRC027,ROCKSON MUG M.CTN 96PCS NO.15 C1 P3,-233.0,0.0,-233.0,missing_in_erp,0,0,0,
LDM200,LD NATURAL SHEET 500MM 90MICRON,-232.8,0.0,-232.8,diff,0,106.0,0,1608
PET060,PET SIZE 775MM 12MICRON,-232.62,0.0,-232.62,diff,0,-232.62,0,2514
PIF011,IKEA T.C.P PEDISTAL BODY BOX C4 P3 LN,-115.0,115.0,-230.0,diff,0,-115.0,0,2795
PRC026,ROCKSON MUG M.CTN 96PCS NO.87 C1 P3,-230.0,0.0,-230.0,missing_in_erp,0,0,0,
PET031,PET SIZE 760MM 12 MICRON,-229.118,0.0,-229.118,diff,0,-4251.46,0,2485
PRC036,ROCKSON MUG M.CTN 96PCS NO#8 C1 P3,-229.0,0.0,-229.0,missing_in_erp,0,0,0,
PRC029,ROCKSON MUG M.CTN 96PCS NO.9*10 C1 P3,-228.0,0.0,-228.0,missing_in_erp,0,0,0,
PRC033,KESAR MUG M.CTN 96PCS NO.15 C1 P3,-228.0,0.0,-228.0,missing_in_erp,0,0,0,
RAP327,RAPER DELUXE TURKEY BEAUTY SOAP ORANGE,-340.62,-567.65,227.03,diff,1347.53,0,0,4921
PRC030,KESAR MUG M.CTN 96PCS NO.22 C1 P3,-227.0,0.0,-227.0,missing_in_erp,0,0,0,
DT7002,RAHIL DETERGENT 10KG,-113.0,113.0,-226.0,diff,50224.0,-25885.0,0,1004
DW9014,RAHIL DISHWASH LIQUID LEMON 900/12,-60.0,-286.0,226.0,diff,2713.0,-782.0,0,1365
PRC032,KESAR MUG M.CTN 96PCS NO.26 C1 P3,-581.0,-355.0,-226.0,diff,0,0,0,3544
PST023,WRAPPER GRAPKS CAMARA DEAR GRA 14-300-14,-225.55,0.0,-225.55,missing_in_erp,0,0,0,
PGC034,BURQI CUP 8DOZAN KHAKI SADA P3,0.0,-225.0,225.0,extra_in_erp,0,0,0,5691
PRC037,KESAR MUG M.CTN 96PCS NO#8 C1 P3,-225.0,0.0,-225.0,missing_in_erp,0,0,0,
PRC038,KESAR MUG M.CTN 96PCS NO#87 C1 P3,-225.0,0.0,-225.0,missing_in_erp,0,0,0,
PRC039,ROCKSON MUG M.CTN 96PCS NO#16 C1 P3,-225.0,0.0,-225.0,missing_in_erp,0,0,0,
PRC040,KESAR MUG M.CTN 96PCS NO#16 C1 P3,-225.0,0.0,-225.0,missing_in_erp,0,0,0,
DW1022,TRAIN DISHWASH LONG BAR 200/24,-100.0,-324.0,224.0,diff,2235.0,-129.0,0,1278
RAP050,SAGA DISHWASH MEDIUM SIZE,-111.62,112.0,-223.62,diff,1060.18,-1480.69,0,4649
DT8001,ARGHAWAN DETERGENT 20KG 12 A.D,-2535.0,-2758.0,223.0,diff,16582.0,-4297.0,0,1046
DTT025,TOWER DETERGENT 125/50 14AD,-977.0,-1200.0,223.0,diff,4549.0,0,0,1245
DW9036,SAMARA GOLD DISHWASH LIQUID 475/12 ORANGE,0.0,-223.0,223.0,diff,623.0,0,0,1387
PRC035,KESAR MUG M.CTN 96PCS NO.9*10 C1 P3,-223.0,0.0,-223.0,missing_in_erp,0,0,0,
DT1101,BAHAR DETERGENT 4KG,0.0,-222.0,222.0,diff,3648.0,-2350.0,0,819
LDM163,LD NATURAL SHEET 924MM 50MICRON,-222.0,0.0,-222.0,diff,0,-222.0,0,1571
LS0003,TRAIN SPECIAL 4PACK(250/40) 10KG,-221.0,0.0,-221.0,diff,0,-490.0,0,1684
LDM244,LD MILKY SHEET 540MM 70MICRON,220.2,0.0,220.2,missing_in_erp,0,-415.0,0,
RAP520,RAPER HAPPY LAUNDRY BAR 190GRAM,220.0,0.0,220.0,missing_in_erp,220.0,0,0,
PPD033,MUG PETTI 8DOZAN SADA KHAKI P3,-646.0,-427.0,-219.0,diff,0,0,0,3322
RAP320,RAPER DELUXE TURKEY BEAUTY SOAP JASMINE,-1313.02,-1094.89,-218.13,diff,2983.841,0,0,4917
PIF007,"IKEA CEILING MODEL 1,2 BLADE BOX C4 P3 LN",-109.0,109.0,-218.0,diff,0,-109.0,0,2791
PDF020,DECENT SUPER POWER ROD GREEN BOX  C4 P3 LN,-108.0,108.0,-216.0,diff,0,-108.0,0,2352
PSR140,CARTON 5-PLY 670*455*350 SERVIC LOGO,-475.0,-260.0,-215.0,diff,0,0,0,3855
PSR122,CARTON 5PLY 680*500*330 SERVIS LOGO,-210.0,0.0,-210.0,missing_in_erp,0,0,0,
RM218,FRAGNANCE LARK BLUE,-209.0,0.0,-209.0,missing_in_erp,0,0,0,
PAC089,S.F MUG PETTI KHAKI C1 P5,-541.0,-334.0,-207.0,diff,1402.0,0,0,1844
DW2020,RING DISHWASH 140/24,0.0,-206.0,206.0,diff,613.0,-407.0,0,1302
BTC014,SAMARA GOLD TOILET CLEANER 500/12,0.0,-205.0,205.0,diff,756.0,-3.0,0,147
PSR145,CARTON 5-PLY 620*500*320 WITH SERVIS LOGO,-205.0,0.0,-205.0,missing_in_erp,0,0,0,
PST020,WRAPPER GRAPKS CAMARA DEAR GRA 19-90/90-19,-204.85,0.0,-204.85,missing_in_erp,0,0,0,
DW1018,STAR DISHWASH 150/48,0.0,-204.0,204.0,diff,2070.0,-878.0,0,1274
DW2011,RING DISHWASH 80/48 MLB,204.0,0.0,204.0,missing_in_erp,9491.0,-4984.0,0,
PTF017,TARANUM CEILING MASTER CARTON 2IN1 25*41,-102.0,102.0,-204.0,diff,650.0,-752.0,0,4541
RAP468,RAPER FALVO FOOD HERBS SPEICES SMALL,0.5,-201.8,202.3,diff,656.0,0,0,5060
DWB007,Train Pitta PURE SADA NOOR (175/40),-202.0,0.0,-202.0,missing_in_erp,0,-727.0,0,
CLY227,TAZGI GOLD PINK SOAP,-201.85,0.0,-201.85,diff,0,0,0,389
LDM086,LD MILKY SHEET 720MM 25 MICRON,564.0,764.5,-200.5,diff,0,-7198.6,0,1494
RAP308,RAPER TRAIN DETERGENT 1/2KG BLUE,200.45,0.0,200.45,diff,2410.45,-2210.0,0,4905
PSR107,CARTON 7-PLY 625*425*345,-250.0,-50.0,-200.0,diff,0,281.0,0,3822
RM252,FRAGNANCE FRENCH ROSE,200.0,0.0,200.0,missing_in_erp,0,0,0,
RM253,FRAGNANCE REXONA,200.0,0.0,200.0,diff,0,0,0,5417
RM268,FRAGNANCE OUCH,200.0,0.0,200.0,missing_in_erp,0,0,0,
RM296,FRAGNANCE BOUQUET,0.0,-200.0,200.0,diff,0,0,0,5460
RM319,FRAGNANCE SAFE GUARD,200.0,0.0,200.0,diff,0,0,0,5482
RM321,FRAGNANCE LUX BLUE,200.0,0.0,200.0,diff,0,0,0,5484
RM323,FRAGNANCE MILK COCONUT,200.0,0.0,200.0,diff,0,0,0,5486
THR001,THREAD FOR BAGS STITCHING,200.0,0.0,200.0,missing_in_erp,0,-1232.0,0,
PAC033,A.H CUP CTN 6 DOZEN NO.9&10 C2 P3 LN,-310.0,-111.0,-199.0,diff,3463.0,-3463.0,0,1788
PKS035,BRILLO DISHWASH LIQ GREEN CTN C4 P3 LN,198.0,0.0,198.0,missing_in_erp,1167.0,-969.0,0,
PCR006,CORRUGATION ROLL SIZE 25,-197.0,0.0,-197.0,diff,8022.0,-8022.0,0,2292
DTT015,SKY WASH 5KG/5,-38.0,-234.0,196.0,diff,885.0,0,0,1235
PMH005,5LT CAN PRINTED,195.0,0.0,195.0,missing_in_erp,400.0,0,0,
DT7003,RAHIL DETERGENT 3/8 12.5AD,-171.0,23.0,-194.0,diff,5599.0,-4631.0,0,1005
DT9045,JAGMUG DETERGENT 25/180 18A.D,50.0,-144.0,194.0,diff,110.0,215.0,0,1137
PBB296,BOX BOARD 19*40.5 230GRAM,-194.0,0.0,-194.0,diff,0,-1325.0,0,2224
PIF016,"IKEA PEDISTAL BASE 24"" BOX C4 P3 LN",-97.0,97.0,-194.0,diff,0,-97.0,0,2800
PGF032,GUJRAT BRACKET GUARD CTN 18INCH C4 P5,-193.0,0.0,-193.0,missing_in_erp,949.0,0,0,
PBB065,BOX BOARD 25*40 230 GRAM,-192.96,0.0,-192.96,diff,0,-16205.0,0,1996
DT1122,BAHAR DETERGENT 20KG 10A.D,-20.0,-212.0,192.0,diff,652.0,0,0,840
DT7008,MOMIN DETERGENT 20 KG 10AD,-131.0,-321.0,190.0,diff,8527.0,-3713.0,0,1010
RAP018,RAPER RAHIL DETERGENT 3KG,94.2,-94.6,188.8,diff,1346.53,-2943.2,25.53,4617
DT2097,TRAIN DETERGENT 180/24 10AD,0.0,-188.0,188.0,diff,248.0,0,0,936
RM293,GRAVURE GS CHEMICALS,188.0,0.0,188.0,missing_in_erp,0,0,0,
RAP496,RAPER GYNOSTOL SUPLIMENT,0.0,187.0,-187.0,diff,9.0,0,0,5088
RM157,GRAVURE UVA INK BLACK,-126.0,60.0,-186.0,diff,0,-408.0,0,5321
DT8038,RAHIL DETERGENT 5/6 12AD,-95.0,-279.0,184.0,diff,516.0,-96.0,0,1083
PAC010,A.H 4 DOZAN MASTER CTN 9 &10 CUP SAUCER BOX C4 P3 LN,-1518.0,-1701.0,183.0,diff,10370.0,-4797.0,0,1765
DTS001,SHINE ZO DETERGENT 1000/12,0.0,-182.0,182.0,diff,685.0,0,0,1216
PET032,PET SIZE 850MM 12 MICRON,-182.0,0.0,-182.0,diff,0,-1115.26,0,2486
LDM156,LD NATURAL SHEET 610MM 30MICRON,-180.8,0.0,-180.8,diff,0,-386.5,0,1564
DT8039,RAHIL DETERGENT 10KG 12AD,-100.0,-280.0,180.0,diff,341.0,0,0,1084
RM310,FRAGNANCE ACTIVE CLEAN (HISUN),539.0,360.0,179.0,diff,0,0,0,5474
RM311,FRAGNANCE POP SCENT (HISUN),179.0,0.0,179.0,missing_in_erp,0,0,0,
PST016,WRAPPER SERVIS DAMPE RUBBER 70CC,-176.15,0.0,-176.15,missing_in_erp,0,0,0,
PR0122,PAPER REEL SIZE 26 (CMP),1070.0,1245.0,-175.0,diff,0,-18869.0,0,3451
RM083,FLEXO INK BLACK (HT 770),175.0,350.0,-175.0,diff,0,-2322.5,0,5251
RM256,FRAGNANCE PEACH DIRECTION,175.0,0.0,175.0,missing_in_erp,0,0,0,
RAP472,RAPER HAZMOO CANDY,0.33,-174.64,174.97,diff,561.0,0,0,5064
BOP024,BOPP MAT 820MM 20MICRON,-174.0,0.0,-174.0,diff,0,-643.25,0,33
PET044,HOLO M.PET 700MM 12MICRON,-173.35,0.0,-173.35,diff,0,-253.35,0,2498
PET063,PET SIZE 580MM 12MICRON,-172.873,0.0,-172.873,diff,0,-1679.8,0,2517
PGB023,J3-M.CTN-EXPORT MUG KHAKI C1 P5,-172.0,0.0,-172.0,missing_in_erp,931.0,510.0,0,
RAP053,RAPER RING DISHWASH MINI LONGBAR,-0.56,171.0,-171.56,diff,895.78,-2305.0,0,4652
PKC005,APPLE STAR M-80 MUG PATTI 8 DOZAN P3 C1,171.0,0.0,171.0,missing_in_erp,1117.0,0,0,
PKC006,MCT M-80 MUG PATTI 8 DOZAN P3 C1,-171.0,0.0,-171.0,missing_in_erp,1060.0,0,0,
RM142,GRAVURE INK GOLD (9201 H-LAM),-21.0,150.0,-171.0,diff,0,-376.4,0,5306
RAP333,FATE FUNGICIDE 1000GM,-170.81,0.0,-170.81,diff,1043.37,0,0,4927
PET046,HOLO M.PET 765MM 12MICRON,-169.85,0.0,-169.85,diff,0,-251.85,0,2500
RM240,GRAVURE INK WHITE (HP),1131.0,1300.0,-169.0,diff,0,-791.0,0,5404
RAP344,RAPER TAKE A BREAK BISCUIT RS.5,-168.75,0.0,-168.75,diff,168.75,0,0,4938
RAP349,RAPER PEANUTS BISCUIT RS.5,-168.48,0.0,-168.48,diff,168.48,0,0,4943
RAP345,RAPER SURPRISE BISCUIT RS.5,-168.33,0.0,-168.33,diff,168.33,0,0,4939
BOP078,BOPP 310MM 25MICRON,0.0,-168.25,168.25,diff,0,168.25,0,87
PBB130,BOX BOARD 27*30 230 GRAM,-168.08,0.0,-168.08,diff,0,-1779.28,0,2060
DT1063,LASHKARA DETERGENT 3KG 7A.D,-80.0,-248.0,168.0,diff,416.0,-232.0,0,801
RM161,GRAVURE UVA INK VARNISH,-168.0,0.0,-168.0,diff,0,-230.0,0,5325
RM0028,PROPOLINE GLYCOL (PG),-167.311,0.0,-167.311,diff,0,-662.829,597.482,5189
RM0072,ETHOMEEN T 12,194.0,360.0,-166.0,diff,0,-1450.0,0,5234
RAP346,RAPER BUTTER BADAM BISCUIT RS.5,-165.14,0.0,-165.14,diff,165.14,0,0,4940
PET051,M.PET SIZE 480MM 12 MICRON,164.833,0.0,164.833,diff,0,-281.61,0,2505
BOP051,BBOPP SIZE 800MM 30MICRON,-164.64,0.0,-164.64,diff,0,-467.64,0,60
PBB250,BOX BOARD 23*40 230 GRAM,-163.99,0.0,-163.99,diff,0,-505.0,0,2179
RAP347,RAPER ZEERA BISCUIT RS.5,-163.83,0.0,-163.83,diff,163.83,0,0,4941
PBB109,BOX BOARD 17*30 250 GRAM,-163.35,0.0,-163.35,diff,0,165.295,0,2040
RAP348,RAPER CAFI BISCUIT RS.5,-161.93,0.0,-161.93,diff,161.93,0,0,4942
BOP023,BOPP H/S 920MM 30MICRON,-161.0,0.0,-161.0,diff,0,-165.54,0,32
RAP 070,SHINEX RAPER,161.0,0.0,161.0,missing_in_erp,0,9.3,0,
RM144,GRAVURE INK ORANGE (2036 H-LAM),161.0,0.0,161.0,diff,0,-600.0,0,5308
RM193,TITANUM DIOXIDE,-60.285,100.0,-160.285,diff,0,53.0,395.285,5357
RM0045,PEARL,-160.0,0.0,-160.0,missing_in_erp,0,-160.0,0,
PCR009,CORRUGATION ROLL SIZE 29,-159.0,0.0,-159.0,diff,3516.0,-3443.0,0,2295
LD0001,TRAIN LAUNDRY DETERGENT 250/24,158.8,0.0,158.8,diff,217.0,0,0,1408
LDM096,LD NATURAL SHEET 540MM 30MICRON,-157.5,0.0,-157.5,diff,0,-533.7,0,1504
PBB151,BOX BOARD 34*26 230 GRAM,-157.0,0.0,-157.0,diff,0,-5077.0,0,2081
TB002,TAZGI BEAUTY PINK SOAP (120/48),-140.0,17.0,-157.0,diff,2016.0,-3460.0,0,5550
RM177,FRAGNANCE ALOE VERA (214),156.6,0.0,156.6,diff,0,-100.0,0,5341
PET050,M.PET SIZE 510MM 12 MICRON,-156.174,0.0,-156.174,diff,0,-763.13,0,2504
BTC005,BRILLO TOILET CLEANER 250/24,0.0,-154.0,154.0,diff,955.0,-608.0,0,138
RAP011,RAPER LASHKARA 5 KG,-60.26,91.0,-151.26,diff,2680.54,-24244.5,0,4610
DW0006,BAHAR DISHWASH 60/48,68.0,-83.0,151.0,diff,5850.0,-4399.0,0,1256
PBB309,BOX BOARD 30*34 230 GRAM,151.0,0.0,151.0,missing_in_erp,0,-545.0,0,
PET040,PET SIZE 965MM 12 MICRON,-151.0,0.0,-151.0,diff,0,-766.15,0,2494
PDF040,DECENT M.CTN BLADE 10 IN 1 KHAKI P3 C1 LN,-45.0,-195.0,150.0,diff,2163.0,-1741.0,0,2372
PMH006,HALF LT PET CTN C2 P3,-699.0,-849.0,150.0,diff,0,0,0,3126
RM116,FLEXO INK GREEN (HT 6063),-25.0,125.0,-150.0,diff,0,-1300.0,0,5280
RM219,FRAGNANCE LUX GREEN,-150.0,0.0,-150.0,missing_in_erp,0,0,0,
PET082,M.PET SIZE 460MM 12MICRON,149.996,0.0,149.996,diff,0,-124.79,0,2536
PBB284,BOX BOARD 23*40.5 250 GRAM,-148.41,0.0,-148.41,diff,0,-586.41,0,2212
PET064,PET SIZE 685MM 12MICRON,-145.68,0.0,-145.68,diff,0,-145.68,0,2518
RAP026,RAPER BRILLO DISHWASH 200/48,-72.54,72.5,-145.04,diff,659.7,-3576.26,0,4625
DT99910,SAGA DETERGENT 500/24,-158.0,-303.0,145.0,diff,4638.0,-1328.0,0,1142
DW9035,SAMARA GOLD DISHWASH LIQUID 475/12 LEMON,0.0,-145.0,145.0,diff,496.0,0,0,1386
PSR139,CARTON 5-PLY 650*450*295 WITH SERVIC LOGO,-145.0,0.0,-145.0,missing_in_erp,0,0,0,
DW009,BAHAR DISHWASH 90/48 (MLB),11.0,-133.0,144.0,diff,294.0,0,0,1259
PKS302,BACHAT TOILET CLEANER 500/12 CTN,144.0,0.0,144.0,missing_in_erp,194.0,0,0,
RAP006,RAPER LASHKARA 1 KG,16.775,160.0,-143.225,diff,4908.355,2706.99,24176.46,4605
DT9015,JAGMAG DETERGENT 250/24,-143.0,0.0,-143.0,missing_in_erp,6393.0,-6946.0,0,
LDM141,LD NATURAL SHEET 765MM 110MICRON,-143.0,0.0,-143.0,diff,0,-1254.4,0,1549
LDM180,LD NATURAL SHEET 680MM 40MICRON,141.6,0.0,141.6,diff,0,-921.8,0,1588
RAP386,RAPER AHSAN SALT BEST CHOICE,-1036.5,-894.9,-141.6,diff,911.6,0,0,4980
RAP017,RAPER RAHIL DETERGENT 1KG,-70.055,70.0,-140.055,diff,947.195,-1081.041,4.499,4616
PR0001,PAPER REEL SIZE 36 (F & SF),6242.0,6381.0,-139.0,diff,89.0,-102554.0,0,3331
PSR135,CARTON 5 PLY 650*380*300MM  SSC,-138.0,0.0,-138.0,missing_in_erp,0,0,0,
TB003,TAZGI BEAUTY GREEN SOAP (120/48),-138.0,0.0,-138.0,diff,3275.0,-3968.0,0,5551
CC0010,CC BROWN 2 TIKKI DEY 250/40,-137.0,0.0,-137.0,diff,0,-307.0,0,157
DTG003,SAMARA GOLD DETERGENT 90/120,0.0,-137.0,137.0,diff,513.0,0,0,1188
BOP075,CPP MTZ 722MM 25MICRON,0.0,136.85,-136.85,diff,0,-136.85,0,84
PBB071,BOX BOARD 28*25 230 GRAM,3261.98,3397.0,-135.02,diff,0,-23060.004,0,2002
RAP377,RAPER HAPPY DETERGENT 500GRM,134.6,0.0,134.6,diff,403.6,-269.0,0,4971
DW2005,RING DISHWASH 60/36,97.0,-37.0,134.0,diff,97510.0,-93033.0,0,1288
RAP304,RAPER AH CERAMICS 6CUP+6 SAUCER,-134.0,0.0,-134.0,diff,134.0,-134.0,0,4901
PET049,M.PET SIZE 570MM 12 MICRON,133.565,0.0,133.565,diff,0,-811.52,0,2503
NBR001,WHITE STAND POUCH BAG H#13IN & W#230MM,-132.6,0.0,-132.6,missing_in_erp,0,0,0,
RAP071,SAFA DETERGENT RAPER 500 GRAM,371.65,240.0,131.65,diff,860.45,-1737.75,0,4670
LDM242,LD NATURAL SHEET 570MM 75MICRON,130.3,0.0,130.3,missing_in_erp,0,-391.0,0,
PDF089,CROWN STAR PLUS OVATE CEILLING BLADE C4 P3,-630.0,-500.0,-130.0,diff,0,0,0,2421
RAP467,AMEER BALAJ MIX NIMKO RS.50,-0.44,-130.44,130.0,diff,477.0,0,0,5059
RM239,GRAVURE INK MIX CHEMICALS (ELB),-130.0,0.0,-130.0,diff,0,-370.0,0,5403
RM279,GRAVURE INK BROWN,-130.0,0.0,-130.0,diff,0,-130.0,0,5443
RAP044,SAGA DETERGENT RS#10,-64.58,65.0,-129.58,diff,96.0,521.204,0,4643
LDM209,LD NATURAL SHEET 780MM 65MICRON,129.2,0.0,129.2,missing_in_erp,0,-283.0,0,
RAP314,RAPER AL FIRDOUS VERMILLI 300GRM,-2277.74,-2148.55,-129.19,diff,3458.82,0,0,4911
PDF088,CROWN STAR PLUS OVATE CEILLING BODY C4 P5 LY,-129.0,0.0,-129.0,missing_in_erp,0,0,0,
PAW001,KAINAT 1121 STEAM RICE KHAKI P5,-128.85,0.0,-128.85,missing_in_erp,0,0,0,
DTT011,SKY WASH 200/30 18AD,-179.0,-307.0,128.0,diff,1936.0,0,0,1231
DT0001,BRILLO DETERGENT 320/12,-237.0,-364.0,127.0,diff,8743.0,-6931.9,0,730
PSR105,CARTON 5-PLY 635*400*360 SERVICE LOGO (KFC),-127.0,0.0,-127.0,missing_in_erp,0,500.0,0,
DT99931,SAGA DETERGENT 160/48 (YELLOW),-126.0,0.0,-126.0,missing_in_erp,0,0,0,
BOP077,CPP MTZ 720MM 25MICRON,268.0,393.92,-125.92,diff,0,-125.92,0,86
DT2006,TRAIN DETERGENT 30/120 (10 A.D) SINDH,0.0,-125.0,125.0,diff,5786.0,-4834.0,0,849
PSR076,CARTON 5-PLY 670*500*350 SADA,-125.0,0.0,-125.0,missing_in_erp,80.0,-80.0,0,
RM087,GRAVURE INK BLACK (H-LAM),-75.0,50.0,-125.0,diff,0,-1368.0,0,5255
RAP005,RAPER JAGMAG SASHAY RS.10,127.4,252.0,-124.6,diff,1034.0,-2302.479,297.321,4603
PAF007,AMIN PEDISTAL BODY ECONOMY BOX C4 P5 LN,-62.0,62.0,-124.0,diff,992.0,-1054.0,0,1858
DT1053,LASHKARA DETERGENT 400/12,-2140.0,-2017.0,-123.0,diff,150831.417,-42428.0,0,791
DT9999,SAGA DETERGENT 10KG,100.0,-23.0,123.0,diff,6764.0,-3438.0,0,1177
PBB032,BOX BOARD 25*22 230 GRAM,-121.96,0.0,-121.96,diff,0,-12960.0,0,1963
DT2095,TRAIN DETERGENT 300/12 (LASHKARA QUALITY),0.0,-121.0,121.0,diff,171.0,0,0,934
BOP027,PEARL 660MM 38 MICRON,2302.35,2181.5,120.85,diff,0,-557.39,0,36
NKR001,RAPER NIKOR COOPA LOVE PEANUT CHOCLATE,-621.03,-500.5,-120.53,diff,496.64,0,0,1755
PET013,PET SIZE 540MM 12 MICRON,615.768,495.278,120.49,diff,0,-3511.13,0,2467
PET059,PET SIZE 770MM 12MICRON,-120.36,0.0,-120.36,diff,0,-380.36,0,2513
PET045,HOLO M.PET 500MM 12MICRON,-120.15,0.0,-120.15,diff,0,-258.15,0,2499
DT99918,SAGA DETERGENT 150/48,-50.0,-170.0,120.0,diff,3306.0,-85.0,0,1150
PSR128,SADA CORTOON 5P 679x455x359,-120.0,0.0,-120.0,missing_in_erp,0,0,0,
RM129,TAPE,118.0,-2.0,120.0,diff,0,0,0,5293
RM232,GRAVURE INK WHITE (ELB),-120.0,0.0,-120.0,diff,0,-186.5,0,5396
RAP233,RAPER TRAIN DISHWASH GOLA 300/24,119.7,0.0,119.7,diff,0,119.7,0,4830
DW9026,RAHIL LIQUID 5KG/4,0.0,-119.0,119.0,diff,595.0,-133.0,0,1377
DTT010,SKY WASH 100/60 18AD,-966.0,-1084.0,118.0,diff,5974.0,0,0,1230
PCR017,CORRUGATION ROLL SIZE 38,-118.0,0.0,-118.0,diff,2732.0,-2726.0,0,2303
PDF031,DECENT BLADE BOX SMALL 10IN1 CN P3 LN,-59.0,59.0,-118.0,diff,259.0,-318.0,0,2363
PGC036,BURQI CUP&SAUCER DIBBI C1 P3,0.0,-118.0,118.0,extra_in_erp,0,0,0,5693
PBB103,BOX BOARD 16*32 210 GRAM,-117.37,0.0,-117.37,diff,0,125.22,0,2034
PCR024,CORRUGATION ROLL SIZE 32,-117.0,0.0,-117.0,diff,3510.0,-3456.0,0,2310
PDS019,SAPHIRE CEILLING M.CTN 2IN1 C1 P3,-235.0,-118.0,-117.0,diff,0,0,0,2447
LDM189,LD NATURAL SHEET 720MM 50MICRON,-116.0,0.0,-116.0,diff,0,-365.0,0,1597
RM169,LAMINATION GLUE,-16.0,100.0,-116.0,diff,0,-258.0,0,5333
DT0003,BRILLO DETERGENT 30/120,0.0,-115.0,115.0,diff,2118.0,-1351.0,0,732
BOP038,CPP MTZ 855MM 25MICRON,114.9,0.0,114.9,diff,0,-1840.6,0,47
DT2094,TRAIN DETERGENT 1000/12 (LASHKARA QUALITY),0.0,-113.0,113.0,diff,153.0,0,0,933
PET003,PET SIZE 715MM 12 MICRON,-112.22,0.0,-112.22,diff,0,-321.1,0,2457
LS002,LASHKARA SPECIAL 4PACK 6KG,-112.0,0.0,-112.0,missing_in_erp,0,-111.0,0,
PAF006,AMIN CEILING BLADE GLAXAY BOX C4 P3 LN,-56.0,56.0,-112.0,diff,0,-56.0,0,1857
DT2042,TRAIN DETERGENT 300/12 12AD,-150.0,-261.0,111.0,diff,13976.0,-11723.0,0,885
RAP225,RAPER SAFA DISHWASH LIQUID 800 GRAM,111.0,0.0,111.0,missing_in_erp,85.0,26.0,0,
RAP376,RAPER HAPPY DETERGENT 1KG,110.65,0.0,110.65,diff,169.65,-59.0,0,4970
WYM0002,Glow Plastic Lunch Box 2,-110.36,0.0,-110.36,diff,110.36,147.0,0,5593
DT2096,TRAIN DETERGENT 150/24 (LASHKARA QUALITY),0.0,-110.0,110.0,diff,160.0,0,0,935
DWB006,TRAIN PITTA PURE SADA (75/40)3KG,-110.0,0.0,-110.0,missing_in_erp,0,-565.0,0,
PET041,M.PET SIZE 540MM 12 MICRON,824.722,934.056,-109.334,diff,0,-541.56,0,2495
DW0004,BAHAR DISHWASH GOLA (80/36),109.0,0.0,109.0,missing_in_erp,2391.0,-2282.0,0,
PKS300,BESAN 555 CTN,-3128.0,-3236.0,108.0,diff,1008.0,0,0,2981
PSR141,CARTON 5-PLY 645*680*370 UNPRINTED,-108.0,0.0,-108.0,missing_in_erp,0,0,0,
RM247,SOLVENT BASE LA600E GRAVURE,-108.0,0.0,-108.0,diff,0,-108.0,0,5411
RM248,SOLVENT BASE LA200D GRAVURE,-108.0,0.0,-108.0,diff,0,-108.0,0,5412
RAP341,LEMON FOR OIL REMOVAL D/W 800ML,107.41,0.0,107.41,missing_in_erp,336.69,0,0,
BOP028,BOPP 660MM 25 MICRON,-107.0,0.0,-107.0,diff,0,-360.32,0,37
DT2093,TRAIN DETERGENT 260/24,-238.0,-345.0,107.0,diff,10.0,147.0,0,932
PMH002,SHIPPER 1 CTN C2 P5,-18.0,-125.0,107.0,diff,250.0,-66.0,0,3122
PSR124,CARTON 5PLY 645*510*365  UNPRINTED,-107.0,0.0,-107.0,missing_in_erp,717.0,0,0,
BOP010,BOPP PEARL 760MM 38MICRON,106.7,0.0,106.7,missing_in_erp,0,-3.0,0,
DT2019,TRAIN DETERGENT 500/24 10AD,-135.0,-30.0,-105.0,diff,2541.0,-1383.0,0,862
DW0002,BAHAR DISHWASH BAR 120/24,1.0,-104.0,105.0,diff,20080.0,-18700.0,0,1252
RAP151,RAPER CHEETA DISHWASH BAR RS.20,-668.9,-564.13,-104.77,diff,2552.03,-27.6,0,4748
RAP118,RAPER FOJI COOKING OIL,-52.0,52.0,-104.0,diff,160.0,-212.0,0,4717
PBB069,BOX BOARD 22*31 230 GRAM,-102.42,0.0,-102.42,diff,0,-7347.42,0,2000
DT0002,BRILLO DETERGENT 200/24,0.0,-102.0,102.0,diff,4568.0,-3836.11,0,731
DT2009,TRAIN DETERGENT 200/24 (10A.D),-152.0,-50.0,-102.0,diff,20875.0,-17537.0,0,852
DT8012,ARGWAN DETERGENT 10 KG 12.5AD,-100.0,-201.0,101.0,diff,1071.0,-970.0,0,1057
DTF004,OK DETERGENT 500/24,-101.0,0.0,-101.0,diff,0,0,0,1185
PBB294,BOX BOARD 28*25 250GRAM,-100.73,0.0,-100.73,diff,0,-2990.73,0,2222
DT1054,LASHKARA DETERGENT 420/12,-100.0,0.0,-100.0,missing_in_erp,2019.0,-2019.0,0,
DT8029,RASHID DETERGENT 20KG 12A.D,-100.0,-200.0,100.0,diff,2380.0,0,0,1074
DTF005,OK DETERGENT 180/60,-100.0,0.0,-100.0,diff,0,0,0,5700
DW4011,BRILLO DISHWASH LIQUID 900/12 ORANGE,0.0,-100.0,100.0,diff,593.0,0,0,1322
DW9037,SAMARA GOLD DISHWASH LIQUID 475/12 GREEN,0.0,-100.0,100.0,diff,100.0,0,0,1388
LDM248,LD NATURAL SHEET 680MM 80MICRON,100.0,0.0,100.0,diff,0,-695.4,0,1656
LS00015,TRAIN NAROOL 15KG 375/40,-100.0,0.0,-100.0,missing_in_erp,0,-250.0,0,
PKS061,TRAIN DESHWASH 48 TIKKI C4 P3 LN,100.0,0.0,100.0,missing_in_erp,4104.0,-4004.0,0,
PKS292,BRILLO TOILET CLEANER 250ML P3,100.0,0.0,100.0,missing_in_erp,1547.0,-1447.0,0,
PMA019,TRAY ACHAR MIX SMALL C1 P3,100.0,0.0,100.0,missing_in_erp,3493.0,0,0,
PP0085,TOWER EMPTY BAG 500GRAM (18*27) C4 PRINTED,-100.0,0.0,-100.0,diff,0,0,0,3244
PP040,TRAIN 5KG YELLOW,100.0,0.0,100.0,missing_in_erp,0,100.0,0,
PPC013,WALI COOKING OIL 1KG /16 PCS,-100.0,0.0,-100.0,missing_in_erp,0,-3040.0,0,
RM082,FLEXO INK YELLOW (1121),150.0,250.0,-100.0,diff,0,-1923.0,0,5250
RM149,GRAVURE INK WHITE (HR),-100.0,0.0,-100.0,diff,0,-414.0,0,5313
RM180,GRAVURE INK CYAN (FTP),-100.0,0.0,-100.0,diff,0,-50.0,0,5344
RM204,GRAVURE INK BLACK (APV),-225.0,-125.0,-100.0,diff,0,-200.0,0,5368
RM216,FRAGNANCE GIV BLUE,-150.0,-50.0,-100.0,diff,0,0,0,5380
RM329,FRAGNANCE SPRING ROSE,-150.0,-250.0,100.0,diff,0,0,0,5492
LDM247,LD NATURAL SHEET 640MM 70MICRON,98.0,0.0,98.0,diff,0,-494.7,0,1655
PGC032,HOTEL BIKO CUP M.CTN 8DOZAN KHAKI P3,-289.0,-387.0,98.0,diff,0,0,0,2657
LDM110,LD NATURAL SHEET 640MM 30 MICRON,407.0,309.5,97.5,diff,0,-469.5,0,1518
RM158,GRAVURE UVA INK CYAN,-37.0,60.0,-97.0,diff,0,-175.0,0,5322
BOPP005,BOPP PEARL 760MM 30 MICRON,-95.0,0.0,-95.0,diff,0,0,0,98
DT2060,TRAIN DETERGENT 170/48 10 A.D,0.0,-95.0,95.0,diff,527.0,-452.0,0,903
DT2065,TRAIN DETERGENT 160/48 10A.D,-338.0,-433.0,95.0,diff,1087.0,-1042.0,0,908
LS0007,TRAIN GOLD NAWAZ CUP LOSE 325/40 13KG,-95.0,0.0,-95.0,diff,0,-190.0,0,1688
LDM178,LD MILKY SHEET 510MM 70MICRON,-92.0,0.0,-92.0,diff,0,-431.0,0,1586
PIF018,IKEA REHAN T.C.P PEDISTAL BASE BOX C4 P3 LN,-46.0,46.0,-92.0,diff,0,-46.0,0,2802
RM0068,FENTACARE T31 I 50(3402.1300),-92.0,0.0,-92.0,missing_in_erp,0,-1100.0,0,
RAP342,LEMON FOR OIL REMOVAL D/W 1.5 L,91.49,0.0,91.49,missing_in_erp,318.45,0,0,
BOP087,NYLON 855MM 15MICRON,91.2,0.0,91.2,diff,0,0,0,96
LDM142,LD MILKY SHEET 855MM 25 MICRON,2243.0,2333.1,-90.1,diff,0,-4931.1,0,1550
RAP023,RAPER BRILLO DETERGENT 500GRMS,-45.0,45.0,-90.0,diff,647.24,1713.9,3207.84,4622
PBB099,BOX BOARD 19*40 230GRAM,-89.764,0.0,-89.764,diff,0,-9415.777,0,2030
CC0001,CC FRUITY ORANGE (50/72) 3.6KG,-87.0,0.0,-87.0,missing_in_erp,0,-450.0,0,
RM245,GRAVURE INK VARNISH (HP),387.0,300.0,87.0,diff,0,113.0,0,5409
LDM228,LD NATURAL SHEET 765MM 60MICRON,85.4,0.0,85.4,missing_in_erp,0,-449.0,0,
RM160,GRAVURE UVA INK YELLOW,-85.0,0.0,-85.0,diff,0,-518.0,0,5324
DW2017,RING DISHWASH MLB 110/48,-100.0,-184.0,84.0,diff,5685.0,-2257.0,0,1300
LDM126,LD MILKY SHEET 500MM 70MICRON,218.7,135.4,83.3,diff,0,-2832.6,0,1534
LDM157,LD MILKY SHEET 760MM 120MICRON,-83.2,0.0,-83.2,diff,0,-389.0,0,1565
DW2012,RING DISHWASH 120/24,0.0,-83.0,83.0,diff,107075.0,-99561.0,0,1295
RM159,GRAVURE UVA INK MAGENTA,-22.5,60.0,-82.5,diff,0,-141.5,0,5323
BOP067,CPP NATURAL 720MM 25MICRON,959.9,877.9,82.0,diff,0,-1077.12,0,76
DW7015,SAGA DISHWASH 150/24 LONGBAR,82.0,0.0,82.0,missing_in_erp,229.0,-132.0,0,
PSR136,CARTON 5 PLY 620*340*300MM SSC,-81.0,0.0,-81.0,missing_in_erp,0,0,0,
RM189,GRAVURE MEDIUM (MPV),-81.0,0.0,-81.0,missing_in_erp,0,-199.0,0,
CC0002,CC FRUITY LEMON(50/72) 3.6KG,-80.0,0.0,-80.0,missing_in_erp,0,-350.0,0,
DW4010,BRILLO DISHWASH LIQUID 900/12 LEMON,1.25,-78.75,80.0,diff,477.0,0,0,1321
DW9020,ARGHAWAN DISHWASH LIQUID 900/12,-25.0,-105.0,80.0,diff,1671.0,-776.0,0,1371
DW9034,SAFA LIQUID 5/4,0.0,-80.0,80.0,diff,302.0,0,0,1385
LDM147,LD MILKY SHEET 655MM 30 MICRON,-80.0,0.0,-80.0,diff,0,-351.0,0,1555
RM0041,FRAGNANCE DISHWASH LIQUID,80.0,0.0,80.0,missing_in_erp,0,80.0,0,
RAP307,RAPER DELUXE TURKEY BEAUTY SOAP (ROSE TOUCH),-1396.375,-1316.73,-79.645,diff,3190.345,0,0,4904
PBB035,BOX BOARD 21*37 230 GRAM,-79.53,0.0,-79.53,diff,0,-5706.812,0,1966
RAP194,RAPER CHEETA DETERGENT  1KG,-554.92,-475.4,-79.52,diff,1167.75,-418.0,0,4791
MO1013,MUSTARD OIL 210/24,0.0,-78.0,78.0,diff,188.0,-55.0,0,1738
PAC082,FINE BONE TEA SET 14PCS CTN 4 IN 1 C1 P5,-78.0,0.0,-78.0,missing_in_erp,1549.0,0,0,
LDM017,LD MILKY SHEET 710MM 50 MICRON,-76.5,0.0,-76.5,diff,0,-1108.4,0,1425
TF004,TAZGI FRUITY LEMON (45/72),-76.0,0.0,-76.0,missing_in_erp,0,-110.0,0,
BOP034,BOPP PEARL 795MM 30 MICRON,-75.58,0.0,-75.58,diff,0,-990.58,0,43
DT2098,TRAIN DETERGENT  300/12 10AD,0.0,-75.0,75.0,extra_in_erp,0,0,0,5683
LDM221,LD NATURAL SHEET 470MM 50MICRON,75.0,0.0,75.0,missing_in_erp,0,-233.0,0,
LS0009,TRAIN NAROL BILAL CUP (125/40)5 KG,-75.0,0.0,-75.0,missing_in_erp,0,-629.0,0,
PDF077,ROD PETTI 10IN1 WHITE SADA P5,-86.0,-11.0,-75.0,diff,127.0,0,0,2409
RM179,GRAVURE INK WHITE (FTP),-75.0,0.0,-75.0,diff,0,-50.0,0,5343
PBB110,BOX BOARD 21*34 230 GRAM,-74.3,0.0,-74.3,diff,0,-519.0,0,2041
RM0057,FRAGNANCE UNI-MED,-74.252,0.0,-74.252,diff,0,-1057.475,36.252,5219
BTC002,BAHAR TOILET CLEANER 500ML,-18.0,-92.0,74.0,diff,477.5,-139.0,0,135
LDM021,LD MILKY SHEET 765MM 30 MICRON,-74.0,0.0,-74.0,diff,0,-5938.8,0,1429
DT2041,TRAIN DETERGENT 25/120 12AD,16.0,-56.0,72.0,diff,6209.0,-4396.0,0,884
DT9030,JAGMAG DETERGENT 4KG 12.5 A.D,-72.0,0.0,-72.0,missing_in_erp,1034.0,-1034.0,0,
PAF008,AMIN PEDISTAL ROD ECONOMY BOX C4 P3 LN,-36.0,36.0,-72.0,diff,1004.0,-1040.0,0,1859
PIF013,"IKEA PEDISTAL ROD 24"" BOX C4 P3 LN",-36.0,36.0,-72.0,diff,0,-36.0,0,2797
TF003,TAZGI FRUITY PEACH (120/48),-72.0,0.0,-72.0,missing_in_erp,0,-280.0,0,
DT1106,BAHAR DETERGENT 250/30,0.0,-71.0,71.0,diff,8854.0,-7963.0,0,824
PBB287,BOX BOARD 38*23 250GRAM,-70.45,0.0,-70.45,diff,0,-3299.45,0,2215
BOP025,BOPP MAT 590MM 15MICRON,-70.0,0.0,-70.0,diff,0,-377.87,0,34
DT7035,NARGES DETEREGENT 20KG 12AD,0.0,-70.0,70.0,diff,631.0,0,0,1037
DT8017,KAMIL DETERGENT 20KG 10AD,0.0,-70.0,70.0,diff,2966.0,-1522.0,0,1062
DT99925,SAGA DETERGENT 30/120,0.0,70.0,-70.0,diff,772.0,560.0,0,1158
LS0006,Train Neel 150/48,-70.0,0.0,-70.0,missing_in_erp,0,-105.0,0,
RM081,SOLVENT FOR INK,-70.0,0.0,-70.0,missing_in_erp,0,-3949.6,0,
RM174,GRAVUER INK ROYAL BLUE,-70.0,0.0,-70.0,diff,0,-200.0,0,5338
RM164,ADHESIVE SOLVENT BASE,612.0,680.0,-68.0,diff,0,-1052.0,0,5328
LDM206,LD NATURAL SHEET 570MM 55MICRON,67.8,0.0,67.8,missing_in_erp,0,-261.0,0,
RM151,GRAVURE INK MAGENTA (HR),-67.5,0.0,-67.5,diff,0,-290.5,0,5315
PCR043,CORRUGATION ROLL SIZE 39,67.0,0.0,67.0,missing_in_erp,30.0,37.0,0,
PDF014,DECENT CEILING BLADE PERFECT BOX C4 P3 LN,-33.0,33.0,-66.0,diff,4567.0,-4600.0,0,2346
RM237,GRAVURE INK BLACK (ELB),-66.0,0.0,-66.0,diff,0,-31.7,0,5401
BOP050,BOPP SIZE 765MM 25MICRON,-65.49,0.0,-65.49,diff,0,-722.49,0,59
BOP041,BOPP MATT 635MM 12MICRON,-65.25,0.0,-65.25,diff,0,-206.25,0,50
LDM122,LD NATURAL SHEET 755MM 30MICRON,-65.1,0.0,-65.1,diff,0,-2219.0,0,1530
LDM120,LD NATURAL SHEET 675MM 30 MICRON,-65.0,0.0,-65.0,diff,0,-319.1,0,1528
PBB078,BOX BOARD 18*35 230 GRAM,-64.89,0.0,-64.89,diff,0,-851.35,0,2009
LDM154,LD MILKY SHEET 840MM 40MICRON,-64.5,0.0,-64.5,diff,0,-402.5,0,1562
RAP108,RAPER RING 120/36 YELLOW,91.6,156.0,-64.4,diff,1355.87,-1702.36,0,4707
DT9001,JAGMAG DETERGENT 4KG/5,-63.0,0.0,-63.0,missing_in_erp,2155.0,-2201.0,0,
DT7019,RAHAL DETERGENT 2/10 12.5AD,-11.0,-73.0,62.0,diff,988.0,-507.0,0,1021
DW9016,LAIR DISHWASH LIQUID 900/12 ORANGE,-62.0,0.0,-62.0,missing_in_erp,330.0,-330.0,0,
PSR093,CARTON UNPRINTED 5-PLY 740*450*335MM,-62.0,0.0,-62.0,missing_in_erp,214.0,-214.0,0,
PBD007,EMPTY GLUE CAN,-64.0,-3.0,-61.0,diff,0,24.0,0,2273
PR0073,PAPER REEL SIZE 52 (F & SF),15990.0,16051.0,-61.0,diff,0,-254393.0,0,3403
RM0036,TINOPAL,-60.5,0.0,-60.5,diff,0,-2727.1,0,5197
DT1039,LASHKARA DETERGENT 250/24,-60.0,0.0,-60.0,missing_in_erp,2044.0,-2044.0,0,
DTC001,BACHAT TOILET CLEANER 500/12,0.0,-60.0,60.0,diff,3515.0,-2916.0,0,1179
LDM130,LD NATURAL SHEET 610MM 130MICRON,-60.0,0.0,-60.0,diff,0,-1674.2,0,1538
PAF015,AMIN ROD PETI 24 INCH  KHAKI P5 SADA,-60.0,0.0,-60.0,missing_in_erp,0,850.0,0,
PDF049,DECENT SUPER SHAYAN CEILING BLADE C4 P3 LN,60.0,0.0,60.0,missing_in_erp,9435.0,-6569.0,0,
PKS074,SAGA DETERGENT 12 PCS  C1 P5 LN,60.0,0.0,60.0,missing_in_erp,5718.0,-5658.0,0,
PP045,RAHIL 1KG,60.0,0.0,60.0,missing_in_erp,0,60.0,0,
RAP099,JAGMAG 4KG,-30.0,30.0,-60.0,diff,210.0,-1623.0,0,4698
RM273,BLUE COLOR (FOR SPECKLES),240.0,180.0,60.0,diff,0,-240.0,0,5437
LDM039,LD MILKY SHEET 790MM 30 MICRON,-59.0,0.0,-59.0,diff,0,-3076.4,0,1447
PPC005,DAWAT BANASPATI 1KG 16PAC,59.0,0.0,59.0,diff,6253.0,-3287.0,0,3277
RAP212,RAPER GLOW PLASTIC LAUNCH BOX,-58.42,0.0,-58.42,diff,143.96,329.0,0,4809
DT9004,JAGMAG DETERGENT 75/120,-58.0,0.0,-58.0,missing_in_erp,1563.0,-1584.0,0,
PCR011,CORRUGATION ROLL SIZE 30,-58.0,0.0,-58.0,diff,8094.0,-8005.0,0,2297
PTF016,TARANUM BLADE M.CTN 10IN1 C1 P3 WHITE,-553.0,-495.0,-58.0,diff,1690.0,-1171.0,0,4540
PMH004,1KG PHARMA PRINTED,16.0,-40.0,56.0,diff,526.0,0,0,3124
PSR073,CARTON 7-PLY 645*400*335MM PAF PRINTED 10 PAIR,-56.0,0.0,-56.0,missing_in_erp,5466.0,-3404.0,0,
BTC010,BAHAR TOILET CLEANER 250/24,-31.0,-86.0,55.0,diff,683.6,-364.0,0,143
PSR014,CARTON 5 PLY 680*645*370MM,-55.0,0.0,-55.0,missing_in_erp,10480.0,-10310.0,0,
RAP201,RAPER TRAIN DETERGENT 400 GRAM,-54.759,0.0,-54.759,diff,2792.241,-2191.8,0,4798
DTT005,TOWER DETERGENT 3KG/7 12AD,-168.0,-222.0,54.0,diff,539.0,124.0,0,1225
DW7018,SAGA DISHWASH 120/36,0.0,-54.0,54.0,diff,1307.0,102.0,0,1346
PMA017,PURE MIX PICKLE 2KG 6PCS P5 LN C1,54.0,0.0,54.0,missing_in_erp,2454.0,0,0,
PPC012,SEASON  BANASPATI 1KG*16,54.0,0.0,54.0,diff,6667.0,-1502.0,0,3284
LDM191,LD MILKY SHEET 680MM 50MICRON,-52.0,0.0,-52.0,diff,0,-447.0,0,1599
PBD003,FRAGNANCE EMPTY DRUM,-110.0,-58.0,-52.0,diff,0,112.0,0,2270
PGF025,GUJRAT ROD PETI 10 IN 1 C1 P3,-847.0,-795.0,-52.0,diff,1973.0,-424.0,0,2683
PSN026,SHAHZAIN LAUNDRY SOAP CODE MC#2 C2 P3,52.0,0.0,52.0,missing_in_erp,16876.0,-6851.0,0,
RM280,GRAVURE INK GREEN,-50.2,0.0,-50.2,diff,0,-35.2,0,5444
RAP040,RAPER BACHAT 1/2 KG,-25.05,25.0,-50.05,diff,401.494,3997.4,4423.944,4639
BOP029,BOPP 680MM 30 MICRON,-50.0,0.0,-50.0,diff,0,-248.29,0,38
DT1031,LASHKARA DETERGENT 600/12 10A.D,-50.0,0.0,-50.0,missing_in_erp,770.0,-770.0,0,
DT2034,TRAIN DETERGENT 400/12 12A.D,-117.0,-167.0,50.0,diff,1697.0,-812.0,0,877
DT8010,RASHID DETERGENT 20KG 7A.D,-394.0,-444.0,50.0,diff,2598.0,-2538.0,0,1055
DT8019,SAFA DETERGENT 500/24,0.0,-50.0,50.0,diff,931.0,-451.0,0,1064
DWB005,BLACK PITTA 5.6KG (280/20),-50.0,0.0,-50.0,missing_in_erp,0,-150.0,0,
LDM010,LD MILKY SHEET 510MM 30 MICRON,-153.0,-103.0,-50.0,diff,0,-930.4,0,1418
PDS006,SANYO CEILING BLADE C4 P3 LN,50.0,0.0,50.0,missing_in_erp,2472.0,-2422.0,0,
PGF029,"IDEAL PEDISTAL ROD 24"" C4 P3  LN",-1710.0,-1760.0,50.0,diff,1292.0,0,0,2687
PIA001,SAFA DISHWASH LIQUID 800G*12 C4 P5 LY,50.0,0.0,50.0,missing_in_erp,734.0,3201.0,0,
PIF006,IKEA CEILING CAPRY BLADE BOX C4 P3 LN,-25.0,25.0,-50.0,diff,0,-25.0,0,2790
PIF015,"IKEA REHAN T.C.P PEDISTAL ROD 24"" BOX C4 P3 LN",-25.0,25.0,-50.0,diff,0,-25.0,0,2799
PPD029,PD 24PCS TEA SET M.CTN KHAKI C1 P3,50.0,0.0,50.0,missing_in_erp,488.0,0,0,
PSR040,CARTON 5PLY 620*420*330MM SERVIS LOGO,-50.0,0.0,-50.0,missing_in_erp,7.0,-7.0,0,
RM0048,FRAGRANCE BRIGHT,-50.0,0.0,-50.0,missing_in_erp,0,-50.0,0,
RM0061,CITRIC ACID,225.0,175.0,50.0,diff,0,-560.0,0,5223
RM099,FRAGNANCE LEMON BONUS,-50.0,0.0,-50.0,diff,0,-1000.0,0,5263
RM102,FLEXO INK L.GREEN (6087),107.0,57.0,50.0,diff,0,-722.0,0,5266
RM202,GRAVURE SOLVENT BASE GLUE NC#7121,-50.0,0.0,-50.0,missing_in_erp,0,-850.0,0,
RM203,GRAVURE MEK CHEMICAL,-50.0,0.0,-50.0,missing_in_erp,0,-100.0,0,
RM215,FRAGNANCE HARMONY LEMON,-50.0,0.0,-50.0,missing_in_erp,0,0,0,
RM244,GRAVURE INK BLACK (HP),150.0,100.0,50.0,diff,0,-100.0,0,5408
RM246,GRAVURE INK MAGENTA (PASTE),-50.0,0.0,-50.0,diff,0,-50.0,0,5410
RM258,GRAVURE CHEMICALS (GVA),-50.0,0.0,-50.0,diff,0,-50.0,0,5422
TB007,TAZGI BEAUTY PINK SOAP (90/72),-50.0,0.0,-50.0,diff,0,-375.0,0,5555
LDM022,LD MILKY SHEET 540MM 30 MICRON,199.8,249.7,-49.9,diff,0,-3558.1,0,1430
DW7022,SAGA DISHWASH 200/24,0.0,-49.0,49.0,diff,76.0,0,0,1350
LDM027,LD MILKY SHEET 680MM 30MICRON,811.8,860.4,-48.6,diff,0,-4856.3,0,1435
RM0024,FORMULINE,-48.369,0.0,-48.369,diff,0,135.551,183.92,5185
DT2031,TRAIN DETERGENT 10KG PLANT 12A.D,0.0,-48.0,48.0,diff,2824.0,-2755.0,0,874
LDM053,LD MILKY SHEET 840MM 30MICRON,-48.0,0.0,-48.0,diff,0,-5696.7,0,1461
STK021,STICKER SAFA ITTIHAD 800GRAM (NEW),-47.72,0.0,-47.72,missing_in_erp,0,0,0,
DT1042,LASHKARA DETERGENT 460/12,-47.0,0.0,-47.0,missing_in_erp,6308.0,-6308.0,0,
DTT023,TOWER DETERGENT 800/15 14AD,-318.0,-365.0,47.0,diff,933.0,0,0,1243
PBB245,BOX BOARD 26*41 230GRAM,-46.96,0.0,-46.96,diff,0,-3448.0,0,2174
CC0005,CC FRUITY LEMON 100/48,-46.0,0.0,-46.0,missing_in_erp,0,-395.0,0,
DW9009,HAPPY DISHWASH LIQUID BOTTLE 500ML,-33.0,-79.0,46.0,diff,523.0,-136.5,0,1360
PDF048,DECENT SUPER SHAYAN CEILING BODY AC/DC C4 P5 LY,46.0,0.0,46.0,missing_in_erp,9075.0,-6272.0,0,
PDS016,DANISH CEILLING BLADE AC/DC C4 P3,-967.0,-921.0,-46.0,diff,736.0,0,0,2444
PSR100,CARTON 5-PLY 645*610*360MM SADA,-46.0,0.0,-46.0,missing_in_erp,0,0,0,
LDM033,LD MILKY SHEET 800MM 50 MICRON,-45.0,0.0,-45.0,diff,0,-850.0,0,1441
PDS014,BLADE PETI WHITE SMALL SADA P3,-92.0,-47.0,-45.0,diff,346.0,214.0,0,2442
RM111,GRAVUER INK G.YELLOW (H-LAM),-45.0,0.0,-45.0,diff,0,-1074.0,0,5275
RM209,GRAVURE INK VARNISH (MP),-45.0,0.0,-45.0,diff,0,-175.0,0,5373
DW2014,RING DISHWASH 60/48,44.0,0.0,44.0,missing_in_erp,27560.0,-27216.0,0,
LDM158,LD NATURAL SHEET 890MM 30MICRON,166.0,210.0,-44.0,diff,0,-2022.0,0,1566
PBB043,BOX BOARD 29*34  230 GRAM,-44.0,0.0,-44.0,diff,0,-3906.0,0,1974
PIF017,IKEA T.C.P PEDISTAL BASE BOX C4 P3 LN,-22.0,22.0,-44.0,diff,0,-22.0,0,2801
PSR119,CARTON 5-PLY 660*620*300 WITH SSC LOGO,-44.0,0.0,-44.0,missing_in_erp,0,0,0,
PBB221,BOX BOARD 19*31 230GRAM,-43.54,0.0,-43.54,diff,0,-254.04,0,2150
DTT016,TOWER DETERGENT 4KG/6 12A.D,-144.0,-187.0,43.0,diff,562.0,0,0,1236
LDM195,LD MILKY SHEET 725MM 55MICRON,-43.0,0.0,-43.0,diff,0,-429.0,0,1603
RM238,GRAVURE INK VARNISH (ELB),-43.0,0.0,-43.0,diff,0,-34.5,0,5402
PCR014,CORRUGATION ROLL SIZE 35,41.0,0.0,41.0,diff,2922.0,-2864.0,0,2300
DT8018,ARGWAN DETERGENT 4KG/6 12.5AD,0.0,-40.0,40.0,diff,773.0,-242.0,0,1063
DTT008,TOWER DETERGENT 10KG 12AD,-105.0,-145.0,40.0,diff,1103.0,220.0,0,1228
LDM152,LD NATURAL SHEET 570MM 60MICRON,313.2,353.2,-40.0,diff,0,-634.0,0,1560
PCR031,CORRUGATION ROLL SIZE 16,-40.0,0.0,-40.0,diff,192.0,-192.0,0,2317
PPB006,POLYTHENE BAG 15*18,-40.0,0.0,-40.0,diff,0,-405.3,0,3266
RM0055,PVA BP-26,250.0,210.0,40.0,diff,0,-800.0,0,5217
RM119,YELLOW COLOR (DISHWASH),-40.0,0.0,-40.0,diff,0,-436.0,0,5283
RAP317,RAPER TRAIN DETERGENT 1KG BLUE,39.84,0.0,39.84,diff,916.84,-877.0,0,4914
HWL001,HANDWASH LIQUID 5KG BOTTLE,-56.0,-17.0,-39.0,diff,15.0,9.0,0,1404
PBB127,BOX BOARD 28*28 250 GRAMS,-37.78,0.0,-37.78,diff,0,-9584.998,0,2057
DTT018,TOWER DETERGENT 1000/12 14A.D,-582.0,-619.0,37.0,diff,843.0,0,0,1238
DTT019,TOWER DETERGENT 500/24 14A.D,-162.0,-199.0,37.0,diff,753.0,0,0,1239
PCR038,CORRUGATION ROLL SIZE 42,-37.0,0.0,-37.0,diff,616.0,-613.0,0,2324
RM294,GRAVURE LACAR,37.0,0.0,37.0,missing_in_erp,0,0,0,
BOP053,BOPP H/S 610MM 25 MICRON,1605.52,1642.38,-36.86,diff,0,-6439.86,0,62
BOP073,CPP NATURAL 640MM 25MICRON,695.0,659.0,36.0,diff,0,-748.8,0,82
DT2043,TRAIN DETERGENT 150/24 12AD,-231.0,-267.0,36.0,diff,10894.0,-9282.0,0,886
DT9010,JAGMAG DETERGENT 70/120,-36.0,0.0,-36.0,missing_in_erp,2708.0,-2989.65,0,
BOP035,PEARL570MM 38 MICRON,-35.58,0.0,-35.58,diff,0,-142.58,0,44
DT8022,RASHID DETERGENT 10KG 7AD,-10.0,-45.0,35.0,diff,215.0,-150.0,0,1067
DT5002,LASHKARA DETERGENT NO. 19 640/10,-17.0,17.0,-34.0,diff,3074.0,-3091.0,0,983
DW008,BAHAR DISHWASH 120/24 (GOLA QUALITY),34.0,0.0,34.0,missing_in_erp,7890.0,-5797.0,0,
PIF001,IKEA CEILING DELUX BODY BOX C4 P5 LY,-17.0,17.0,-34.0,diff,0,-17.0,0,2785
RAP298,RAPER NISHAT TEA 45 GRAM,-33.97,0.0,-33.97,diff,841.73,0,0,4895
RAP063,TIGON DISH WASH 180 GRAM,-16.8,17.0,-33.8,diff,17.0,-33.8,0,4662
RAP453,RAPER FALVO FOOD HERBS SPEICES ROLL FORM,-0.45,-34.25,33.8,diff,269.0,0,0,5046
DTH007,HAPPY DETERGENT 2KG/6,-4.0,-37.0,33.0,diff,41.0,80.0,0,1200
RM176,FRAGNANCE TWISTED ALMOND,33.0,0.0,33.0,missing_in_erp,0,-100.0,0,
BOP062,BOPP SIZE 480MM 30MICRON,-32.77,0.0,-32.77,diff,0,-172.77,0,71
DT1077,LASHKARA DETERGENT 30KG,0.0,-32.0,32.0,diff,40.0,0,0,815
DT2090,TRAIN DETERGENT 3KG 10AD (BAG),0.0,-32.0,32.0,diff,248.0,-37.0,0,929
LDM185,LD NATURAL SHEET 780MM 150MICRON,946.1,978.1,-32.0,diff,0,-440.0,0,1593
LDM193,LD MILKY SHEET 1000MM  160MICRON,487.0,519.0,-32.0,diff,0,-682.0,0,1601
PDF080,CEILING  BODY SADA P5,-32.0,0.0,-32.0,missing_in_erp,0,0,0,
PGC035,BURQI CUP&SAUCER  4DOZAN M.CTN KHAKI SADA P3,0.0,-32.0,32.0,extra_in_erp,0,0,0,5692
LDM192,LD MILKY SHEET 750MM 70MICRON,-31.0,0.0,-31.0,diff,0,-475.0,0,1600
PGT010,GOLDEN STAR BLADE C4 P3 LY,-1051.0,-1020.0,-31.0,diff,3817.0,5847.0,0,2733
DT99932,SAGA DETERGENT 320/24 (YELLOW),-120.0,-90.0,-30.0,diff,0,0,0,1166
DWM004,FINE LIFE D/W LIQUID 490/12 LEMON,-30.0,0.0,-30.0,diff,0,0,0,5699
LS025,TRAIN SANDALI 1 TIKKI PAKEEZA 190/36,-29.0,1.0,-30.0,diff,0,-205.0,0,1709
LS026,LASHKARA SANDALI 2 TIKKI PACK 175/40,-30.0,0.0,-30.0,diff,0,-165.0,0,1710
PAM005,NEW ASIA CEILING BODY C4 P5 LY,-30.0,0.0,-30.0,missing_in_erp,7899.0,50.0,0,
PDF073,DECENT CEILING BLADE ANTEEK BLUE  BOX C4 P3,-1976.0,-2006.0,30.0,diff,1496.0,506.0,0,2405
PDF081,CEILLING BLADE SADA P3,-30.0,0.0,-30.0,missing_in_erp,0,0,0,
PSR146,CARTON 5PLY  620*500*330 SERVIS LOGO,-2393.0,-2363.0,-30.0,diff,0,0,0,3861
PSR147,CARTON 5PLY  760*400*360 SERVIS LOGO,-30.0,0.0,-30.0,missing_in_erp,0,0,0,
DTH006,HAPPY DETERGENT 2KG,-19.33,-49.0,29.67,diff,52.0,0,0,1199
DT2030,TRAIN DETERGENT 150/24,-131.0,-160.0,29.0,diff,1276.0,-1021.0,0,873
PDS015,DANISH CEILLING BODY AC/DC C4 P5 LY,-929.0,-957.0,28.0,diff,1034.0,0,0,2443
PMA018,PURE MIX PICKLE 1KG 12PCS P5 C1,28.0,0.0,28.0,missing_in_erp,2420.0,0,0,
PMF005,MERCEDEZ CELING PRIME MODEL BOX C4 P5 LY,-14.0,14.0,-28.0,diff,2013.0,-2027.0,0,3095
RM257,GRVURE INK GOLD (GVA),45.0,73.0,-28.0,diff,0,-130.0,0,5421
PCR004,CORRUGATION ROLL SIZE 23,-27.0,0.0,-27.0,diff,3862.0,-3815.0,0,2290
PSR116,CARTON 5-PLY 960*410*355 SADA,-27.0,0.0,-27.0,missing_in_erp,0,0,0,
LDM112,LD NATURAL SHEET 740MM 140 MICRON,-26.5,0.0,-26.5,diff,0,-4363.2,0,1520
RM090,OFFSET INK YELLOW,-26.002,0.0,-26.002,missing_in_erp,0,-46.08,13.922,
CC0004,CC FRUITY PEACH 100/48,-26.0,0.0,-26.0,missing_in_erp,0,-350.0,0,
DT2074,TRAIN DETERGENT 180/48 10A.D,-23.0,-49.0,26.0,diff,1079.0,-98.0,0,913
DT99929,SAGA DETERGENT 500/24 YELLOW,13.0,-13.0,26.0,diff,126.0,-18.0,0,5689
PGB034,EXPORT CTN P5 13X32,-26.0,0.0,-26.0,missing_in_erp,0,0,0,
RM242,GRAVURE INK MAGENTA (HP),253.0,227.0,26.0,diff,0,120.0,0,5406
RAP062,TIGON DISH WASH 90 GRAM RS-10,-12.6,13.0,-25.6,diff,0,-12.6,0,4661
RM117,FLEXO INK PINK (HT 3467),125.4,100.0,25.4,diff,0,-262.0,0,5281
DT7041,MOMIN DETERGENT 5/6 10AD,0.0,-25.0,25.0,diff,25.0,0,0,1043
DT9009,JAGMAG DETERGENT 210/36,-1353.0,-1378.0,25.0,diff,85.0,-85.0,0,1101
DTT024,TOWER DETERGENT 250/25 14AD,-461.0,-486.0,25.0,diff,1074.0,0,0,1244
PDF060,DECENT BLADE PETI 10 IN 1 WHITE PLAIN P3,-50.0,-25.0,-25.0,diff,117.0,-117.0,0,2392
PGB033,EXPORT CTN P5 16X27,-25.0,0.0,-25.0,missing_in_erp,0,0,0,
PMD005,NEW HAMZA BLADE C4 P3,-671.0,-696.0,25.0,diff,1341.0,0,0,3090
PPB004,POLYTHIN BAG 24*36,25.0,0.0,25.0,missing_in_erp,0,-275.0,0,
PR0106,PAPER REEL SIZE 30 (KRAFT),-25.0,0.0,-25.0,diff,0,-5307.0,0,3435
RM085,FLEXO INK MAGENTA (HT-3004),-25.0,0.0,-25.0,diff,0,-125.0,0,5253
RM114,FLEXO INK WHITE,-25.0,0.0,-25.0,diff,0,-125.0,0,5278
RM115,FLEXO INK SKY BLUE (HT 5056),125.0,150.0,-25.0,diff,0,-748.0,0,5279
RM150,GRAVURE INK YELLOW (HR),-25.0,0.0,-25.0,missing_in_erp,0,-346.0,0,
RM152,GRAVURE INK CYAN (HR),-25.0,0.0,-25.0,missing_in_erp,0,-412.0,0,
RM223,FRAGNANCE ARIEL,-25.0,0.0,-25.0,missing_in_erp,0,-25.0,0,
RM224,FRAGNANCE BRITE,-25.0,0.0,-25.0,missing_in_erp,0,-25.0,0,
RM243,GRAVURE INK CYAN (HP),225.0,200.0,25.0,diff,0,125.0,0,5407
RM249,FRAGNANCE TIBET,-25.0,0.0,-25.0,missing_in_erp,0,0,0,
RM259,GRAVURE INK BLACK (NCP PASTE),-25.0,0.0,-25.0,diff,0,-25.0,0,5423
RM260,GRAVURE INK CYAN (NCP PASTE),-25.0,0.0,-25.0,diff,0,-25.0,0,5424
RM261,GRAVURE INK RED (NCP PASTE),-25.0,0.0,-25.0,diff,0,-25.0,0,5425
RM271,RED COLOR (FOR SPECKLES),205.0,180.0,25.0,diff,0,-305.0,0,5435
LDM093,LD MILKY SHEET 700MM 25MICRON,-24.6,0.0,-24.6,diff,0,-825.47,0,1501
DT7042,ROYAL TURKEY DETERGENT 4KG/6,0.0,-24.0,24.0,diff,24.0,0,0,1044
LDM049,LD NATURAL SHEET 840MM 30MIC,23.2,0.0,23.2,diff,0,-1938.8,0,1457
LDM171,LD MILKY SHEET 965MM 50 MICRON,-23.0,0.0,-23.0,diff,0,-422.0,0,1579
PAF016,AMIN BLADE PETI 10 IN 1 KHAKI P5,-1381.0,-1358.0,-23.0,diff,0,1000.0,0,1867
DT1009,LASHKARA DETERGENT 120/48,-11.0,11.0,-22.0,diff,419.0,-430.0,0,747
DT99926,SAGA DETERGENT 180/48 (YELLOW),2.0,-20.0,22.0,diff,505.0,0,0,5688
PCR023,CORRUGATION ROLL SIZE 18,-21.0,0.0,-21.0,diff,652.0,-623.0,0,2309
BTC012,RAHIL TOILET CLEANER 500/12,0.0,-20.0,20.0,diff,359.0,-53.0,0,145
DT1041,LASHKARA DETERGENT 230/24,-20.0,0.0,-20.0,missing_in_erp,6732.0,-6732.0,0,
DT1067,LASHKARA DETERGENT 1000/24,0.0,-20.0,20.0,diff,220.0,0,0,805
DT1103,BAHAR DETERGENT 500/15,0.0,-20.0,20.0,diff,5363.0,-5049.0,0,821
DT1107,BAHAR DETERGENT 30/180,0.0,-20.0,20.0,diff,5230.0,-4602.0,0,825
DT2033,TRAIN DETERGENT 800/12 12AD,-93.0,-113.0,20.0,diff,1707.0,-913.0,0,876
DT2073,TRAIN DETERGENT 35KG 7A.D,0.0,-20.0,20.0,diff,170.0,-40.0,0,912
DT6008,TRAIN DETERGENT NO.19 500/24,0.0,-20.0,20.0,diff,99.0,0,0,1001
DT7027,KAMIL DETERGENT 5/6KG 10 AD,0.0,-20.0,20.0,diff,324.0,-155.0,0,1029
DT7037,SAFA DETERGENT 1KG/20 12A.D,0.0,-20.0,20.0,diff,156.0,0,0,1039
DT99928,SAGA DETERGENT 1000/12 (YELLOW),0.0,-20.0,20.0,diff,462.0,0,0,1161
DW9018,HAPPY LIQUID LOOSE,-20.0,0.0,-20.0,missing_in_erp,21.0,-21.0,0,
LDM166,LD MILKY SHEET 710MM 80MICRON,-20.0,0.0,-20.0,diff,0,-478.0,0,1574
PDF055,DECENT MCTN BLADE LAHORE MODEL (WHITE PLAIN) P3,-20.0,0.0,-20.0,missing_in_erp,420.0,-50.0,0,
PKS341,SAMARA DETERGENT CTN 1KG,-50.0,-70.0,20.0,diff,0,0,0,3019
PPB005,POLYTHENE BAG 19*35,-20.0,0.0,-20.0,diff,0,-347.3,0,3265
PSR052,CARTON 5-PLY 570*510*300,-20.0,0.0,-20.0,missing_in_erp,94.0,-94.0,0,
RM222,FRAGNANCE EXL,-20.0,0.0,-20.0,missing_in_erp,0,-620.0,0,
DT7034,Rahil Detergent 3kg/6 12AD,0.0,-19.0,19.0,diff,88.0,-10.0,0,1036
RM241,GRAVURE INK YELLOW (HP),581.0,600.0,-19.0,diff,0,-281.0,0,5405
DT1065,LASHKARA DETERGENT 3KG 10A.D,-1300.0,-1318.0,18.0,diff,5058.0,-1763.0,0,803
LDM184,LD NATURAL SHEET 765MM 80MICRON,-18.0,0.0,-18.0,diff,0,-578.0,0,1592
PBB215,BOX BOARD 19*34 210 GRAM,18.0,0.0,18.0,diff,0,-44.0,0,2144
PIS007,ZAIFA SALT CTN 5 PLY 4 CL KHAKI,18.0,0.0,18.0,missing_in_erp,3620.0,0,0,
PKS338,PETAL DETERGENT  CTN RS.50,-25.0,-43.0,18.0,diff,0,0,0,3016
PSM033,VANIZA BEAUTY SOAP 48PCS KHAKI C1 P3 LN,-18.0,0.0,-18.0,missing_in_erp,69354.0,-57001.0,0,
PSR113,CARTON 7-PLY 670*455*355 SADA,-18.0,0.0,-18.0,missing_in_erp,0,0,0,
BOP045,BOPP PEARL 734MM 38MICRON,205.08,221.94,-16.86,diff,0,-204.14,0,54
DT7038,NARGES DETERGENT 5KG/6 12AD,0.0,-16.0,16.0,diff,94.0,0,0,1040
DW7012,SAGA DISHWASH LIQUID ORANGE (475/12),5.0,-11.0,16.0,diff,1162.0,-933.0,0,1340
DW9002,HAPPY DISHWASH LIQUID 500ML/12 (ORANGE),-330.0,-314.0,-16.0,diff,7248.0,-5367.0,0,1355
PCR013,CORRUGATION ROLL SIZE 34,16.0,0.0,16.0,diff,6696.5,-6581.5,0,2299
RAP057,BOXER DISHWASH BAR MILKY (200MM),-7.6,8.0,-15.6,diff,729.0,-556.06,0,4656
LDM170,LD NATURAL SHEET 855MM 110 MICRON,-15.5,0.0,-15.5,diff,0,-399.5,0,1578
CC0013,CC BEAUTY PINK  SOAP 30/144,15.0,0.0,15.0,missing_in_erp,0,0,0,
DT9029,JAGMAG DETERGENT 225/24 18AD,-15.0,0.0,-15.0,missing_in_erp,215.0,-215.0,0,
DT9031,JAGMAG DETERGENT 30/120 18A.D,-15.0,0.0,-15.0,missing_in_erp,663.0,-663.0,0,
RM0056,METHYL SALICYLATE,-15.0,0.0,-15.0,missing_in_erp,0,-103.0,0,
BOP037,BOPP PEARL 610MM 30MICRON,-14.5,0.0,-14.5,diff,0,-229.5,0,46
CLY326,DELUXE TURKEY BEAUTY SOAP ORANGE,-14.3,0.0,-14.3,diff,0,0,0,488
PGB036,EXPORT CTN P5 23*34,-14.0,0.0,-14.0,missing_in_erp,0,0,0,
PGB037,EXPORT CTN P5 19X35,-14.0,0.0,-14.0,missing_in_erp,0,0,0,
PSR034,CARTON 5-PLY 645*400*340MM ARMY JOGGER,-14.0,0.0,-14.0,missing_in_erp,26890.0,-24532.0,0,
CC0015,CC BROWN CHAKOR DIE 2 TIKI 245/40,-13.0,0.0,-13.0,diff,0,0,0,162
PSR112,CARTON 7-PLY 620*480*320 SADA,-13.0,0.0,-13.0,missing_in_erp,0,0,0,
RM0049,FRAGRANCE WHITE (337),-13.0,0.0,-13.0,missing_in_erp,0,-4311.0,0,
RM233,GRAVURE INK YELLOW (ELB),-13.0,0.0,-13.0,diff,0,-68.2,0,5397
STK017,STICKER SAFA ITTIHAD 800GRAM,12.878,0.0,12.878,diff,254.438,0,0,5544
LDM173,LD MILKY SHEET 740MM 40MICRON,-12.5,0.0,-12.5,diff,0,-387.5,0,1581
DTT006,TOWER DETERGENT 5KG/5 12AD,-42.0,-54.0,12.0,diff,601.0,127.0,0,1226
DW9003,HAPPY DISHWASH LIQUID 500ML/12 (GREEN),0.0,-12.0,12.0,diff,19.0,-6.0,0,1356
RM278,SODA LIGHT POWDER,-12.0,0.0,-12.0,diff,0,-12.0,0,5442
TF006,TAZGI FRUITY PEACH (60/72),-12.0,0.0,-12.0,missing_in_erp,0,-50.0,0,
RM225,FRAGNANCE LAMON GRASS,-11.8,0.0,-11.8,missing_in_erp,0,-11.8,0,
DTF002,FINE LIFE DETERGENT 500/24,-11.0,0.0,-11.0,diff,0,0,0,1183
HSALT02,HAPPY SALT 1KG,-2.0,-13.0,11.0,diff,35.0,0,0,1402
PGB035,EXPORT CTN P5 22*34,-11.0,0.0,-11.0,missing_in_erp,0,0,0,
PSM050,VEZEL BEAUTY SOAP 48PCS C2 P5 KHAKI,11.0,0.0,11.0,missing_in_erp,3020.0,0,0,
RAP506,RAPER TARA NASWAR LARGE,-0.1,-11.1,11.0,diff,11.0,0,0,5098
PET029,M.PET SIZE 855MM 12 MICRON,971.684,961.328,10.356,diff,0,-1122.07,0,2483
CLY375,JAGMAG DETEREGENT 10KG,-10.0,0.0,-10.0,diff,0,0,0,537
CLY397,PARAS DETERGENT,10.0,0.0,10.0,missing_in_erp,0,0,0,
CLY408,SERVIS GENUINE PARTS SPROCKET DRIVEN BLUE LINE,9.0,-1.0,10.0,diff,0,0,0,570
CT-002,"CLEAR TAP 2""",-10.0,0.0,-10.0,missing_in_erp,0,0,0,
DT1105,BAHAR DETERGENT 20 KG,0.0,-10.0,10.0,diff,572.0,-271.0,0,823
DTT020,TOWER DETERGENT 3KG/7 14A.D,0.0,-10.0,10.0,diff,68.0,0,0,1240
DW7011,SAGA DISHWASH LIQUID LEMON 475/12,0.0,-10.0,10.0,diff,1195.0,-664.0,0,1339
MO1006,MUSTARD OIL 850ML BOTTLE,-3.0,-13.0,10.0,diff,160.0,-126.0,0,1731
MO1012,MUSTARD OIL BULK,0.0,-10.0,10.0,diff,86.5,16.6,0,1737
PAC062,A.H CUP & SAUCER 6 PIECE DIBBI Brown C4 P3,10.0,0.0,10.0,missing_in_erp,29666.0,-11761.0,0,
PBB156,BOX BOARD REEL SIZE 25,4879.0,4869.0,10.0,diff,0,-7627.0,0,2086
PKS018,RING GOLA DISHWASH 180/36 CTN C4 P3 LN,-10.0,0.0,-10.0,missing_in_erp,16872.0,-16872.0,0,
RM236,GRAVURE INK VIOLET (ELB),-10.0,0.0,-10.0,diff,0,-13.0,0,5400
TB012,TAZGI BEAUTY GOLD WHITE 130/48,10.0,0.0,10.0,diff,0,0,0,5559
TB013,TAZGI BEAUTY GOLD PINK 130/48,10.0,0.0,10.0,diff,0,0,0,5560
LDM174,LD MILKY SHEET 910MM 70MICRON,-9.2,0.0,-9.2,diff,0,-3055.5,0,1582
PBB155,BOX BOARD 17*38  210 GRAM,-9.16,0.0,-9.16,diff,0,-928.16,0,2085
CLY293,SAFA DETEERGENT 20KG,-9.0,0.0,-9.0,diff,0,0,0,455
PCR015,CORRUGATION ROLL SIZE 36,-9.0,0.0,-9.0,diff,2431.0,-2333.0,0,2301
PGB038,SMALL PAYALI DIBBI KHAKI SADA P3,9.0,0.0,9.0,missing_in_erp,13083.0,0,0,
PCR002,CORRUGATION ROLL SIZE 20,8.0,0.0,8.0,diff,1657.0,-1549.0,0,2288
PCR019,CORRUGATION ROLL SIZE 22,-8.0,0.0,-8.0,diff,4502.0,-4489.0,0,2305
RM167,GRAVURE INK MIXING ROLLER,-8.0,0.0,-8.0,missing_in_erp,0,-8.0,0,
RM205,BLUE COLOR (DIE PLANT),83.0,75.0,8.0,diff,0,-92.0,0,5369
CLY127,KACHUP SASHY,7.0,0.0,7.0,missing_in_erp,0,0,0,
CLY354,HAPPY DISHWASH LIQUID 3 COLOR,7.0,0.0,7.0,missing_in_erp,0,0,0,
PAZ002,ARGHAWAN LAUNDRY SOAP 36 TKKI C4 P3 LY,-1276.0,-1283.0,7.0,diff,4120.0,0,0,1929
PPD015,SAUCER PACKING,-7.0,0.0,-7.0,missing_in_erp,9742.0,-5619.0,0,
RM235,GRAVURE INK CYAN (ELB),-7.0,0.0,-7.0,diff,0,-72.5,0,5399
PET004,PET SIZE 620MM 12 MICRON,-6.852,0.0,-6.852,diff,0,-9513.47,0,2458
CLY273,HAPPY DETERGENT BAR,-6.0,0.0,-6.0,diff,0,0,0,435
CLY277,MOMIN DETERGENT 10KG,-6.0,0.0,-6.0,diff,0,0,0,439
CLY278,MOMIN DETERGENT 20KG,-6.0,0.0,-6.0,diff,0,0,0,440
CLY384,BULBUL LAUNDRY D/T RS.50,-6.0,0.0,-6.0,diff,0,0,0,546
CLY385,BULBUL LAUNDRY D/T RS.100,-6.0,0.0,-6.0,diff,0,0,0,547
CLY396,ROZAN SEEDS F1 5KG,6.0,0.0,6.0,missing_in_erp,0,0,0,
CLY407,PAK EGGS SIMPLY EGGRANDIZAD 12 GRADE,6.0,0.0,6.0,missing_in_erp,0,0,0,
CLY423,FLAVO SALT 800GM,6.0,0.0,6.0,missing_in_erp,0,0,0,
CLY424,S-3 GENUNINE PARTS SMALL,6.0,0.0,6.0,missing_in_erp,0,0,0,
CLY426,SHAHRAAN DISHWASH SMALL,6.0,0.0,6.0,missing_in_erp,0,0,0,
CLY427,SHAHRAAN DISHWASH MEDIUM,6.0,0.0,6.0,missing_in_erp,0,0,0,
CLY431,HAPPY DETERGENT BAR 24PCS (CTN LAMINATION),6.0,0.0,6.0,missing_in_erp,0,0,0,
CLY432,HAPPY DETERGENT BAR RS.50 (NEW GREEN),6.0,0.0,6.0,missing_in_erp,0,0,0,
CLY439,CHEETA BICYCLE TUBE 28*1.5,6.0,0.0,6.0,missing_in_erp,0,0,0,
CLY445,EMPIRE SEEDS SMALL,6.0,0.0,6.0,missing_in_erp,0,0,0,
CLY446,EMPIRE SEEDS MEDIUM,6.0,0.0,6.0,missing_in_erp,0,0,0,
CLY447,MOTORCYCLE CHAIN & SPROCKET KIT,6.0,0.0,6.0,missing_in_erp,0,0,0,
CLY451,PREMIUM MIX NIMKO,6.0,0.0,6.0,missing_in_erp,0,0,0,
CLY452,KICK NASWAR,6.0,0.0,6.0,missing_in_erp,0,0,0,
CLY466,BLUE SHINE DETERGENT RS.10,6.0,0.0,6.0,missing_in_erp,0,0,0,
CLY468,S-3 GENUINE PART LARGE NEW,6.0,0.0,6.0,missing_in_erp,0,0,0,
CLY469,WAVY DETERGENT POWDER,6.0,0.0,6.0,missing_in_erp,0,0,0,
CLY479,ACNE CARE SHAMPO,6.0,0.0,6.0,missing_in_erp,0,0,0,
CLY484,M WAQAS SALAN MASALA,12.0,6.0,6.0,diff,0,0,0,646
MO1015,REFINED OIL,-6.0,0.0,-6.0,missing_in_erp,0,0,0,
PAM016,SUPER PAK CEILING BODY C4 P5 LN,6.0,0.0,6.0,missing_in_erp,1405.0,133.0,0,
PCR003,CORRUGATION ROLL SIZE 21,-6.0,0.0,-6.0,diff,1578.0,-1578.0,0,2289
PCR016,CORRUGATION ROLL SIZE 37,6.0,0.0,6.0,diff,806.5,-751.5,0,2302
PCR037,CORRUGATION ROLL SIZE 41,-6.0,0.0,-6.0,diff,114.0,-114.0,0,2323
PGB041,GREEN MUG SHAPE CUP SAUCER DIBBI C4 P3,-4073.0,-4079.0,6.0,diff,6331.0,0,0,2596
RM234,GRAVURE INK MAGENTA (ELB),-6.0,0.0,-6.0,diff,0,-36.4,0,5398
RAP111,RAPER LASHKARA 400 GRM,-5.15,0.0,-5.15,diff,4144.85,-4121.49,0,4710
CLY046,FLAVO FOOD HERBS SPICES - EXTRA SMALL,5.0,0.0,5.0,missing_in_erp,0,0,0,
CLY066,NOOR WASHING POWDER RS 10,5.0,0.0,5.0,missing_in_erp,0,0,0,
CLY067,NOOR WASHING POWDER RS 50,5.0,0.0,5.0,missing_in_erp,0,0,0,
CLY294,SAFA DETEERGENT 10KG,-5.0,0.0,-5.0,diff,0,0,0,456
CLY314,TOWER DETERGENT 500GRAM,5.0,0.0,5.0,diff,0,0,0,476
CLY315,TOWER DETERGENT 1KG,5.0,0.0,5.0,diff,0,0,0,477
CLY355,CHILLI GARLIC SPICY SAUCE 4KG,5.0,0.0,5.0,missing_in_erp,0,0,0,
CLY369,MIX CHOCOLATE 4 VARITIES,-5.0,0.0,-5.0,diff,0,0,0,531
CLY381,AL MAZHAR DW BAR LEMON POWER,-5.0,0.0,-5.0,diff,0,0,0,543
CLY382,AL MAZHAR DW BAR LONG BAR,-5.0,0.0,-5.0,diff,0,0,0,544
CLY386,BULBUL LAUNDRY D/T 3KG,-5.0,0.0,-5.0,diff,0,0,0,548
CLY390,SUBHANI SEEDS,5.0,0.0,5.0,missing_in_erp,0,0,0,
CLY393,TABASUM CONE MEHNDI,-5.0,0.0,-5.0,diff,0,0,0,555
CLY398,RAVI SUPER CROP SUPPLEMENT 3KG,5.0,0.0,5.0,missing_in_erp,0,0,0,
CLY400,SERVIS GENUINE PARTS CHAIN BLUE,5.0,0.0,5.0,diff,0,0,0,562
CLY402,HUMBER DETERGENT FOR AUTOMATIC MACHINE 3KG,5.0,0.0,5.0,missing_in_erp,0,0,0,
CLY403,HUMBER DETERGENT REMOVE TOUGH STAINS 3KG,5.0,0.0,5.0,missing_in_erp,0,0,0,
CLY404,HUMBER DETERGENT REMOVE TOUGH STAIN 5KG,5.0,0.0,5.0,missing_in_erp,0,0,0,
CLY405,HUMBER DETERGENT REMOVE TOUGH STAIN 1KG,5.0,0.0,5.0,missing_in_erp,0,0,0,
CLY406,HUMBER CLEAN DISHWASH LIQUID,5.0,0.0,5.0,missing_in_erp,0,0,0,
CLY409,CLEAN SPRING DETERGENT 1 KG,5.0,0.0,5.0,missing_in_erp,0,0,0,
CLY410,CLEAN SPRING DETERGENT 500gm,5.0,0.0,5.0,missing_in_erp,0,0,0,
CLY413,PARAS SOAP SPECIAL QUALITY,5.0,0.0,5.0,missing_in_erp,0,0,0,
CLY414,FLAVO FOOD HERBS SPEICES - LARGE,5.0,0.0,5.0,missing_in_erp,0,0,0,
CLY415,FLAVO FOOD HERBS SPEICES - MEDIUM,5.0,0.0,5.0,missing_in_erp,0,0,0,
CLY416,FLAVO FOOD HERBS SPEICES - SMALL,5.0,0.0,5.0,missing_in_erp,0,0,0,
CLY425,CLEAN SPRING DETERGENT POWDER 2KG,5.0,0.0,5.0,missing_in_erp,0,0,0,
CLY429,SAFA ITTIHAD BLEACHING LIQUID,5.0,0.0,5.0,missing_in_erp,0,0,0,
CLY434,HUMBER SURFACE CLEANER  LIQUID,5.0,0.0,5.0,missing_in_erp,0,0,0,
CLY435,GLOW PLASTIC STICKER,0.0,-5.0,5.0,diff,0,0,0,597
CLY437,MUSA BOWL ARSLAN PLASTIC,0.0,-5.0,5.0,diff,0,0,0,599
CLY438,LOVE TOFFEE 6G+-1G,5.0,0.0,5.0,missing_in_erp,0,0,0,
CLY440,SHAHRAN DETERGENT 1KG,5.0,0.0,5.0,missing_in_erp,0,0,0,
CLY441,SHAHRAN DETERGENT 500GRAM,5.0,0.0,5.0,missing_in_erp,0,0,0,
CLY448,CC LAUNDRY SOAP,5.0,0.0,5.0,missing_in_erp,0,0,0,
CLY449,RING SOAP SPECIAL QUALITY 4PACK,5.0,0.0,5.0,missing_in_erp,0,0,0,
CLY450,PK SUPREME PLASTIC,0.0,-5.0,5.0,diff,0,0,0,612
CLY453,HAZMOO CANDY,5.0,0.0,5.0,missing_in_erp,0,0,0,
CLY455,LUCKY SNACKS,5.0,0.0,5.0,missing_in_erp,0,0,0,
CLY456,TARA FILTER NISWAR,0.0,-5.0,5.0,diff,0,0,0,618
CLY457,KAPTAN DISHWASH RS.20,5.0,0.0,5.0,missing_in_erp,0,0,0,
CLY458,KAPTAN DISHWASH RS.50,5.0,0.0,5.0,missing_in_erp,0,0,0,
CLY464,BLUE SHINE DETERGENT 1KG,5.0,0.0,5.0,missing_in_erp,0,0,0,
CLY465,BLUE SHINE DETERGENT 500GRAM,5.0,0.0,5.0,missing_in_erp,0,0,0,
CLY471,TURKY GOLD DETERGENT RS.50,5.0,0.0,5.0,missing_in_erp,0,0,0,
CLY472,TURKY GOLD DETERGENT 1KG,5.0,0.0,5.0,missing_in_erp,0,0,0,
CLY473,SERVIC SIL TYRE,5.0,0.0,5.0,missing_in_erp,0,0,0,
CLY480,GYN STOL SULPLIMENT,0.0,-5.0,5.0,diff,0,0,0,642
CLY485,GHOUSIA FAN,5.0,0.0,5.0,missing_in_erp,0,0,0,
DW9015,LAIR DISHWASH LIQUID 900/12 LEMON,-5.0,0.0,-5.0,missing_in_erp,437.0,-455.0,0,
LDM116,LD NATURAL SHEET 875MM 30 MICRON,-5.0,0.0,-5.0,diff,0,-2089.2,0,1524
PCR008,CORRUGATION ROLL SIZE 27,5.0,0.0,5.0,diff,12893.0,-12719.0,0,2294
PDF047,"CARRO PEDISTAL BASE  24"" P3 C4 LN",-528.0,-533.0,5.0,diff,3885.0,-2285.0,0,2379
RM107,THIN BLADE,-5.0,0.0,-5.0,missing_in_erp,0,-5.0,0,
RM250,FRAGNANCE CAPRI,5.0,0.0,5.0,diff,0,0,0,5414
TB010,TAZGI BEAUTY GOLD GREEN 130/48,5.0,0.0,5.0,diff,0,0,0,5558
TB014,TAZGI BEAUTY GOLD PURPLE 130/48,5.0,0.0,5.0,diff,0,0,0,5561
TF005,TAZGI FRUITY ORANGE (45/72),-4.0,1.0,-5.0,diff,0,-100.0,0,5579
HWL003,HANDWASH LIQUID BULK,-4.52,0.0,-4.52,missing_in_erp,0,0,0,
BOP047,BOPP SIZE 540MM 20MICRON,-4.1,0.0,-4.1,diff,0,-109.1,0,56
CC0012,CC BEAUTY MILKY SOAP 30/144,4.0,0.0,4.0,missing_in_erp,0,-1.0,0,
CLY008,LASHKARA W/P 5KG,-4.0,0.0,-4.0,diff,0,0,0,170
CLY289,ANMOL SOAP JOB 2,4.0,0.0,4.0,missing_in_erp,0,0,0,
CLY295,ARGHAWAN DETERGENT 20KG,-4.0,0.0,-4.0,diff,0,0,0,457
CLY296,RASHID DETERGENT 20KG,-4.0,0.0,-4.0,diff,0,0,0,458
CLY317,AZLAN DETERGENT 20KG,4.0,0.0,4.0,missing_in_erp,0,0,0,
CLY332,PARAS SURF WASHING POWDER 500GM,4.0,0.0,4.0,missing_in_erp,0,0,0,
CLY333,PARAS SURF WASHING POWDER RS 50,4.0,0.0,4.0,missing_in_erp,0,0,0,
CLY353,ALIZA DETERGENT 500GRAM,4.0,0.0,4.0,missing_in_erp,0,0,0,
CLY365,WOW CHOCCLATE RS#5,-4.0,0.0,-4.0,diff,0,0,0,527
CLY380,YOGURT FULL CREAM 1KG,-4.0,0.0,-4.0,diff,0,0,0,542
CLY419,AGRO SEED 1KG,4.0,0.0,4.0,missing_in_erp,0,0,0,
CLY420,K-DAILY COOK WITH LOVE - SMALL,4.0,0.0,4.0,missing_in_erp,0,0,0,
CLY421,K-DAILY COOK WITH LOVE - MEDIUM,4.0,0.0,4.0,missing_in_erp,0,0,0,
CLY422,K-DAILY COOK WITH LOVE - LARGE,4.0,0.0,4.0,missing_in_erp,0,0,0,
CLY430,SAFA ITTIHAD BLEACHING LIQUID 1000ML,4.0,0.0,4.0,missing_in_erp,0,0,0,
CLY433,HUMBER WHITE BLEACHING LIQUID,4.0,0.0,4.0,missing_in_erp,0,0,0,
CLY442,SHAHRAN DETERGENT RS.10,4.0,0.0,4.0,missing_in_erp,0,0,0,
CLY454,KAPTAN DETERGENT 1KG,4.0,0.0,4.0,missing_in_erp,0,0,0,
CLY467,PETAL CLASSIC+SAMARA GOLD RS.50,4.0,0.0,4.0,missing_in_erp,0,0,0,
CLY476,SERVIC GRAPHS 932,4.0,0.0,4.0,missing_in_erp,0,0,0,
CLY481,INSAAF SEEDS SMALL,4.0,0.0,4.0,missing_in_erp,0,0,0,
CLY482,INSAAF SEEDS MEDIUM,4.0,0.0,4.0,missing_in_erp,0,0,0,
CLY483,SERVIC GRAPHS 918,4.0,0.0,4.0,missing_in_erp,0,0,0,
DT8042,SAFA DETERGENT 4KG/5 12AD,-22.0,-26.0,4.0,diff,436.0,0,0,1087
DTA001,SOLIVA DETERGENT 5KG,0.0,-4.0,4.0,diff,4.0,0,0,1178
PDF046,"CARRO PEDISTAL ROD  24"" P3 C4 LN",-596.0,-600.0,4.0,diff,3938.0,-2356.0,0,2378
PGT013,ROD PETTI 10PCS LARGE C1 P5,4.0,0.0,4.0,missing_in_erp,1026.0,978.0,0,
RM312,DT PACKING MACHINE FOLDER (HISUN),1.0,-3.0,4.0,diff,0,0,0,5476
CLY417,SERVIS GENUINE PARTS REDLINE SPROCKET DRIVE,3.0,0.0,3.0,missing_in_erp,0,0,0,
CLY418,SERVIS GENUINE PARTS SPROCKET DRIVEN RED LINE,3.0,0.0,3.0,missing_in_erp,0,0,0,
CLY428,DURRE MOTO PARTS 3-00-18,3.0,0.0,3.0,missing_in_erp,0,0,0,
CLY436,DAMBER RUBBER 70CC,3.0,0.0,3.0,missing_in_erp,0,0,0,
DT9038,JAGMAG DETERGENT 1KG 18A.D (PCS),0.0,-3.0,3.0,diff,29.0,-15.0,0,1130
LMR001,LEMINATION REEL,3.0,0.0,3.0,missing_in_erp,0,0,0,
MAC008,CTA FITLERS,3.0,0.0,3.0,diff,0,0,0,1721
PAC058,A.H MUG DIBBI 4 COLOR 6 PCS C4 P3,-3.0,0.0,-3.0,missing_in_erp,12441.0,-7617.0,0,
PSR114,CARTON 7-PLY 710*540*320 SADA,-3.0,0.0,-3.0,missing_in_erp,0,0,0,
DTH001,HAPPY DETERGENT 1KG,-4.17,-7.0,2.83,diff,218.0,0,0,1194
BOP046,BOPP SIZE 480MM 20MICRON,-2.53,0.0,-2.53,diff,0,-93.53,0,55
CLY304,AL FIRDOUS VERMICELLI PREMIUM QUALITY (LARGE),-2.0,0.0,-2.0,diff,0,0,0,466
CLY320,DELUXE TURKEY BEAUTY SOAP JASMINE,2.0,0.0,2.0,diff,0,0,0,482
CLY399,SERVIS GENUINE PARTS CHAIN RED,2.0,0.0,2.0,diff,0,0,0,561
CLY470,PARADIZE FINE BONE CHINA BOX,2.0,0.0,2.0,missing_in_erp,0,0,0,
CLY474,SERVIC GRAPHS 949,2.0,0.0,2.0,missing_in_erp,0,0,0,
CLY475,SERVIC GRAPHS 925,2.0,0.0,2.0,missing_in_erp,0,0,0,
DT6002,TRAIN DETERGENT NO.19 50/48,0.0,2.0,-2.0,diff,6751.0,-7033.0,0,995
DT9017,JAGMAG DETERGENT 25KG 10AD,-2.0,0.0,-2.0,missing_in_erp,202.0,-202.0,0,
DT9020,JAGMAG DETERGENT 1000/6,-2.0,0.0,-2.0,missing_in_erp,967.0,-996.0,0,
PLR002,"LEMINATION REEL 10""",-2.0,0.0,-2.0,diff,0,-40.0,0,3045
PLR003,"LEMINATION REEL 19""",-2.0,0.0,-2.0,diff,0,-40.0,0,3046
RM214,LAMINATION MACHINE CLY,-2.0,0.0,-2.0,diff,0,0,0,5378
RM272,GREEN COLOR (FOR SPECKLES),242.0,240.0,2.0,diff,0,-298.0,0,5436
RM304,"500GM,1KG DETERGENT PACKAGING MACHINE",2.0,0.0,2.0,missing_in_erp,0,0,0,
SL001,SUPER LIFE RED 117/48,-2.0,0.0,-2.0,diff,0,-50.0,0,5524
SL002,SUPER LIFE YELLOW 125/48,-2.0,0.0,-2.0,missing_in_erp,0,-105.0,0,
TB018,TAZGI DUCK BEAUTY WHITE SOAP 112/48,55.0,53.0,2.0,diff,0,0,0,5565
BOP043,BOPP 570MM 20MICRON,1.92,0.0,1.92,diff,0,-205.08,0,52
CLY017,TRAIN D/W RS.20,1.0,2.0,-1.0,diff,0,0,0,179
CLY018,TRAIN D/W RS. 10,-1.0,0.0,-1.0,diff,0,0,0,180
CLY024,PAKEEZA SALT 800GRAMS,-1.0,0.0,-1.0,diff,0,0,0,186
CLY064,INSAAF SALT,-1.0,0.0,-1.0,diff,0,0,0,226
CLY093,MMC SALT,-1.0,0.0,-1.0,missing_in_erp,0,0,0,
CLY094,AL FIRDOUS SALT,-1.0,0.0,-1.0,diff,0,0,0,256
CLY179,HIMALAYA SALT,0.0,1.0,-1.0,diff,0,0,0,341
CLY239,TOWER DETEREGENT 3KG,-1.0,0.0,-1.0,diff,0,0,0,401
CLY262,HAPPY DETERGENT 1KG,1.0,0.0,1.0,diff,0,0,0,424
CLY282,CHEETA SERVIS COVER EP#47663,-1.0,0.0,-1.0,diff,0,0,0,444
CLY297,AL FIRDOUS VERMICELLI PREMIUM QUALITY 300GRAM,-1.0,0.0,-1.0,diff,0,0,0,459
CLY340,HAPPY DETERGENT POWDER 500GRAM,1.0,0.0,1.0,diff,0,0,0,502
CLY344,HAPPY REFINED IODIZED SALT 1KG,1.0,0.0,1.0,diff,0,0,0,506
DTF001,FINE LIFE DETERGENT 1000/12,-1.0,0.0,-1.0,diff,0,0,0,1182
DW9025,BAHAR DISHWASH LIQUID 900ML,0.0,-1.0,1.0,diff,3.0,0,0,1376
HWL002,HANDWASH LIQUID 4KG BOTTLE,-1.0,0.0,-1.0,missing_in_erp,1.0,0,0,
LDM106,LD MILKY SHEET 640MM 40 MICRON,-1.0,0.0,-1.0,diff,0,-376.0,0,1514
LDM177,LD NATURAL SHEET 765MM 150MICRON,1563.1,1564.1,-1.0,diff,0,-503.0,0,1585
LDM179,LD MILKY SHEET 760MM 130MICRON,-1.0,0.0,-1.0,diff,0,-398.0,0,1587
LDM199,LD NATURAL SHEET 510MM 70MICRON,735.35,736.35,-1.0,diff,0,-507.0,0,1607
MAC005,SCR AIR COMPRESSOR SCR30APM-7/8/10,1.0,0.0,1.0,diff,0,0,0,1718
MAC006,LOW PRESSURE DRYER FG-40AC,1.0,0.0,1.0,diff,0,0,0,1719
MAC007,AIR COOL CHILLER HC-08ACI,1.0,0.0,1.0,diff,0,0,0,1720
MACH01,SACHAY PACKING MACHINE,1.0,0.0,1.0,missing_in_erp,0,0,0,
PBD002,PLASTIC DRUM BLUE DEMAGE,-1.0,0.0,-1.0,diff,0,4.0,0,2269
PDF070,DECENT BODY CEILLING SAPHIRE MODEL C4 P5 LY,1.0,0.0,1.0,missing_in_erp,476.0,518.0,0,
PKC-001,J 03 MUG CTN 5 DOZEN KHAKI C1 P3,1.0,0.0,1.0,missing_in_erp,955.0,0,0,
PLR004,"LEMINATION REEL 22""",-1.0,0.0,-1.0,diff,0,-49.0,0,3047
PSR104,CARTON 5-PLY 670*540*350 ONE SIDE PRINTED,-1.0,0.0,-1.0,diff,1016.0,88.0,0,3819
RAP505,ZIPPER STAND POUCH 136*205*100,0.39,1.39,-1.0,diff,0,-1.0,0,5097
RM0025,COLOUR DISHWASH LIQUID,-1.0,0.0,-1.0,missing_in_erp,0,-143.0,0,
RM298,DEY JUICE BOTTLE 250ML,1.0,0.0,1.0,missing_in_erp,0,0,0,
RM299,DEY JUICE BOTTLE 500ML,1.0,0.0,1.0,missing_in_erp,0,0,0,
RM300,DEY JUICE BOTTLE 1LTR,1.0,0.0,1.0,missing_in_erp,0,0,0,
LDM001,LD NATURAL SHEET 855MM 30 MICRON,0.9,0.0,0.9,diff,0,-3132.9,0,1409
SF0016,10 A.D BRILLO PACK,0.9,0.0,0.9,missing_in_erp,18126.5,517426.0,535551.6,
RAP176,RAPER MONSTA GREEN APPLE,-0.88,0.0,-0.88,diff,800.52,-339.4,0,4773
RAP174,RAPER MONSTA BLUEBERRY,-0.84,0.0,-0.84,diff,1070.56,-458.6,0,4771
LDM145,LD NATURAL SHEET 495MM 50 MICRON,-0.8,0.0,-0.8,diff,0,-335.0,0,1553
RAP129,RAPER MK PLASTIC+SONY,-0.7,0.0,-0.7,diff,0,-0.43,0,4728
RAP175,RAPER MONSTA STRAWBERRY,-0.69,0.0,-0.69,diff,799.61,-781.6,0,4772
RAP080,RAPER PAIRACON  FRUITY SOAP (LEMON),-0.65,0.0,-0.65,diff,477.25,-177.9,0,4679
LDM256,LD MILKY SHEET 610MM 120MICRON,426.0,426.6,-0.6,diff,0,-0.6,0,1664
LDM144,LD NATURAL SHEET 695MM 75 MICRON,-0.5,0.0,-0.5,diff,0,-310.5,0,1552
LDM148,LD MILKY SHEET 965MM 60MICRON,-0.5,0.0,-0.5,diff,0,-368.5,0,1556
LDM151,LD MILKY SHEET 735MM 100 MICRON,-0.5,0.0,-0.5,diff,0,-439.5,0,1559
PBB015,BOX BOARD 22*31  210 GRAM,-0.5,0.0,-0.5,diff,0,-7844.0,0,1946
PBB023,BOX BOARD 38*28 210 GRAM,-0.5,0.0,-0.5,diff,0,-8850.0,0,1954
RAP0010,RAPER RING GOLA 130/36,-0.5,0.0,-0.5,missing_in_erp,2990.0,-6427.3,0,
RAP185,RAPER MEGA BUTTER TOFFEE,-0.5,0.0,-0.5,diff,1042.5,1509.93,0,4782
RAP197,RAPER SAGA DETERGENT 200 GRAM,-0.5,0.0,-0.5,diff,631.4,-270.5,0,4794
RAP221,RAPER TOWER DETERGENT 800GRAM,-0.5,0.0,-0.5,diff,0,-0.5,0,4818
RAP294,GLOW PLASTIC STICKER,0.5,0.0,0.5,missing_in_erp,429.0,0,0,
RAP426,EDMORE HAIR COLOR CREAM BROWN 43,0.5,0.0,0.5,missing_in_erp,1066.0,0,0,
RAP462,RAPER SHAHRAN DETERGENT RS.50,0.5,0.0,0.5,missing_in_erp,313.0,0,0,
RAP466,POLY BAG SPROCKET DRIVE BL 70CC,-1154.35,-1154.85,0.5,diff,7.0,0,0,5058
RM221,GREEN QY,-0.5,0.0,-0.5,missing_in_erp,0,-0.5,0,
PBB025,BOX BOARD 30*24 230 GRAM,-0.494,0.0,-0.494,diff,0,-27127.997,0,1956
RAP315,RAPER TOWER DETERGENT 500GRAM,-0.49,0.0,-0.49,diff,555.51,-556.0,0,4912
RAP105,RAPER SHINEX BAG,-0.48,0.0,-0.48,missing_in_erp,3884.7,-617.4,0,
RAP214,RAPER CHEETA DETERGENT RS.10,-0.48,0.0,-0.48,diff,1089.59,552.5,0,4811
RAP436,WHITE STAND POUCH  200*300*90,-523.83,-523.35,-0.48,diff,539.0,0,0,5029
SF0008,POWDER MANUAL 19A.D,0.48,0.0,0.48,missing_in_erp,9016.8,263174.2,272190.52,
RAP301,RAPER BRILLO DETERGENT 3KG,0.46,0.0,0.46,diff,523.46,-523.0,0,4898
RAP072,RAPER MMC IODIZED SALT 600GRAM,-0.45,0.0,-0.45,missing_in_erp,2627.55,-2132.6,0,
RAP076,RAPER STAR DISHWASH 150 GRAM,-0.45,0.0,-0.45,diff,8.3,-505.0,0,4675
RAP177,RAPER BOXER 500 GRAM,-0.45,0.0,-0.45,diff,503.65,-504.1,0,4774
RAP179,RAPER CHEETA DETERGENT RS.100,-604.35,-604.8,0.45,diff,1229.25,-666.0,0,4776
RAP208,RAPER NISHAT TEA 5KG,-517.5,-517.95,0.45,diff,715.5,784.0,0,4805
RAP336,RAPER 1122 KAINAT 1KG STEAM RICE,-0.45,0.0,-0.45,diff,0,-110.0,0,4930
RAP427,WHITE STAND POUCH 230*330*100,-0.45,0.0,-0.45,missing_in_erp,449.0,0,0,
RAP448,RAPER SHAHRAN DETERGENT 500GRAM,0.45,0.0,0.45,missing_in_erp,501.0,0,0,
RAP461,RAPER SHAHRAN DETERGENT RS.10,0.45,0.0,0.45,missing_in_erp,613.0,0,0,
BOP014,BOPP H/S 570MM 30MICRON,-0.44,0.0,-0.44,diff,0,-707.58,0,23
BOP040,BOPP MATT 876MM 12MICRON,-0.44,0.0,-0.44,diff,0,-103.44,0,49
RAP043,RAPER RAHIL 800 GRAM,-0.43,0.0,-0.43,diff,733.47,-1676.6,0,4642
RAP139,CNG DISHWASH BAR 10RS,0.43,0.0,0.43,missing_in_erp,9986.45,-6498.66,0,
DT3013,UNIMED LOOSE DETERGENT 11 AD,0.42,0.0,0.42,diff,30146.92,-13346.5,0,949
RAP103,RAPER AL FIRDOUS IODIZED SALT,-523.06,-522.65,-0.41,diff,5864.5,-1710.6,0,4702
RAP323,RAPER DELUXE TURKEY BEAUTY SOAP ALOEVERA TOUCH,-268.08,-268.49,0.41,diff,1834.68,0,0,4920
BOP066,CPP NATURAL 610MM 25MICRON,638.0,638.4,-0.4,diff,0,-331.19,0,75
LDM034,LD MILKY SHEET 480MM 50 MICRON,-0.4,0.0,-0.4,missing_in_erp,0,-1695.65,0,
LDM204,LD NATURAL SHEET 580MM 120MICRON,0.4,0.0,0.4,missing_in_erp,0,-1834.0,0,
LDM205,LD NATURAL SHEET 500MM 80MICRON,-0.4,0.0,-0.4,missing_in_erp,0,-393.0,0,
LDM207,LD NATURAL SHEET 480MM 50MICRON,0.4,0.0,0.4,missing_in_erp,0,-379.0,0,
LDM225,LD MILKY SHEET 820MM 60MICRON,0.4,0.0,0.4,missing_in_erp,0,-442.0,0,
LDM235,LD NATURAL SHEET 640MM 28MICRON,-0.4,0.0,-0.4,missing_in_erp,0,-369.0,0,
PBB027,BOX BOARD 27*30 210 GRAM,-0.4,0.0,-0.4,diff,0,-2503.0,0,1958
PBB229,BOX BOARD 26*41 210 GRAM,1588.6,1589.0,-0.4,diff,0,-679.0,0,2158
RAP035,RAPER PAIRACON DISHWASH RS.20,-0.4,0.0,-0.4,diff,0,-584.6,0,4634
RAP056,RAPER BOXER DETERGENT MILKY 1KG (450 MM),0.4,0.0,0.4,diff,0,440.4,0,4655
RAP289,RAPER LARAIB FRUITY SOAP SMALL PEACH+LEMON+ORANGE,-0.4,0.0,-0.4,missing_in_erp,541.0,0,0,
RAP411,RAPER HAPPY DISHWASH LIQUID YELLOW,-0.4,0.0,-0.4,missing_in_erp,0,0,0,
RAP412,RAPER HAPPY DISHWASH LIQUID ORANGE,0.4,0.0,0.4,missing_in_erp,2.0,0,0,
RAP413,RAPER PARAS SOAP SPECIAL QUALITY,-1080.85,-1081.25,0.4,diff,504.0,0,0,5006
RAP428,WHITE STAND POUCH 160*230*80,-486.55,-486.15,-0.4,diff,440.0,0,0,5021
RAP450,RAPER S-3 GENUINE PARTS GREEN SMALL,-0.4,0.0,-0.4,missing_in_erp,245.0,0,0,
RAP463,RAPER SHAHRAN DETERGENT RS.100,0.4,0.0,0.4,missing_in_erp,313.0,0,0,
RAP500,PET+LDN 200MM,-0.4,0.0,-0.4,missing_in_erp,122.0,0,0,
SF0013,BACHAT 13A.D,0.4,0.0,0.4,missing_in_erp,19720.0,607212.0,626931.6,
SF0014,10 A.D POUCH PACK,0.4,0.0,0.4,missing_in_erp,124382.5,2730614.5,2854996.6,
RAP167,RAPER GRALIC KACHUP,-0.39,0.0,-0.39,diff,282.61,-283.0,0,4764
RAP271,RAPER PURE SALT 800GRAM,0.39,0.0,0.39,missing_in_erp,2954.28,456.83,0,
PET047,PET SIZE 852MM 12 MICRON,-0.38,0.0,-0.38,diff,0,-257.61,0,2501
RAP078,RAPER SHAHZAIN LAUNDRY SOAP LARGE,0.38,0.0,0.38,missing_in_erp,1704.04,-1088.0,0,
RAP396,RAPER TABASUM CONE MEHNDI,-0.38,0.0,-0.38,diff,611.55,-262.0,0,4990
SF0011,JAGMAG 13A.D,-0.38,0.0,-0.38,missing_in_erp,70146.0,1506855.0,1577001.38,
RAP484,RAPER BLUE RINSE DETERGENT 1KG,-0.37,0.0,-0.37,missing_in_erp,262.0,0,0,
RAP322,RAPER TOWER DETERGENT 1KG,0.365,0.0,0.365,diff,452.365,-452.0,0,4919
PET086,PET SIZE 980MM 12MICRON,1185.0,1185.36,-0.36,diff,0,-0.36,0,2540
RAP399,S-3 GENUINE PARTS (RED),-0.35,0.0,-0.35,missing_in_erp,306.0,0,0,
RAP408,RAPER RAVI SUPER CROP SUPPLEMENT 3KG,-0.35,0.0,-0.35,missing_in_erp,1834.0,0,0,
RAP438,RAPER FALVO SALT GREEN 800GM,-1147.85,-1147.5,-0.35,diff,1089.0,0,0,5031
RAP451,RAPER S-3 GENUINE PARTS RED SMALL,0.35,0.0,0.35,missing_in_erp,291.0,0,0,
RAP474,RAPER RAITA SNACKS,-0.35,0.0,-0.35,missing_in_erp,200.0,0,0,
RAP501,PET+LDN 390MM,0.35,0.0,0.35,missing_in_erp,87.0,0,0,
PBB021,BOX BOARD 25*37 230 GRAM,-0.34,0.0,-0.34,diff,0,-10459.312,0,1952
RAP192,RAPER SHAHZAIN SOAP 2 COLOR NEW,-0.34,0.0,-0.34,diff,615.66,-223.1,0,4789
RAP293,MAZA DRESSING MAYO 02 LITRE BAG,-0.34,0.0,-0.34,diff,1001.66,-537.0,0,4890
RAP309,RAPER SKY WASH RS.10,-0.34,0.0,-0.34,diff,1393.66,-1394.0,0,4906
RAP238,RAPER TOWER DETERGENT RS.50,-0.33,0.0,-0.33,diff,195.27,-691.27,0,4835
RAP277,RAPER VENUS BEAUTY SOAP LARGE (ALOE VERA),0.33,0.0,0.33,missing_in_erp,419.0,0,0,
PBB016,BOX BOARD 23*32  210 GRAM,-0.32,0.0,-0.32,diff,0,-4876.997,0,1947
RAP206,RAPER TRAIN LAUNDRY SOAP,-0.32,0.0,-0.32,missing_in_erp,961.0,0,0,
RAP302,RAPER SKY WASH 3KG,0.32,0.0,0.32,diff,439.32,-439.0,0,4899
RAP207,NEELUM POWER PLUS DT 1KG,-418.26,-417.95,-0.31,diff,1449.25,442.2,0,4804
RAP420,POLY BAG CHAIN RL 70CC,-1013.04,-1013.35,0.31,diff,1133.0,0,0,5013
LDM201,LD MILKY SHEET 460MM 70MICRON,438.15,437.85,0.3,diff,0,72.0,0,1609
LDM202,LD NATURAL SHEET 740MM 120MICRON,0.3,0.0,0.3,missing_in_erp,0,-399.0,0,
LDM226,LD NATURAL SHEET 510MM 80MICRON,0.3,0.0,0.3,missing_in_erp,0,-489.0,0,
LDM246,LD NATURAL SHEET 490MM 120MICRON,-0.3,0.0,-0.3,missing_in_erp,0,-178.0,0,
PBB009,BOX BOARD 19*40  210 GRAM,1070.7,1071.0,-0.3,diff,0,-4057.0,0,1940
PBB060,BOX BOARD 36*29 230 GRAM,-0.3,0.0,-0.3,diff,0,-1674.0,0,1991
PBB092,BOX BOARD 22*35 230 GRAM,-0.3,0.0,-0.3,diff,0,-952.0,0,2023
PR0002,PAPER REEL SIZE 19 (F & SF),1721.7,1722.0,-0.3,diff,190.0,-58296.7,0,3332
RAP0011,RAPER RING 130/36,-0.3,0.0,-0.3,missing_in_erp,0,-3833.9,0,
RAP003-2,RAPER LASHKARA 500GRM,0.3,0.0,0.3,missing_in_erp,0,-6126.38,0,
RAP250,FUN TIME SNACKS (YELLOW),-0.3,0.0,-0.3,diff,0,447.4,0,4847
RAP276,RAPER TOWER DETERGENT 4KG,-0.3,0.0,-0.3,missing_in_erp,29.0,0,0,
RAP390,STAND POUCH 170*230,0.3,0.0,0.3,missing_in_erp,557.0,0,0,
RAP417,POLY BAG CHAIN BL 70CC,-2093.74,-2094.04,0.3,diff,496.25,0,0,5010
RAP435,SHAHRAN DISHWASH BAR MEDIUM,0.3,0.0,0.3,missing_in_erp,278.0,0,0,
RAP441,RAPER NOOR DETERGENT RS.50,0.3,0.0,0.3,missing_in_erp,551.0,0,0,
RAP449,RAPER SHAHRAN DETERGENT 1000GRAM,0.3,0.0,0.3,missing_in_erp,423.0,0,0,
RAP471,RAPER KICK NASWAR RS.30,-0.3,0.0,-0.3,missing_in_erp,357.0,0,0,
RAP475,RAPER NIHARI SNACKS,-0.3,0.0,-0.3,missing_in_erp,200.0,0,0,
RAP487,RAPER PAK EGG,-0.3,0.0,-0.3,diff,262.7,-263.0,0,5079
PBB042,BOX BOARD 28*23  230 GRAM,-0.29,0.0,-0.29,diff,0,-16265.0,0,1973
RAP288,RAPER LABEX FRUITY SOAP,0.29,0.0,0.29,missing_in_erp,429.0,0,0,
RAP004,RAPER RING DISHWASH RS.10 (GREEN),-0.28,0.0,-0.28,diff,1006.57,-2692.77,0,4602
RAP172,RAPER ANMOL SOAP,-0.28,0.0,-0.28,diff,467.42,-416.0,0,4769
RAP215,RAPER NISHAT TEA 450 GRAM YELLOW,0.28,0.0,0.28,missing_in_erp,1376.0,761.8,0,
RAP460,RAPER EMPIRE SEEDS SMALL,-0.28,0.0,-0.28,missing_in_erp,441.0,0,0,
RAP098,RAPER BACHAT RS.99,-0.26,0.0,-0.26,missing_in_erp,2188.87,-1188.8,0,
RAP166,RAPER CHILI TOMATO,0.26,0.0,0.26,diff,269.26,-269.0,0,4763
DT2066,TRAIN DETERGENT 1000/12 13(A.D),0.25,0.0,0.25,missing_in_erp,205.0,-212.0,0,
PBB017,BOX BOARD 24*34  230 GRAM,-0.25,0.0,-0.25,diff,0,-10353.71,0,1948
RAP090,RAPER STAR DISHWASH LONG BAR,-0.25,0.0,-0.25,diff,0,-460.6,0,4689
RAP168,RAPER GREEN PATLI FRIES,-0.25,0.0,-0.25,diff,142.75,-143.0,0,4765
RAP170,RAPER MIX NIMKO,0.25,0.0,0.25,diff,142.25,-142.0,0,4767
RAP260,RAPER ARGWAN 1KG,0.25,0.0,0.25,diff,0,680.0,0,4857
RAP384,RAPER YOGURT FULL CREAM 1KG,0.25,0.0,0.25,missing_in_erp,533.0,0,0,
RAP416,RAPER GO FOODS MILK,-0.25,0.0,-0.25,missing_in_erp,934.0,0,0,
RAP434,SHAHRAN DISHWASH BAR SMALL,-0.25,0.0,-0.25,missing_in_erp,226.0,0,0,
RAP437,WHITE STAND POUCH  130*180*80,-434.05,-434.3,0.25,diff,390.0,0,0,5030
SF0017,10 A.D BRILLO BULK PACKING,-0.25,0.0,-0.25,missing_in_erp,2013.5,78157.5,80171.25,
PET043,M.PET SIZE 755MM 12 MICRON,-0.24,0.0,-0.24,diff,0,-287.75,0,2497
RAP241,RAPER LARAIB LEMON FRUITY SOAP,-0.24,0.0,-0.24,diff,0,385.2,0,4838
RAP296,PUNJAB RICE,0.24,0.0,0.24,missing_in_erp,97.0,0,0,
RAP502,KAPTAN DETERGENT POWDER 1KG,-0.24,0.0,-0.24,missing_in_erp,486.0,0,0,
RAP211,RAPER VENUS BEAUTY SOAP (FLOWER),0.23,0.0,0.23,diff,373.94,801.1,0,4808
RAP218,RAPER VENUS BEAUTY SOAP LARGE (FLOWER),-0.22,0.0,-0.22,diff,0,455.2,0,4815
RAP282,LG RAZA LUNCH BOX,-0.22,0.0,-0.22,missing_in_erp,220.0,0,0,
PET048,PET SIZE 860MM 12 MICRON,-0.206,0.0,-0.206,diff,0,-660.79,0,2502
DT99934,CLEAN DAY DETERGENT 110/60,0.2,0.0,0.2,missing_in_erp,127.0,0,0,
LDM038,LD MILKY SHEET 780MM 30 MICRON,369.6,369.4,0.2,diff,0,-785.9,0,1446
LDM050,LD MILKY SHEET 740MM 65.7MICRON,0.2,0.0,0.2,missing_in_erp,0,-500.0,0,
LDM143,LD NATURAL SHEET 740MM 135 MICRON,-0.2,0.0,-0.2,diff,0,-2531.0,0,1551
LDM208,LD NATURAL SHEET 720MM 60MICRON,437.5,437.7,-0.2,diff,0,-388.0,0,1616
LDM210,LD NATURAL SHEET 490MM 50MICRON,0.2,0.0,0.2,missing_in_erp,0,-309.0,0,
LDM211,LD MILKY SHEET 680MM 90MICRON,0.2,0.0,0.2,missing_in_erp,0,-1040.0,0,
LDM215,LD NATURAL SHEET 620MM 80MICRON,919.6,919.4,0.2,diff,0,-400.0,0,1623
LDM219,LD MILKY SHEET 720MM 50MICRON,-0.2,0.0,-0.2,missing_in_erp,0,-862.0,0,
LDM220,LD MILKY SHEET 660M 50MICRON,-0.2,0.0,-0.2,missing_in_erp,0,-832.0,0,
LDM233,LD MILKY SHEET 480MM 60MICRON,379.5,379.3,0.2,diff,0,-892.0,0,1641
LDM243,LD NATURAL SHEET 610MM 75MICRON,0.2,0.0,0.2,missing_in_erp,0,-558.0,0,
LDM249,LD NATURAL SHEET 900MM 35MICRON,-0.2,0.0,-0.2,missing_in_erp,0,-340.0,0,
PBB008,BOX BOARD 32*26  210 GRAM,-0.2,0.0,-0.2,diff,0,-2603.0,0,1939
PBB165,BOX BOARD 27*37 210 GRAM,-0.2,0.0,-0.2,diff,0,-2585.0,0,2095
RAP239,RAPER TOWER DETERGENT RS.100,-0.2,0.0,-0.2,diff,0,-518.06,0,4836
RAP240,TRAIN DETERGENT FAST ACTION 500 GRAM,-0.2,0.0,-0.2,diff,0,-553.9,0,4837
RAP398,RAPER S-3 GENUINE PARTS (GREEN) MEDIUM,-0.2,0.0,-0.2,missing_in_erp,583.0,0,0,
RAP406,RAPER SAFA 92 ONION SEEDS 1KG,0.2,0.0,0.2,missing_in_erp,172.0,0,0,
RAP419,POLY BAG SPROCKET DRIVE BL 70CC,0.2,0.0,0.2,missing_in_erp,457.0,0,0,
RAP430,RAPER SAMARA GOLD 1KG,-0.2,0.0,-0.2,diff,0,-531.0,0,5023
RAP469,STAND POUCH 140*200,-0.2,0.0,-0.2,missing_in_erp,123.0,0,0,
RM254,FRAGNANCE OUD,-0.2,0.0,-0.2,missing_in_erp,0,0,0,
RAP268,RAPER INSAF SALT (600 GRAM),-608.195,-608.0,-0.195,diff,5258.125,-2705.7,0,4865
RAP297,SAKOON WASHING POWDER,-0.18,0.0,-0.18,missing_in_erp,97.0,0,0,
RAP311,RAPER DELUXE TURKEY BEAUTY SOAP OUTER,0.18,0.0,0.18,missing_in_erp,3401.6,0,0,
PBB063,BOX BOARD 24*35 230 GRAM,-0.166,0.0,-0.166,diff,0,-4225.998,0,1994
PBB102,BOX BOARD 22*30 230 GRAM,-0.162,0.0,-0.162,diff,0,-519.001,0,2033
RAP204,RAPER HIMALAYA SALT 600GRAM (GREEN),-136.11,-135.95,-0.16,diff,2932.71,376.3,0,4801
RAP272,RAPER SONEX WHITE GLUE,-0.16,0.0,-0.16,missing_in_erp,9856.0,454.0,0,
RAP299,RAPER SKY WASH 5KG,-0.16,0.0,-0.16,diff,514.84,-515.0,0,4896
BOP039,CPP MILKY 855MM 20MICRON,-0.15,0.0,-0.15,diff,0,-157.15,0,48
PET042,M.PET SIZE 610MM 12 MICRON,-0.15,0.0,-0.15,diff,0,-458.71,0,2496
RAP391,STAND POUCH 230*310,-0.15,0.0,-0.15,missing_in_erp,217.0,0,0,
RAP429,WHITE STAND POUCH 130*190*90,-0.15,0.0,-0.15,missing_in_erp,430.0,0,0,
RAP452,RAPER MUSA BOWL ARSLAN PLASTIC,-0.15,0.0,-0.15,missing_in_erp,298.0,0,0,
RAP485,RAPER BLUE RINSE DETERGENT 500GRAM,-0.15,0.0,-0.15,missing_in_erp,316.0,0,0,
RAP490,RAPER S-3 GENUINE PARTS YELLOW LARGE,-0.15,0.0,-0.15,missing_in_erp,257.0,0,0,
RAP180,KAUSAR SPECIAL SOAP,-0.14,0.0,-0.14,diff,265.86,-266.0,0,4777
RAP219,RAPER VENUS BEAUTY SOAP LARGE (JASMINE),-0.14,0.0,-0.14,diff,0,442.0,0,4816
PBB100,BOX BOARD 19*41 230GRAM,-0.13,0.0,-0.13,diff,0,-1006.03,0,2031
RAP157,RAPER TRAIN SOAP NEW ADVANCE FORMULA,-0.13,0.0,-0.13,diff,278.57,159.3,0,4754
RAP246,RAPER AL FIRDOUS VERMICELLI SMALL,-0.13,0.0,-0.13,missing_in_erp,394.0,537.0,0,
PBB064,BOX BOARD 25*26 230 GRAM,-0.128,0.0,-0.128,diff,0,-2988.999,0,1995
DT3016,BAHAR MANUAL DETERGEN 10 AD,-0.125,0.0,-0.125,diff,18351.875,-18352.0,0,952
RAP169,RAPER POTATO STICKS,0.12,0.0,0.12,diff,142.12,-142.0,0,4766
RAP328,RAPER DELUXE TURKEY BEAUTY SOAP SKY BLUE,0.12,0.0,0.12,missing_in_erp,2340.48,0,0,
RAP187,FUN TIME SNACKS (CYAN),0.11,0.0,0.11,diff,0,5436.07,0,4784
LDM227,LD NATURAL SHEET 860MM 30MICRON,0.1,0.0,0.1,missing_in_erp,0,-353.0,0,
LDM236,LD NATURAL SHEET 610MM 90MICRON,0.1,0.0,0.1,missing_in_erp,0,-477.0,0,
PBB006,BOX BOARD 34*28  210 GRAM,3262.9,3263.0,-0.1,diff,0,-3908.0,0,1937
PBB030,BOX BOARD 37*27 210 GRAM,-0.1,0.0,-0.1,diff,0,-5020.0,0,1961
PBB079,BOX BOARD 21*31 230 GRAM,-0.1,0.0,-0.1,diff,0,-1130.0,0,2010
PBB160,BOX BOARD 22.5 * 30 210 GRAM,-0.1,0.0,-0.1,diff,0,-2451.0,0,2090
RAP400,RAPER DELUXE TURKEY BEAUTY SOAP LEMON,-0.1,0.0,-0.1,missing_in_erp,235.0,0,0,
RAP421,POLY BAG SPROCKET DRIVEN RL 70CC,-2143.85,-2143.75,-0.1,diff,2063.0,0,0,5014
RAP443,RAPER PETAL CLASSIC 500GRAM,0.1,0.0,0.1,diff,0,-162.0,0,5036
RAP444,RAPER HUMBER DETERGENT 5KG,0.1,0.0,0.1,missing_in_erp,484.0,0,0,
RAP446,RAPER HUMBER DETERGENT 1KG BLUE,0.1,0.0,0.1,missing_in_erp,191.0,0,0,
RAP458,RAPER EMPIRE SEEDS MEDIUM,-0.1,0.0,-0.1,missing_in_erp,496.0,0,0,
RAP464,RAPER BOPP 245MM/25MIC SADA,-4.4,-4.5,0.1,diff,86.0,0,0,5056
RAP476,RAPER RK PLASTIC,0.1,0.0,0.1,missing_in_erp,317.0,0,0,
RAP248,RAPER LASHKARA SOAP 4 PACK YELLOW,-0.09,0.0,-0.09,diff,1491.68,462.0,0,4845
RAP217,RAPER TAZGI GOLD BEAUTY SOAP (WHITE),-0.08,0.0,-0.08,diff,0,316.1,0,4814
RAP295,RAPER ITTIHAD BRAND STICKER,0.07,0.0,0.07,diff,415.0,-144.0,0,4892
RAP269,RAPER MMC SALT (800 GRAM),-0.065,0.0,-0.065,missing_in_erp,2844.065,405.6,0,
DT3015,BOXER LOOSE DETERGENT 18 AD,-0.06,0.0,-0.06,diff,15029.94,-15030.0,0,951
LDM218,LD MILKY SHEET 330MM 90MICRON,-0.05,0.0,-0.05,missing_in_erp,0,39.0,0,
RAP066,RAPER KHISRO TEA BIG,-0.05,0.0,-0.05,missing_in_erp,0,-0.05,0,
RAP082,RAPER PRACON ORANGE (SMALL),-0.05,0.0,-0.05,missing_in_erp,524.65,-524.7,0,
RAP122,RAPER BESAN 555,-538.15,-538.1,-0.05,diff,877.25,-1685.51,0,4721
RAP134,RAPER SHAHZAIN SUPREME SOAP,-0.05,0.0,-0.05,missing_in_erp,1653.95,-1654.0,0,
RAP142,RAPER AL FIRDOUS VERMICELLI 1KG,-350.95,-351.0,0.05,diff,2944.05,-197.5,0,4741
RAP153,RAPER BIG BUTTER TOFFEE,-0.05,0.0,-0.05,missing_in_erp,6737.75,-6737.8,0,
RAP163,RAPER MEER SPECIAL SOAP,-0.05,0.0,-0.05,missing_in_erp,538.45,-538.5,0,
RAP171,RAPER BIG BRUNCH,0.05,0.0,0.05,diff,142.05,-142.0,0,4768
RAP181,RAPER CHEETA DETERGENT RS.50,0.05,0.0,0.05,diff,1521.94,645.11,0,4778
RAP249,RAPER NISHAT TEA 900 GRAM,-0.05,0.0,-0.05,missing_in_erp,859.0,527.0,0,
RAP273,RAPER VENUS BEAUTY SOAP (ALOE VERA),0.05,0.0,0.05,missing_in_erp,0,390.5,0,
RAP335,RAPER 555 SPECIAL SUPER BANASPATI RICE 1KG,-0.05,0.0,-0.05,missing_in_erp,19.0,0,0,
RAP440,RAPER NOOR DETERGENT RS.10,0.05,0.0,0.05,missing_in_erp,580.0,0,0,
RAP473,RAPER LUCKY SNACKS,0.05,0.0,0.05,missing_in_erp,200.0,0,0,
RAP489,RAPER S-3 GENUINE PARTS YELLOW MEDIUM,0.05,0.0,0.05,missing_in_erp,304.0,0,0,
PBB024,BOX BOARD 29.5*41 230 GRAM,2045.96,2046.0,-0.04,diff,0,-49176.0,0,1955
PBB045,BOX BOARD 27*35  230 GRAM,-0.04,0.0,-0.04,diff,0,-38589.0,0,1976
PBB083,BOX BOARD 18*38 210 GRAM,-0.04,0.0,-0.04,diff,0,0.0,0,2014
PBB152,BOX BOARD 26*33 230 GRAM,-0.04,0.0,-0.04,diff,0,-3538.997,0,2082
PBB244,BOX BOARD 23*38 230GRAM,1011.96,1012.0,-0.04,diff,0,-2671.998,0,2173
RAP041,RAPER BACHAT DETERGENT SASHAY RS. 10,0.04,0.0,0.04,diff,940.388,-439.3,521.048,4640
RAP052,RAPER RIM D/W 120/36,0.04,0.0,0.04,missing_in_erp,821.84,-1046.5,0,
RAP074,RAPER VANIZA FRUITY SOAP 155MM,-0.04,0.0,-0.04,missing_in_erp,0.46,-0.5,0,
RAP077,RAPER SHAHZAIN SOAP CLASSIC,0.04,0.0,0.04,missing_in_erp,0,0.04,0,
RAP089,RAPER SHAHZAIN LAUNDRY SOAP SMALL,0.04,0.0,0.04,missing_in_erp,0.44,-0.4,0,
RAP095,RAPER SKY BEAUTY SOAP PINK,-0.04,0.0,-0.04,missing_in_erp,0.36,-0.4,0,
RAP121,RAPER HARMONY FRUIT SOAP ORANGE SMALL,-0.04,0.0,-0.04,missing_in_erp,915.26,-915.3,0,
RAP125,RAPER FAUJI TEA 1000 GRAM,0.04,0.0,0.04,missing_in_erp,359.94,-359.9,0,
RAP131,RAPER SHAHZAIN IST CLASS LAUNDRY SOAP (SMALL),-0.04,0.0,-0.04,missing_in_erp,512.26,-512.3,0,
RAP133,RAPER SHAHZAIN SOAP 882,0.04,0.0,0.04,missing_in_erp,485.54,-485.5,0,
RAP147,RAPER SUPER BASPATI RICE,0.04,0.0,0.04,missing_in_erp,491.04,-491.0,0,
RAP148,RAPER KAINAT 1121 STEAM  RICE,-0.04,0.0,-0.04,missing_in_erp,460.06,-460.1,0,
RAP152,RAPER HARMONHY FRUITY SOAP ORANG  LARGE,0.04,0.0,0.04,missing_in_erp,234.34,-234.3,0,
RAP244,RAPER FRENCH CHOICE MAYO MAZA 2LTR,0.04,0.0,0.04,missing_in_erp,527.0,-466.8,0,
SF0018,7 A.D POWDER,-0.04,0.0,-0.04,missing_in_erp,68193.0,1695419.0,1763612.04,
RAP130,RAPER ZARYAN SOAP,0.035,0.0,0.035,missing_in_erp,2274.405,-1772.3,0,
PBB211,BOX BOARD 24*22 230 GRAM,-0.034,0.0,-0.034,diff,0,-4598.997,0,2140
PBB227,BOX BOARD 23*23 210 GRAM,551.966,552.0,-0.034,diff,0,-606.002,0,2156
PBB247,BOX BOARD 28*39.5 230GRAM,-0.034,0.0,-0.034,diff,0,-2692.002,0,2176
PBB033,BOX BOARD 17*40 230 GRAM,776.97,777.0,-0.03,diff,0,-7295.995,0,1964
PBB044,BOX BOARD 26*38  230 GRAM,-0.03,0.0,-0.03,diff,0,-7475.001,0,1975
PBB076,BOX BOARD 28*38 230 GRAM,-0.03,0.0,-0.03,diff,0,-5337.002,0,2007
PBB169,BOX BOARD 19*28 210 GRAM,-0.03,0.0,-0.03,diff,0,-770.998,0,2099
RAP087,VANIZA FRUITY SOAP  LEMON LARGE,-0.03,0.0,-0.03,missing_in_erp,1152.57,-1152.6,0,
RAP104,KARARI (TOP PRINTING),-0.03,0.0,-0.03,missing_in_erp,3262.57,-3262.6,0,
RAP119,RAPER FAUJI TEA 250 GRAM,-0.03,0.0,-0.03,missing_in_erp,545.67,-545.7,0,
RAP138,KARARI SUPER,0.03,0.0,0.03,missing_in_erp,1760.83,-1760.8,0,
RAP140,CNG DISHWASH BAR 20RS,0.03,0.0,0.03,missing_in_erp,7040.43,-3106.14,0,
RAP173,RAPER BAHU SOAP SMALL,-487.52,-487.55,0.03,diff,3292.56,0,0,4770
PBB239,BOX BOARD 22*41 230 GRAM,-0.028,0.0,-0.028,diff,0,-1070.999,0,2168
DT5003,LASHKARA DETERGENT NO.19 50/48,0.025,0.0,0.025,missing_in_erp,4818.0,-5052.02,0,
PBB225,BOX BOARD 27*31 210GRAM,-0.02,0.0,-0.02,diff,0,-748.0,0,2154
RAP051,RAPER RIM D/W 90/72,-0.02,0.0,-0.02,missing_in_erp,262.68,-820.0,0,
RAP067,RAPER KHISRO TEA SMALL,-0.02,0.0,-0.02,missing_in_erp,0.08,-0.1,0,
RAP096,KINZA BEAUTY SOAP PINK,0.02,0.0,0.02,missing_in_erp,0.22,-0.2,0,
RAP120,RAPER FAUJI TEA 500 GRM,-0.02,0.0,-0.02,missing_in_erp,497.58,-497.6,0,
RAP124,RAPER AMD PLASTIC,-0.02,0.0,-0.02,missing_in_erp,133.18,-133.2,0,
RAP126,RAPER RIM D/W RS.10,-0.02,0.0,-0.02,missing_in_erp,260.98,-261.0,0,
RAP132,RAPER SHAHZAIN IST CLASS LAUNDRY SOAP (LARGE),0.02,0.0,0.02,missing_in_erp,504.62,-504.6,0,
RAP164,RAPER MINI BUTTER TOFFEE,0.02,0.0,0.02,missing_in_erp,5180.92,-5180.9,0,
SF0002,POWDER MANUAL 16 A.D,0.02,0.0,0.02,missing_in_erp,298390.6,2268142.4,2566532.98,
PBB235,BOX BOARD 28*30 230 GRAM,-0.018,0.0,-0.018,diff,0,-560.999,0,2164
PBB199,BOX BOARD 24*30 230 GRAM,-0.016,0.0,-0.016,diff,0,-4786.003,0,2128
PBB003,BOX BOARD 26*23  230 GRAM,-0.01,0.0,-0.01,diff,0,-33426.762,0,1934
PBB029,BOX BOARD 20*41 210 GRAM,-0.01,0.0,-0.01,diff,0,-2855.0,0,1960
PBB084,BOX BOARD 17*38 230 GRAM,-0.01,0.0,-0.01,diff,0,-403.0,0,2015
PBB191,BOX BOARD 26*33 210GRAM,-0.01,0.0,-0.01,diff,0,-7660.999,0,2120
PBB241,BOX BOARD 27*37 230 GRAM,-0.01,0.0,-0.01,diff,0,-2697.995,0,2170
RAP094,RAPER SKY BEAUTY SOAP BLACK,0.01,0.0,0.01,missing_in_erp,0.11,-0.1,0,
RAP156,RAPER VENUS SOAP DARJA AWAL,0.01,0.0,0.01,missing_in_erp,830.46,-307.1,0,
RAP158,RAPER VENUS SOAP ALA QUALITY,0.01,0.0,0.01,missing_in_erp,300.21,-300.2,0,
RAP162,RAPER MEER BROWN SOAP,-0.01,0.0,-0.01,missing_in_erp,544.39,-544.4,0,
RAP165,RAPER ASIAN PLASTC,0.01,0.0,0.01,missing_in_erp,159.61,-159.6,0,
RAP264,RAPER PEARLY SOAP (B),0.01,0.0,0.01,missing_in_erp,207.0,457.93,0,
PBB228,BOX BOARD 30*26 230 GRAM,-0.008,0.0,-0.008,diff,0,-2685.004,0,2157
RAP045,SAGA DISHWASH LONGBAR,-0.008,0.0,-0.008,diff,264.0,-549.94,0,4644
RM0034,HYDROGEN,-0.006,0.0,-0.006,diff,0,127.406,307.406,5195
PET021,PET SIZE 535MM 12 MICRON,-0.005,0.0,-0.005,diff,0,-740.23,0,2475
PET069,M.PET SIZE 625MM 12MICRON,0.005,0.0,0.005,diff,0,-105.67,0,2523
PET071,PET SIZE 795MM 12MICRON,0.005,0.0,0.005,diff,0,-1527.99,0,2525
RAP292,TOMATO NAROL SOAP,-0.005,0.0,-0.005,missing_in_erp,312.675,0,0,
RAP313,RAPER VIGO LUXURY SOAP MEDIUM,-0.005,0.0,-0.005,missing_in_erp,446.405,0,0,
RAP319,EMPTY BAG AZLAN DETERGENT 20KG,-0.005,0.0,-0.005,diff,140.415,-1775.0,0,4916
RAP363,RAPER WOW CHOCLATE RS.5,-0.005,0.0,-0.005,missing_in_erp,350.805,0,0,
PET065,PET SIZE 655MM 12MICRON,-0.004,0.0,-0.004,diff,0,-374.41,0,2519
PET070,PET SIZE 500MM 12MICRON,-0.004,0.0,-0.004,diff,0,-742.2,0,2524
PET081,PET SIZE 750MM 12MICRON,0.004,0.0,0.004,diff,0,-444.63,0,2535
PET066,PET SIZE 770MM 15MICRON,-0.003,0.0,-0.003,diff,0,-587.59,0,2520
PET072,PET SIZE 802MM 12MICRON,0.003,0.0,0.003,diff,0,-237.07,0,2526
PET015,PET SIZE 650MM 12 MICRON,0.002,0.0,0.002,diff,0,-453.81,0,2469
PET034,PET SIZE 525MM 12 MICRON,0.002,0.0,0.002,diff,0,-417.98,0,2488
PET073,PET SIZE 900MM 12MICRON,0.002,0.0,0.002,diff,0,-832.51,0,2527
PET074,PET SIZE 815MM 12MICRON,0.002,0.0,0.002,diff,0,-477.2,0,2528
PET075,PET SIZE 635MM 12 MICRON,-0.002,0.0,-0.002,diff,0,-739.25,0,2529
PET077,M.PET SIZE 780MM 12MICRON,0.002,0.0,0.002,diff,0,-310.82,0,2531
PET083,M.PET SIZE 620MM 12MICRON,-0.002,0.0,-0.002,diff,0,-124.79,0,2537
PET067,M.PET SIZE 520MM 12MICRON,0.001,0.0,0.001,diff,0,-88.56,0,2521
BB001,BACHAT PP BAGS EMPTY,0.0,0.0,0.0,missing_in_erp,0,-20000.0,0,
BGS001,BETA GOL SOAP C1 P3 LN,0.0,0.0,0.0,missing_in_erp,6162.0,-6162.0,0,
BGS002,BETA GOL JAR 20 TIKI C1 P3 LN,0.0,0.0,0.0,missing_in_erp,1111.0,-1111.0,0,
BOP002,BOPP MAT 835MM 20 MICRON,0.0,0.0,0.0,missing_in_erp,0,-318.0,0,
BOP003,BOPP MAT 40MM 20 MICRON,0.0,0.0,0.0,missing_in_erp,0,-252.14,0,
BOP004,BOPP MAT 90MM 20 MICRON,0.0,0.0,0.0,missing_in_erp,0,-300.0,0,
BOP006,OPP MTZ 640MM 20MICRON,0.0,0.0,0.0,missing_in_erp,0,-4985.1,0,
BOP007,BOPP MAT 600MM 25 MICRON,0.0,0.0,0.0,missing_in_erp,0,-314.6,0,
BOP008,BOPP MAT 765MM 30MICRON,0.0,0.0,0.0,missing_in_erp,0,-265.42,0,
BOP011,BOPP H/S 820MM 30 MICRON,0.0,0.0,0.0,missing_in_erp,0,-145.07,0,
BOP013,BOPP MAT 680MM 20 MICRON (GOLD GLEAM),0.0,0.0,0.0,missing_in_erp,0,-100.5,0,
BOP015,PEARL 600MM 25 MICRON,0.0,0.0,0.0,missing_in_erp,0,-165.9,0,
BOP016,PEARL SKIN VATAMIN  BOPP 590MM,0.0,0.0,0.0,missing_in_erp,0,-318.1,0,
BOP017,PEARL 670MM 75 MICRON,0.0,0.0,0.0,missing_in_erp,0,-187.3,0,
BOP018,BOPP PRINTED 660MM 75 MICRON,0.0,0.0,0.0,missing_in_erp,0,-732.7,0,
BOP019,BOPP H/S 680MM 30 MICRON,0.0,0.0,0.0,missing_in_erp,0,-121.94,0,
BOP020,PEARL FEEL 670MM 25MICRON,0.0,0.0,0.0,missing_in_erp,0,-169.8,0,
BOP026,BOPP H/S 610MM 30MICRON,0.0,0.0,0.0,missing_in_erp,0,-216.42,0,
BOP030,BOPP I PACK 960MM 30 MICRON,0.0,0.0,0.0,missing_in_erp,0,-173.97,0,
BOP031,CPP MILKY 640MM 25 MICRON,0.0,0.0,0.0,missing_in_erp,0,0,0,
BOP032,CPP MILKY 610MM 25 MICRON,0.0,0.0,0.0,missing_in_erp,0,0,0,
BOP033,BOPP 800MM 25 MICRON,0.0,0.0,0.0,missing_in_erp,0,-612.52,0,
BOP065,PET+CPP MTZ 260MM,0.0,0.0,0.0,missing_in_erp,0,8.0,0,
BOPP007,BOPP PEARL 810MM 12MICRON,0.0,0.0,0.0,missing_in_erp,0,-1000.68,0,
BOPP008,BOPP MTZ 660MM 20MICRON,0.0,0.0,0.0,missing_in_erp,0,-2317.15,0,
BOPP010,BOPP MTZ 670MM 20MICRON,0.0,0.0,0.0,missing_in_erp,0,-589.9,0,
BOPP011,BOPP MTZ 470MM 20MICRON,0.0,0.0,0.0,missing_in_erp,0,-227.0,0,
BT0008,EMPTY OIL BOTTLE 250ML,0.0,0.0,0.0,missing_in_erp,0,-27593.0,0,
BT0011,LAUNDRY LIQUID BOTTLE 500GRAMS,0.0,0.0,0.0,missing_in_erp,0,-753.0,0,
BT0012,DISHWASH LIQUID EMPTY BOTTLE 1 LTR,0.0,0.0,0.0,missing_in_erp,0,-19810.0,0,
BT010,EMPTY BOTTLE +CAP  HAPPY TOILET CLEANER,0.0,0.0,0.0,missing_in_erp,0,-6000.0,0,
BT011,BACHAT EMPTY BOTTLE DISHWASH LQUD 500ML,0.0,0.0,0.0,missing_in_erp,0,-15000.0,0,
BT014,BOTTLE VINEGAR MARYAM FOOD,0.0,0.0,0.0,missing_in_erp,0,0,0,
BT015,HAPPY TOILET CLEANER BOTTLE 250 ML,0.0,0.0,0.0,missing_in_erp,0,0,0,
BT016,PLANE PLASTIC BOTTAL+CAP,0.0,0.0,0.0,missing_in_erp,0,-720.0,0,
BT017,BLEACH EMPTY BOTTAL,0.0,0.0,0.0,missing_in_erp,0,-15986.0,0,
BTC003,BRILLO TOILET CLEANER 500ML,0.0,0.0,0.0,missing_in_erp,34.0,-98.0,0,
BTC006,ZORO TOILET CLEANER 500/12,0.0,0.0,0.0,missing_in_erp,235.0,-235.0,0,
BTC007,TOILET CLEANER(SAADA) 500/12,0.0,0.0,0.0,missing_in_erp,10.0,-10.0,0,
BTC008,ETMAAD TOILET CLEANER 500/12,0.0,0.0,0.0,missing_in_erp,500.0,-500.0,0,
BTC009,ETMAAD TOILET CLEANER 250/24,0.0,0.0,0.0,missing_in_erp,500.0,-500.0,0,
BTC011,ARGHAWAN TOILET CLEANER 500/12,0.0,0.0,0.0,missing_in_erp,337.0,-130.0,0,
BTC013,BRILLO TOILET CLEANER 250ML,0.0,0.0,0.0,missing_in_erp,0,-54.0,0,
CC0006,CC PITTA SADA 150/40 6KG,0.0,0.0,0.0,missing_in_erp,0,-100.0,0,
CC0007,CC BEAUTY PINK SOAP 115/48,0.0,0.0,0.0,missing_in_erp,0,-70.0,0,
CC0008,CC BEAUTY GREEN SOAP 115/48,0.0,0.0,0.0,missing_in_erp,0,-55.0,0,
CC0009,CC BEAUTY WHITE 115/48,0.0,0.0,0.0,missing_in_erp,0,-25.0,0,
CC0011,CC LAUNDRY BROWN 2 TIKKI PACK DIE (250/40),0.0,0.0,0.0,missing_in_erp,0,-100.0,0,
CC0014,CC BEAUTY MOISTURIZER SOAP 115/48,0.0,0.0,0.0,missing_in_erp,0,0,0,
CLY088,BRILLO FRUITY SOAP LEMON (SMALL),0.0,0.0,0.0,missing_in_erp,0,0,0,
CLY089,BRILLO FRUTY SOAP LEMON (LARGE),0.0,0.0,0.0,missing_in_erp,0,0,0,
CLY090,BRILLO FRUITY SOAP ORANGE (LARGE),0.0,0.0,0.0,missing_in_erp,0,0,0,
CLY091,BRILLO LAUNDRY SOAP,0.0,0.0,0.0,missing_in_erp,0,0,0,
CLY092,BRILLO PREMIUM SOAP,0.0,0.0,0.0,missing_in_erp,0,0,0,
CLY110,CYLINDER BRILLO DETERGENT RS.50,0.0,0.0,0.0,missing_in_erp,0,0,0,
CLY164,MINGLES PATTI,0.0,0.0,0.0,missing_in_erp,0,0,0,
CLY222,TAZGI GOLD WHITE SOAP,0.0,0.0,0.0,missing_in_erp,0,0,0,
CLY225,BAHAR MUSTARD OIL (SMALL),0.0,0.0,0.0,missing_in_erp,0,0,0,
CLY228,TAZGI GOLD PURPLE SOAP,0.0,0.0,0.0,missing_in_erp,0,0,0,
CLY345,NEW SILK MIDNIGHT ORCHID MILK SOAP 100GM,0.0,0.0,0.0,missing_in_erp,0,0,0,
CLY346,NEW SILK SEA MINERALS MILK SOAP 100GM,0.0,0.0,0.0,missing_in_erp,0,0,0,
CLY347,NEW SILK PEARL GLOW MILK SOAP 100GM,0.0,0.0,0.0,missing_in_erp,0,0,0,
CLY348,NEW SILK SHEA BUTTER MILK SOAP 100GM,0.0,0.0,0.0,missing_in_erp,0,0,0,
CLY349,NEW SILK ROSE MILK SOAP 100GM,0.0,0.0,0.0,missing_in_erp,0,0,0,
CLY350,NEW SILK NATURAL OLIVE MILK SOAP 100GM,0.0,0.0,0.0,missing_in_erp,0,0,0,
CLY411,KULFI,0.0,0.0,0.0,missing_in_erp,0,0,0,
CLY412,MILK  PASTEURIZED HOMOGENIZED,0.0,0.0,0.0,missing_in_erp,0,0,0,
CLY443,SHAHRAN DETERGENT RS.50,0.0,0.0,0.0,missing_in_erp,0,0,0,
CLY444,SHAHRAN DETERGENT RS.100,0.0,0.0,0.0,missing_in_erp,0,0,0,
CLY459,BOOST GLOW DETERGENT 1KG,0.0,0.0,0.0,missing_in_erp,0,0,0,
CLY460,BOOST GLOW DETERGENT 500GRAM,0.0,0.0,0.0,missing_in_erp,0,0,0,
CLY461,BOOST GLOW DETERGENT RS.50,0.0,0.0,0.0,missing_in_erp,0,0,0,
CLY462,BOOST GLOW DETERGENT RS.10,0.0,0.0,0.0,missing_in_erp,0,0,0,
CLY463,BOOST GLOW DETERGENT RS.20,0.0,0.0,0.0,missing_in_erp,0,0,0,
CLY477,LASHKARA DETERGENT RS.50,0.0,0.0,0.0,missing_in_erp,0,0,0,
CLY478,LASHKARA DETERGENT RS.100,0.0,0.0,0.0,missing_in_erp,0,0,0,
CLY556,VEGI TOMATO+CHILLI GARLIC 4KG,0.0,0.0,0.0,extra_in_erp,0,0,0,5690
CPP001,CPP MTZ 735MM 25MICRON,0.0,0.0,0.0,missing_in_erp,0,-3359.0,0,
CPP002,CPP MTZ 740MM 20MICRON,0.0,0.0,0.0,missing_in_erp,0,-975.9,0,
CPP003,CPP MTZ 915MM 25MICRON,0.0,0.0,0.0,missing_in_erp,0,-1004.4,0,
CT001,"CLEAR TAP 2""",0.0,0.0,0.0,missing_in_erp,0,-502.0,0,
CT002,"PAPER TAP 1""",0.0,0.0,0.0,missing_in_erp,0,-1044.0,0,
CT003,PLASTIC PACKING DORI,0.0,0.0,0.0,missing_in_erp,0,-625.0,0,
CT004,PP STRAPPING ROLLS,0.0,0.0,0.0,missing_in_erp,0,-14.0,0,
DR0001,SHAMPO BASE DRUM,0.0,0.0,0.0,missing_in_erp,0,0,0,
DSA001,DHAMA SADA CARTON,0.0,0.0,0.0,missing_in_erp,0,0,0,
DSN001,Dilse Nimko Big Size,0.0,0.0,0.0,missing_in_erp,2832.0,-2832.0,0,
DSN002,Dilse Nimko Small Size,0.0,0.0,0.0,missing_in_erp,0,0,0,
DT0004,BRILLO DETERGENT 50/120,0.0,0.0,0.0,missing_in_erp,2159.0,-2219.114,0,
DT0005,BRILLO DETERGENT 4KG,0.0,0.0,0.0,missing_in_erp,1584.0,-1585.0,0,
DT0007,BRILLO DETERGENT 10KG 10AD,0.0,0.0,0.0,missing_in_erp,110.0,-110.0,0,
DT0008,BRILLO DETERGENT 700/12,0.0,0.0,0.0,missing_in_erp,721.0,-721.0,0,
DT006,BAHAR DISHWASH 85/48,0.0,0.0,0.0,missing_in_erp,0,0,0,
DT1007,LASHKARA DETERGENT 55/36,0.0,0.0,0.0,missing_in_erp,0,0,0,
DT1008,LASHKARA DETERGENT 900/10,0.0,0.0,0.0,missing_in_erp,0,0,0,
DT1010,LASHKARA DETERGENT PLANT 30/120,0.0,0.0,0.0,missing_in_erp,438.0,-438.0,0,
DT1011,LASHKARA DETERGENT PLANT 4 KG/6,0.0,0.0,0.0,missing_in_erp,200.0,-200.0,0,
DT1012,LASHKARA DETERGENT PLANT 225/24,0.0,0.0,0.0,missing_in_erp,1013.0,-1013.0,0,
DT1013,LASHKARA DETERGENT PLANT 450/12,0.0,0.0,0.0,missing_in_erp,721.0,-716.0,0,
DT1014,LASHKARA DETERGENT PLANT 55/72,0.0,0.0,0.0,missing_in_erp,0,0,0,
DT1015,LASHKARA DETERGENT 300/12,0.0,0.0,0.0,missing_in_erp,0,0,0,
DT1016,LASHKARA DETERGENT 700/5+TIKKI,0.0,0.0,0.0,missing_in_erp,1418.0,-1418.0,0,
DT1018,LASHKARA DETERGENT 225/24,0.0,0.0,0.0,missing_in_erp,7102.0,-7102.0,0,
DT1019,LASHKARA DETERGENT 700/12,0.0,0.0,0.0,missing_in_erp,254.0,-254.0,0,
DT1020,LASHKARA DETERGENT PLANT 900/12 10A.D,0.0,0.0,0.0,missing_in_erp,0,0,0,
DT1021,LASHKARA DETERGENT PLANT 450/24 10A.D,0.0,0.0,0.0,missing_in_erp,0,0,0,
DT1023,LASHKARA DETERGENT 4KG 16AD,0.0,0.0,0.0,missing_in_erp,6754.0,-6684.0,0,
DT1024,LASHKARA DETERGENT 70/84 PLANT,0.0,0.0,0.0,missing_in_erp,203.0,-203.0,0,
DT1025,LASHKARA DETERGENT 800/10 10AD,0.0,0.0,0.0,missing_in_erp,0,-2.8,0,
DT1027,LASHKARA DETERGENT 65/120 10AD,0.0,0.0,0.0,missing_in_erp,227.0,-227.0,0,
DT1028,LASHKARA DETERGENT 325/12,0.0,0.0,0.0,missing_in_erp,2403.0,-2403.0,0,
DT1030,LASHKARA DETERGENT 300/24 10A.D,0.0,0.0,0.0,missing_in_erp,374.0,-374.0,0,
DT1032,LASHKARA DETERGENT 40/120 10A.D,0.0,0.0,0.0,missing_in_erp,70.0,-70.0,0,
DT1033,LASHKARA DETERGENT (800/12),0.0,0.0,0.0,missing_in_erp,155.0,-49.0,0,
DT1034,LASHKARA DETERGENT 70/120,0.0,0.0,0.0,missing_in_erp,300.0,-300.0,0,
DT1035,LASHKARA DETERGENT 600/12,0.0,0.0,0.0,missing_in_erp,25.0,-25.0,0,
DT1036,LASHKARA DETERGENT 15 KG 13A.D,0.0,0.0,0.0,missing_in_erp,5384.0,-5384.0,0,
DT1038,LASHKARA DETERGENT 20KG,0.0,0.0,0.0,missing_in_erp,1872.0,-1100.0,0,
DT1040,LASHKARA DETERGENT 5KG 10AD,0.0,0.0,0.0,missing_in_erp,200.0,-200.0,0,
DT1043,LASHKARA DETERGENT 700/15 (POWDER),0.0,0.0,0.0,missing_in_erp,200.0,-200.0,0,
DT1044,LASHKARA DETERGENT 350/30 (POWDER),0.0,0.0,0.0,missing_in_erp,200.0,-200.0,0,
DT1045,LASHKARA DETERGENT 50/120 (POWDER),0.0,0.0,0.0,missing_in_erp,100.0,-100.0,0,
DT1046,LASHKARA DETERGENT 5KG (POWDER),0.0,0.0,0.0,missing_in_erp,1000.0,-1000.0,0,
DT1047,LASHKARA DETERGENT 4KG (POWDER),0.0,0.0,0.0,missing_in_erp,220.0,-100.0,0,
DT1049,LASHKARA DETEREGENT 20KG 7A.D,0.0,0.0,0.0,missing_in_erp,40.0,-40.0,0,
DT1050,LASHKARA DETERGENT 750/10 16 A.D,0.0,0.0,0.0,missing_in_erp,150.0,-150.0,0,
DT1051,LASHKARA DETERGENT 380/12,0.0,0.0,0.0,missing_in_erp,456.0,-456.0,0,
DT1052,LASHKARA DETERGENT 160/24,0.0,0.0,0.0,missing_in_erp,2711.0,-2711.0,0,
DT1059,LASHKARA DETERGENT 700/10,0.0,0.0,0.0,missing_in_erp,50.0,-50.0,0,
DT1061,LASHKARA DETERGENT 190/24,0.0,0.0,0.0,missing_in_erp,901.0,-901.0,0,
DT1064,LASHKARA DETERGENT 20KG 10A.D,0.0,0.0,0.0,missing_in_erp,160.0,-50.0,0,
DT1066,LASHKARA DETERGENT 1000GRAM,0.0,0.0,0.0,missing_in_erp,0,-27.0,0,
DT1069,LASHKARA DETEREGENT 200/48,0.0,0.0,0.0,missing_in_erp,481.0,216.0,0,
DT1070,LASHKARA DETERGENT 225/48 10A.D,0.0,0.0,0.0,missing_in_erp,25.0,0,0,
DT1071,LASHKARA DETERGENT 450/24 10A.D,0.0,0.0,0.0,missing_in_erp,25.0,0,0,
DT1072,LASHKARA DETERGENT 25/144,0.0,0.0,0.0,missing_in_erp,171.0,0,0,
DT1073,LASHKARA DETERGENT 170/24,0.0,0.0,0.0,missing_in_erp,1055.0,0,0,
DT1074,LASHKARA DETERGENT 350/12,0.0,0.0,0.0,missing_in_erp,965.0,0,0,
DT1078,LASHKARA DETERGENT 20KG 11A.D,0.0,0.0,0.0,missing_in_erp,38.0,0,0,
DT1079,LASHKARA DETERGENT 3KG 16A.D,0.0,0.0,0.0,missing_in_erp,54.0,0,0,
DT1102,BAHAR DETERGENT 60/180,0.0,0.0,0.0,missing_in_erp,20.0,-20.0,0,
DT1104,BAHAR DETERGENT 5 KG,0.0,0.0,0.0,missing_in_erp,2871.0,-2622.0,0,
DT1108,BAHAR DETERGENT 1000/15,0.0,0.0,0.0,missing_in_erp,30.0,-30.0,0,
DT1109,BAHAR DETERGENT 1000/12,0.0,0.0,0.0,missing_in_erp,20.0,-20.0,0,
DT1112,BAHAR DETERGENT 3KG/6 12A.D,0.0,0.0,0.0,missing_in_erp,50.0,-50.0,0,
DT1113,BAHAR DETERGENT 225/24 10A.D,0.0,0.0,0.0,missing_in_erp,50.0,-95.0,0,
DT1114,BAHAR DETERGENT 450/12 10A.D,0.0,0.0,0.0,missing_in_erp,51.0,-99.0,0,
DT1115,BAHAR DETERGENT 1000/12 10A.D,0.0,0.0,0.0,missing_in_erp,50.0,-86.0,0,
DT1116,BAHAR DETERGENT 5KG 7A.D,0.0,0.0,0.0,missing_in_erp,109.0,-95.0,0,
DT1117,BAHAR DETERGET 4KG 10A.D,0.0,0.0,0.0,missing_in_erp,250.0,-200.0,0,
DT1118,BAHAR DETERGET 4KG 16A.D,0.0,0.0,0.0,missing_in_erp,210.0,0,0,
DT1119,BAHAR DETERGENT 20KGS 13A.D,0.0,0.0,0.0,missing_in_erp,411.0,0,0,
DT1120,BAHAR DETERGENT 500/30,0.0,0.0,0.0,missing_in_erp,40.0,-30.0,0,
DT1121,BAHAR DETERGENT 20KG 12A.D,0.0,0.0,0.0,missing_in_erp,100.0,0,0,
DT1123,BAHAR DETERGENT 4KG/6 10 AD,0.0,0.0,0.0,missing_in_erp,17.0,0,0,
DT1124,BAHAR DETERGENT 5KG/6 10 AD,0.0,0.0,0.0,missing_in_erp,17.0,0,0,
DT1125,BAHAR DETERGENT 20KG 7AD,0.0,0.0,0.0,missing_in_erp,10.0,0,0,
DT2001,TRAIN DETERGENT 350/24,0.0,0.0,0.0,missing_in_erp,20.0,-20.0,0,
DT2012,TRAIN DETERGENT 1000/10 12 A.D,0.0,0.0,0.0,missing_in_erp,4806.0,-4806.0,0,
DT2018,TRAIN DETERGENT 25KG 10AD,0.0,0.0,0.0,missing_in_erp,1090.0,-1121.0,0,
DT2024,TRAIN DETERGENT PLANT 80/120 10AD,0.0,0.0,0.0,missing_in_erp,406.0,-406.0,0,
DT2026,TRAIN DETERGENT PLANT 70/72 10AD,0.0,0.0,0.0,missing_in_erp,0,0,0,
DT2028,TRAIN DETERGENT 50KG PLANT 7AD,0.0,0.0,0.0,missing_in_erp,98.0,-47.0,0,
DT2032,TRAIN DETERGENT 4KG PLANT 13A.D,0.0,0.0,0.0,missing_in_erp,11937.0,-11937.0,0,
DT2035,TRAIN DETERGENT 20KG 13A.D,0.0,0.0,0.0,missing_in_erp,7002.0,-7002.0,0,
DT2037,TRAIN DETERGENT 25KG 7A.D,0.0,0.0,0.0,missing_in_erp,716.0,-713.0,0,
DT2038,TRAIN DETERGENT 65/120 PLANT 13A.D,0.0,0.0,0.0,missing_in_erp,100.0,-100.0,0,
DT2039,TRAIN DETERGENT 700/12 PLANT,0.0,0.0,0.0,missing_in_erp,530.0,-530.0,0,
DT2040,TRAIN DETERGENT 30KG 10AD PLANT,0.0,0.0,0.0,missing_in_erp,0,0,0,
DT2044,TRAIN DETERGENT 40KG 7AD,0.0,0.0,0.0,missing_in_erp,218.0,-157.0,0,
DT2045,Train Detergent 30kg 7AD,0.0,0.0,0.0,missing_in_erp,131.0,-131.0,0,
DT2047,TRAIN DETERGENT 5KG 12AD,0.0,0.0,0.0,missing_in_erp,405.0,-325.0,0,
DT2050,TRAIN DETERGENT 4KG 10AD MANUAL,0.0,0.0,0.0,missing_in_erp,1636.0,-1636.0,0,
DT2053,TRAIN DETERGENT 15KG 13A.D,0.0,0.0,0.0,missing_in_erp,4325.0,-4325.0,0,
DT2055,TRAIN DETERGENT 35 KG 10AD,0.0,0.0,0.0,missing_in_erp,77.0,-77.0,0,
DT2058,TRAIN DETERGENT 25/72 10A.D,0.0,0.0,0.0,missing_in_erp,9857.0,-9305.0,0,
DT2059,TRAIN DETERGENT 1000/10 13 A.D GREEN,0.0,0.0,0.0,missing_in_erp,190.0,-190.0,0,
DT2061,TRAIN DETERGENT 5KG BAG 7A.D,0.0,0.0,0.0,missing_in_erp,1000.0,-894.0,0,
DT2063,TRAIN DETERGENT 4KG 7A.D BAG,0.0,0.0,0.0,missing_in_erp,2710.0,-2220.0,0,
DT2064,TRAIN DETERGENT 360/12 12A.D,0.0,0.0,0.0,missing_in_erp,1495.0,-1495.0,0,
DT2067,TRAIN DETERGENT 500/24 13A.D,0.0,0.0,0.0,missing_in_erp,130.0,-127.0,0,
DT2072,TRAIN DETERGENT 35KG 13A.D,0.0,0.0,0.0,missing_in_erp,1000.0,-1000.0,0,
DT2076,TRAIN DETERGENT 400/24 12A.D,0.0,0.0,0.0,missing_in_erp,489.0,0,0,
DT2077,TRAIN DETERGENT 30/144 10A.D,0.0,0.0,0.0,missing_in_erp,175.0,0,0,
DT2078,TRAIN DETERGENT 1000/24 10A.D,0.0,0.0,0.0,missing_in_erp,30.0,50.0,0,
DT2079,TRAIN DETERGENT 30/144 12A.D,0.0,0.0,0.0,missing_in_erp,506.0,-3.0,0,
DT2081,TRAIN DETERGENT 30/180 10AD,0.0,0.0,0.0,missing_in_erp,262.0,0,0,
DT2082,TRAIN DETERGENT 225/50 10AD,0.0,0.0,0.0,missing_in_erp,199.0,0,0,
DT2083,TRAIN DETERGENT 450/25 10AD,0.0,0.0,0.0,missing_in_erp,99.0,0,0,
DT2084,TRAIN DETERGENT 1000/15 10AD,0.0,0.0,0.0,missing_in_erp,101.0,0,0,
DT2085,TRAIN DETERGENT 500/30 10AD,0.0,0.0,0.0,missing_in_erp,100.0,0,0,
DT2086,TRAIN DETERGENT 1000/24 12A.D,0.0,0.0,0.0,missing_in_erp,80.0,0,0,
DT2088,TRAIN DETERGENT 1000/15 12AD,0.0,0.0,0.0,missing_in_erp,20.0,0,0,
DT2089,TRAIN DETERGENT 30/180 12AD,0.0,0.0,0.0,missing_in_erp,668.0,0,0,
DT2091,TRAIN DETERGENT 360/12 10AD SINDH,0.0,0.0,0.0,missing_in_erp,130.0,0,0,
DT3001,DETERGENT 20KG PLANT 10AD,0.0,0.0,0.0,missing_in_erp,568.0,-508.0,0,
DT3009,DETERGENT 23A.D,0.0,0.0,0.0,missing_in_erp,11990.0,-7895.0,0,
DT3021,DETERGENT 11 AD,0.0,0.0,0.0,missing_in_erp,0,500.0,0,
DT4001,BACHAT DETERGENT POWDER 350/12,0.0,0.0,0.0,missing_in_erp,33653.0,-31810.0,0,
DT4002,BACHAT DETERGENT POWDER 180/24,0.0,0.0,0.0,missing_in_erp,5010.0,-4500.0,0,
DT4003,BACHAT DETERGENT 700/12 GRMS,0.0,0.0,0.0,missing_in_erp,15327.0,25773.0,40651.0,
DT4004,BAG BACHAT DETERGENT 375GRMS,0.0,0.0,0.0,missing_in_erp,7518.0,18815.0,26333.0,
DT4005,BACHAT DETERGENT POWDER 50/48,0.0,0.0,0.0,missing_in_erp,754.0,-754.0,0,
DT4006,BAG BACHAT DETERGENT 50GRMS,0.0,0.0,0.0,missing_in_erp,0,0,0,
DT4007,BACHAT DETERGENT 250/24,0.0,0.0,0.0,missing_in_erp,2259.0,-2259.0,0,
DT4008,BACHAT DETERGENT 50/72,0.0,0.0,0.0,missing_in_erp,22.0,-22.0,0,
DT4009,BACHAT DETERGENT 35/120,0.0,0.0,0.0,missing_in_erp,1989.0,-1908.0,0,
DT4010,BOXER DETERGENT 25/204,0.0,0.0,0.0,missing_in_erp,553.0,-553.0,0,
DT4011,BOXER DETERGENT 90/60,0.0,0.0,0.0,missing_in_erp,694.0,-598.0,0,
DT4012,BACHAT DETERGENT 900/12,0.0,0.0,0.0,missing_in_erp,2097.0,-2097.0,0,
DT4013,BOXER DETERGENT 25/120,0.0,0.0,0.0,missing_in_erp,139.0,-139.0,0,
DT4014,BACHAT DETERGENT 1000/12,0.0,0.0,0.0,missing_in_erp,1057.0,-788.0,0,
DT4015,BACHAT DETERGENT 4KG/5,0.0,0.0,0.0,missing_in_erp,453.0,-10.0,0,
DT4016,BACHAT DETERGENT 4KG,0.0,0.0,0.0,missing_in_erp,2035.0,-2035.0,0,
DT4017,BOXER DETERGENT 500/24,0.0,0.0,0.0,missing_in_erp,208.0,1.0,0,
DT4018,BACHAT DETERGENT 400/12,0.0,0.0,0.0,missing_in_erp,830.0,0,0,
DT4043,ARGWAN DETERGENT 5/6 12AD,0.0,0.0,0.0,missing_in_erp,101.0,0,0,
DT5004,LASHKARA DETERGENT NO.19 10KG,0.0,0.0,0.0,missing_in_erp,0,0,0,
DT5005,LASHKARA DETERGENT NO.19 1000/10,0.0,0.0,0.0,missing_in_erp,685.0,-685.0,0,
DT5007,LASHKARA DETERGENT NO.19 500/12,0.0,0.0,0.0,missing_in_erp,646.0,-646.0,0,
DT5012,LASHKARA DETERGENT NO.19 360/12,0.0,0.0,0.0,missing_in_erp,70.0,0,0,
DT6004,TRAIN DETERGENT NO.19 10KG,0.0,0.0,0.0,missing_in_erp,40.0,-40.0,0,
DT6007,TRAIN DETERGENT NO.19 500/12,0.0,0.0,0.0,missing_in_erp,80.0,-60.0,0,
DT6009,TRAIN DETERGENT NO.19 360/12,0.0,0.0,0.0,missing_in_erp,120.0,0,0,
DT7005,RAHIL DETEGENT 1KG/15,0.0,0.0,0.0,missing_in_erp,2105.0,-1882.0,0,
DT7006,RAHIL DETERGENT 15KG,0.0,0.0,0.0,missing_in_erp,1460.0,-200.0,0,
DT7007,RAHIL DETERGENT 400/25,0.0,0.0,0.0,missing_in_erp,1897.0,-1897.0,0,
DT7010,MOMIN DETERGENT 10 KG,0.0,0.0,0.0,missing_in_erp,10140.0,-4643.0,0,
DT7011,RAHIL DETERGENT 800/12,0.0,0.0,0.0,missing_in_erp,234.0,-234.0,0,
DT7012,RAHIL DETERGENT 5/4 13A.D,0.0,0.0,0.0,missing_in_erp,2882.0,-2882.0,0,
DT7013,RAHIL DETERGENT 10KG 10AD,0.0,0.0,0.0,missing_in_erp,52.0,-52.0,0,
DT7014,RAHIL DETERGENT 5/4,0.0,0.0,0.0,missing_in_erp,0,0,0,
DT7017,MOMAN DETERGENT 10KG 12.5AD,0.0,0.0,0.0,missing_in_erp,1798.0,-1748.0,0,
DT7018,ARGWAN DETERGENT 10KG 12 A.D,0.0,0.0,0.0,missing_in_erp,2353.0,-1721.0,0,
DT7021,Momin Detergent 20kg 12.5 AD,0.0,0.0,0.0,missing_in_erp,1645.0,-1545.0,0,
DT7023,MOMIN DETERGENT 10KG 10A.D,0.0,0.0,0.0,missing_in_erp,655.0,-339.0,0,
DT7024,RAHIL DETERGENT 3/5 13AD,0.0,0.0,0.0,missing_in_erp,176.0,-176.0,0,
DT7025,RAHIL DETERGENT 2/10 13A.D,0.0,0.0,0.0,missing_in_erp,31.0,-31.0,0,
DT7029,MOMIN DETERGENT 5KG/4 12 AD,0.0,0.0,0.0,missing_in_erp,173.0,-173.0,0,
DT7030,RAHIL DETERGENT 500/24 12A.D,0.0,0.0,0.0,missing_in_erp,298.0,140.0,0,
DT7032,RAHIL DETERGENT 1KG/16 13A.D,0.0,0.0,0.0,missing_in_erp,1.0,0,0,
DT7033,RAHIL DETERGENT 25KG 7AD,0.0,0.0,0.0,missing_in_erp,30.0,0,0,
DT7036,DETERGENT 25KG 7AD,0.0,0.0,0.0,missing_in_erp,35.0,0,0,
DT7040,MOMIN DETERGENT 5KG/5 10A.D,0.0,0.0,0.0,missing_in_erp,10.0,0,0,
DT8005,SAFA DETERGENT 10KG,0.0,0.0,0.0,missing_in_erp,42193.0,-24455.0,0,
DT8006,BOXER DETERGENT 1000/12 18A.D,0.0,0.0,0.0,missing_in_erp,3116.0,-2699.0,0,
DT8009,SAFA DETERGENT 2/10 KG 12.5AD,0.0,0.0,0.0,missing_in_erp,0,0,0,
DT8013,RASHID DETERGENT 10KG 10A.D,0.0,0.0,0.0,missing_in_erp,3775.0,-3714.0,0,
DT8014,SAFA DETERGENT 10KG 10AD MANUAL,0.0,0.0,0.0,missing_in_erp,10.0,-10.0,0,
DT8015,ARGHAWAN DETERGENT 4KG/8 12 AD,0.0,0.0,0.0,missing_in_erp,832.0,-431.0,0,
DT8016,RAHIL DETERGENT 1/10 18AD,0.0,0.0,0.0,missing_in_erp,129.0,-76.0,0,
DT8021,ARGHAWAN DETERGENT 4KG 7A.D,0.0,0.0,0.0,missing_in_erp,612.0,-612.0,0,
DT8023,RASHID DETERGENT 20KG 10A.D,0.0,0.0,0.0,missing_in_erp,317.0,-151.0,0,
DT8024,SAFA DETERGENT 3KG/5 12AD,0.0,0.0,0.0,missing_in_erp,144.0,-96.0,0,
DT8025,RAHIL DETERGENT 25KG 12.5A.D,0.0,0.0,0.0,missing_in_erp,698.0,35.0,0,
DT8026,MOMIN DETERGENT 20KG 7A.D,0.0,0.0,0.0,missing_in_erp,831.0,50.0,0,
DT8030,RAHIL DETERGENT 25KG 10AD,0.0,0.0,0.0,missing_in_erp,137.0,51.0,0,
DT8031,ARGHAWAN DETERGENT 3KG/10 12A.D,0.0,0.0,0.0,missing_in_erp,126.0,41.0,0,
DT8033,BAHARAN DETERGENT 10KG (EXPORT QUAILTY),0.0,0.0,0.0,missing_in_erp,7000.0,3500.0,0,
DT8034,IFS DETERGENT 20KG 13AD (EXPORT),0.0,0.0,0.0,missing_in_erp,1291.0,0,0,
DT8035,IFS DETERGENT 15KG 13AD (EXPORT),0.0,0.0,0.0,missing_in_erp,612.0,0,0,
DT8036,BOSTAN DETERGENT 10KGS,0.0,0.0,0.0,missing_in_erp,3009.0,-21.0,0,
DT8037,BOSTAN DETERGENT 20KGS,0.0,0.0,0.0,missing_in_erp,2054.0,-48.0,0,
DT8041,RAHIL DETERGENT 20KG 12AD,0.0,0.0,0.0,missing_in_erp,104.0,0,0,
DT8045,RAHIL DETERGENT 2/10 12AD,0.0,0.0,0.0,missing_in_erp,126.0,0,0,
DT8047,HUMBER DETERGENT 20KG,0.0,0.0,0.0,missing_in_erp,0,0,0,
DT9003,JAGMAG DETERGENT 850/12,0.0,0.0,0.0,missing_in_erp,0,-80.0,0,
DT9006,JAGMAG DETERGENT 5/6,0.0,0.0,0.0,missing_in_erp,32.0,-32.0,0,
DT9011,JAGMAG DETERGENT 40/120,0.0,0.0,0.0,missing_in_erp,1389.0,-1389.0,0,
DT9012,JAGMUG DETERGENT BASE 12 KG,0.0,0.0,0.0,missing_in_erp,231.0,-231.0,0,
DT9013,JAGMAG DETERGENT 30KG,0.0,0.0,0.0,missing_in_erp,78.0,-78.0,0,
DT9018,JAGMAG DETERGENT 3KG 18A.D,0.0,0.0,0.0,missing_in_erp,2393.0,-1000.0,0,
DT9019,JAGMAG DETERGENT 500/12,0.0,0.0,0.0,missing_in_erp,826.0,-826.0,0,
DT9021,JAGMAG DETERGENT 50/72,0.0,0.0,0.0,missing_in_erp,440.0,-440.0,0,
DT9022,JAGMAG DETERGENT 500/12 18A.D,0.0,0.0,0.0,missing_in_erp,100.0,-100.0,0,
DT9023,JAGMAG DETERGENT 1000/6 18A.D,0.0,0.0,0.0,missing_in_erp,0,0,0,
DT9024,JAGMAG DETERGENT 55/72,0.0,0.0,0.0,missing_in_erp,115.0,-115.0,0,
DT9025,JAGMAG DETERGENT 65/120,0.0,0.0,0.0,missing_in_erp,317.0,-328.0,0,
DT9028,JAGMAG DETERGENT 35/72 18AD,0.0,0.0,0.0,missing_in_erp,314.0,-314.0,0,
DT9032,JUGMUG DETERGENT 50/120 13 A.D,0.0,0.0,0.0,missing_in_erp,56.0,-56.0,0,
DT9033,JAGMAG DETERGENT 1000/12 13 A.D BAG,0.0,0.0,0.0,missing_in_erp,50.0,-50.0,0,
DT9034,JAGMAG DETERGENT 500/24 13 A.D BAG,0.0,0.0,0.0,missing_in_erp,50.0,-50.0,0,
DT9036,JAGMAG DETERGENT 250/48 18.AD,0.0,0.0,0.0,missing_in_erp,25.0,-25.0,0,
DT9037,JAGMAG DETERGENT 150/48 18.AD,0.0,0.0,0.0,missing_in_erp,10.0,-10.0,0,
DT9040,JAGMAG DETERGENT 20KG 18A.D,0.0,0.0,0.0,missing_in_erp,20.0,-20.0,0,
DT9042,JAGMAG DETERGENT 25/120 18A.D,0.0,0.0,0.0,missing_in_erp,51.0,0,0,
DT9043,JUGMAG DETERGENT 500GRAM 18A.D(PCS),0.0,0.0,0.0,missing_in_erp,2.0,0,0,
DT9044,JAGMUG DETERGENT 25/180 (14 AD),0.0,0.0,0.0,missing_in_erp,474.0,0,0,
DT9901,TRAIN DETERGENT 40KG,0.0,0.0,0.0,missing_in_erp,20.0,-20.0,0,
DT9902,DETERGENT 50 KG BAG,0.0,0.0,0.0,missing_in_erp,26.0,-26.0,0,
DT9991,DETERGENT 30 KG BAG 13A.D,0.0,0.0,0.0,missing_in_erp,644.0,-644.0,0,
DT99913,SAGA DETERGENT 600/12,0.0,0.0,0.0,missing_in_erp,2053.0,-2053.0,0,
DT99914,SAGA DETERGENT 60/72,0.0,0.0,0.0,missing_in_erp,21.0,-21.0,0,
DT99915,SAGA DETERGENT 35/120,0.0,0.0,0.0,missing_in_erp,2771.0,-1865.0,0,
DT99917,SAGA DETERGENT 4KG 14A.D,0.0,0.0,0.0,missing_in_erp,10.0,-10.0,0,
DT9992,DETERGENT 25 KG BAG,0.0,0.0,0.0,missing_in_erp,216.0,-216.0,0,
DT99920,SAGA DETERGENT 450/24,0.0,0.0,0.0,missing_in_erp,217.0,-57.0,0,
DT99921,SAGA DETERGENT 900/12,0.0,0.0,0.0,missing_in_erp,190.0,-100.0,0,
DT99922,SAGA DETERGENT 425/24,0.0,0.0,0.0,missing_in_erp,0,0,0,
DT99923,SAGA DETERGENT 15KG,0.0,0.0,0.0,missing_in_erp,674.0,-1.0,0,
DT99924,SAGA DETERGENT 175/48,0.0,0.0,0.0,missing_in_erp,0,100.0,0,
DT99927,SAGA DETERGENT 360/24 (YELLOW),0.0,0.0,0.0,missing_in_erp,370.0,0,0,
DT9993,COTTON DETERGENT 65/72,0.0,0.0,0.0,missing_in_erp,1170.0,-1170.0,0,
DT99930,SAGA DETERGENT 800/12,0.0,0.0,0.0,missing_in_erp,50.0,0,0,
DT9995,SAGA DETERGENT 700/12,0.0,0.0,0.0,missing_in_erp,2929.0,-3519.0,0,
DT9996,SAGA DETERGENT 200/36,0.0,0.0,0.0,missing_in_erp,3093.0,-3380.0,0,
DTC003,BOXER TOILET CLEANER 500/12,0.0,0.0,0.0,missing_in_erp,85.0,-85.0,0,
DTG001,SAMARA GOLD DETERGENT 500/24,0.0,0.0,0.0,missing_in_erp,449.0,0,0,
DTG002,SAMARA GOLD DETERGENT 1000/12,0.0,0.0,0.0,missing_in_erp,924.0,0,0,
DTJ-0001,AL JAZEERA DETERGENT 4KG 10AD,0.0,0.0,0.0,missing_in_erp,250.0,-394.0,0,
DTS-1002,STAR DETERGENT (500/12),0.0,0.0,0.0,missing_in_erp,6296.5,-6298.0,0,
DTS-1003,STAR DETERGENT (170/30),0.0,0.0,0.0,missing_in_erp,5701.508,-5653.8,0,
DTS-1004,STAR DETERGENT 450/24 GRAM,0.0,0.0,0.0,missing_in_erp,833.0,-542.0,0,
DTS-1005,STAR DETERGENT 4/4KG,0.0,0.0,0.0,missing_in_erp,5617.0,-5330.0,0,
DTS-1011,STAR DETERGENT 850 GRAM,0.0,0.0,0.0,missing_in_erp,4.0,-4.0,0,
DTS-1012,STAR DETERGENT 70 GRAM,0.0,0.0,0.0,missing_in_erp,24.0,-24.0,0,
DTS-1013,STAR DETERGENT 1000/12,0.0,0.0,0.0,missing_in_erp,5287.0,-4594.0,0,
DTS-1014,STAR DETERGENT LOSE 50KG,0.0,0.0,0.0,missing_in_erp,126.0,-101.0,0,
DTS-1015,STAR DETERGENT 350/24,0.0,0.0,0.0,missing_in_erp,1643.14,-1793.14,0,
DTS-1016,STAR DETERGENT 30/144,0.0,0.0,0.0,missing_in_erp,1888.36,-1658.36,0,
DTS002,SHINE ZO DETERGENT 500/24,0.0,0.0,0.0,missing_in_erp,569.0,0,0,
DTT001,TOWER DETERGENT 30/180 12AD,0.0,0.0,0.0,missing_in_erp,1900.0,-511.0,0,
DTT002,TOWER DETERGENT 200/50 12AD,0.0,0.0,0.0,missing_in_erp,341.0,1007.0,0,
DTT003,TOWER DETERGENT 400/25 12AD,0.0,0.0,0.0,missing_in_erp,139.0,1354.0,0,
DTT004,TOWER DETERGENT 800/15 12AD,0.0,0.0,0.0,missing_in_erp,72.0,448.0,0,
DTT009,TOWER DETERGENT 4KG 16AD,0.0,0.0,0.0,missing_in_erp,505.0,0,0,
DTT017,SKY WASH 20/144 18AD,0.0,0.0,0.0,missing_in_erp,4736.0,0,0,
DTT021,TOWER DETERGENT 4KG/6 14A.D,0.0,0.0,0.0,missing_in_erp,82.0,0,0,
DTT022,TOWER DETERGENT 5KG/5 14A.D,0.0,0.0,0.0,missing_in_erp,24.0,0,0,
DTT028,SKY DTERGENT 5KG 18AD,0.0,0.0,0.0,missing_in_erp,20.0,0,0,
DTT029,TOWER DETERGENT 4KG 12A.D,0.0,0.0,0.0,missing_in_erp,10.0,0,0,
DTT030,TOWER DETERGENT 5KG 12A.D,0.0,0.0,0.0,missing_in_erp,40.0,0,0,
DW0001,BAHAR DISHWASH BAR 110/36,0.0,0.0,0.0,missing_in_erp,10253.0,-10253.0,0,
DW0003,BAHAR DISHWASH MLB 75/48,0.0,0.0,0.0,missing_in_erp,3831.0,-3831.0,0,
DW0005,BAHAR DISHWASH 60/36,0.0,0.0,0.0,missing_in_erp,3187.0,-2526.0,0,
DW0007,BAHAR DISHWASH 150/36,0.0,0.0,0.0,missing_in_erp,0,0,0,
DW1016,TRAIN DISHWASH JUMBO 300/18 EXTRA,0.0,0.0,0.0,missing_in_erp,1400.0,-1400.0,0,
DW1017,STAR DISHWASH BAR 55/72,0.0,0.0,0.0,missing_in_erp,5282.0,-1307.0,0,
DW1019,STAR DISHWASH 250/36,0.0,0.0,0.0,missing_in_erp,1721.0,-636.0,0,
DW1024,TRAIN DISHWASH 240/40,0.0,0.0,0.0,missing_in_erp,50.0,40.0,0,
DW1026,TRAIN DISHWASH LONG BAR 300/24,0.0,0.0,0.0,missing_in_erp,0,0,0,
DW2008,RING DISHWASH GOLA 80/48,0.0,0.0,0.0,missing_in_erp,7253.0,-7253.0,0,
DW2010,RING GOLA 240/24,0.0,0.0,0.0,missing_in_erp,3434.0,-3365.0,0,
DW2013,RING DISHWASH 100/36,0.0,0.0,0.0,missing_in_erp,1011.0,-1011.0,0,
DW2015,RING GOLA 300/24,0.0,0.0,0.0,missing_in_erp,626.0,-626.0,0,
DW2016,RING DISHWASH 120/36(Train Quality),0.0,0.0,0.0,missing_in_erp,1375.0,-774.0,0,
DW2019,RING DISHWASH 70/72,0.0,0.0,0.0,missing_in_erp,1177.0,-673.0,0,
DW2021,RING DISHWASH 240/18,0.0,0.0,0.0,missing_in_erp,104.0,0,0,
DW3001,OLYMPIA NO 1 DISH WASH 80/108,0.0,0.0,0.0,missing_in_erp,1339.0,-1339.0,0,
DW3002,OLYMPIA  NO 1 DISH WASH 90/108,0.0,0.0,0.0,missing_in_erp,6250.0,-6250.0,0,
DW3003,OLYMPIA NO 1 DISH WASH 85/108,0.0,0.0,0.0,missing_in_erp,4448.0,-4448.0,0,
DW3004,OLYMPIA NO.1 DISHWASH 70/48,0.0,0.0,0.0,missing_in_erp,32332.0,-32332.0,0,
DW3005,OLYMPIA NO.1 DISHWASH 230/36,0.0,0.0,0.0,missing_in_erp,15311.0,-15311.0,0,
DW3006,OLYMPIA NO.1 DISHWASH 80/48,0.0,0.0,0.0,missing_in_erp,15651.0,-15651.0,0,
DW3007,OLYMPIA NO.1 DISHWASH 250/36,0.0,0.0,0.0,missing_in_erp,510.0,-510.0,0,
DW4003,BRILLO DISHWASH LIQUID 450/12,0.0,0.0,0.0,missing_in_erp,377.0,0,0,
DW4004,BRILLO DISHWASH LIQUID 475/12 (YELLOW),0.0,0.0,0.0,missing_in_erp,3418.163,-3095.0,0,
DW4005,BRILLO DISHWASH LIQUID 475/12 (GREEN),0.0,0.0,0.0,missing_in_erp,1829.04,-1655.8,0,
DW4006,BRILLO DISHWASH LIQUID 475/12 (ORANGE),0.0,0.0,0.0,missing_in_erp,2599.0,-2424.0,0,
DW4008,BRILLO DISHWASH LIQUID 475/12 ORANGE,0.0,0.0,0.0,missing_in_erp,112.0,-120.0,0,
DW4009,BRILLO DISHWASH LIQUID 475ML,0.0,0.0,0.0,missing_in_erp,0,-11.0,0,
DW5004,PUNJAB LIQUID DISHWASH 475ML/12 (ORANGE),0.0,0.0,0.0,missing_in_erp,899.0,-899.0,0,
DW5005,PUNJAB LIQUID DISHWASH 475ML/12 (LEMON),0.0,0.0,0.0,missing_in_erp,756.0,-756.0,0,
DW5006,Punjab Dishwash 60/36,0.0,0.0,0.0,missing_in_erp,2646.0,-2646.0,0,
DW7004,TIGON D/W BAR 120/72,0.0,0.0,0.0,missing_in_erp,1149.0,-1149.0,0,
DW7005,TIGON D/W BAR 240/36,0.0,0.0,0.0,missing_in_erp,513.0,-513.0,0,
DW7006,TIGON D/W BAR 120/36,0.0,0.0,0.0,missing_in_erp,921.0,-921.0,0,
DW7007,TIGON D/W BAR 320/24,0.0,0.0,0.0,missing_in_erp,204.0,-204.0,0,
DW7009,SAGA DISHWASH 110/72,0.0,0.0,0.0,missing_in_erp,489.0,-489.0,0,
DW7013,SAGA DISHWASH 210/24 LONG BAR,0.0,0.0,0.0,missing_in_erp,225.0,-225.0,0,
DW7014,SAGA DISHWASH 130/36 GREEN,0.0,0.0,0.0,missing_in_erp,173.0,-173.0,0,
DW7017,SAGA DISHWASH 110/36,0.0,0.0,0.0,missing_in_erp,3310.0,-468.0,0,
DW7019,SAGA DISHWASH 55/36,0.0,0.0,0.0,missing_in_erp,1466.0,-412.0,0,
DW7020,SAGA DISHWASH 275/32,0.0,0.0,0.0,missing_in_erp,113.0,0,0,
DW8001,RIM DISHWASH 60/72,0.0,0.0,0.0,missing_in_erp,11875.0,-10032.0,0,
DW8002,RIM DISHWASH 120/36,0.0,0.0,0.0,missing_in_erp,6827.0,-3477.0,0,
DW8044,RAHIL DETERGENT 2/10 12AD,0.0,0.0,0.0,missing_in_erp,0,0,0,
DW9004,Bachat DishWash 100/36,0.0,0.0,0.0,missing_in_erp,4769.0,-4064.0,0,
DW9005,BACHAT DISHWASH 110/36,0.0,0.0,0.0,missing_in_erp,8737.0,-8255.0,0,
DW9006,BACHAT LIQUID 500/12,0.0,0.0,0.0,missing_in_erp,1.0,-1.0,0,
DW9010,RAHIL DISHWASH LIQUID 475/12,0.0,0.0,0.0,missing_in_erp,893.0,-885.0,0,
DW9012,BOXER DISHWASH 100/48,0.0,0.0,0.0,missing_in_erp,4341.0,-3939.0,0,
DW9013,BOXER DISHWASH 140/48 16A.D,0.0,0.0,0.0,missing_in_erp,0,0,0,
DW9017,BOXER DISHWASH 200/24,0.0,0.0,0.0,missing_in_erp,5476.0,-4362.0,0,
DW9019,BOXER DISHWASH LIQUID 475/12 LEMON,0.0,0.0,0.0,missing_in_erp,825.0,-825.0,0,
DW9021,ARGHAWAN DETERGENT 4 KG 7 AD,0.0,0.0,0.0,missing_in_erp,0,0,0,
DW9023,BACHAT DISHWASH 200/36,0.0,0.0,0.0,missing_in_erp,1630.0,-918.0,0,
DW9024,BOXER DISHWASH LIQUID 475/12 (ORANGE),0.0,0.0,0.0,missing_in_erp,457.0,-367.0,0,
DW9027,ARGHAWAN DISHWASH LIQUID 5KG/4,0.0,0.0,0.0,missing_in_erp,132.0,-10.0,0,
DW9028,BOXER DISHWASH 180/24 13.5AD,0.0,0.0,0.0,missing_in_erp,187.0,-187.0,0,
DW9029,BACHAT DISHWASH 60/48,0.0,0.0,0.0,missing_in_erp,0,186.0,0,
DW9030,BAHAR DISHWASH LIQUID 5KGS,0.0,0.0,0.0,missing_in_erp,0,2.0,0,
DW9032,BLUESTAR DISHWASH LIQUID 320/24,0.0,0.0,0.0,missing_in_erp,433.0,0,0,
DW9033,BAHAR DISHWASH LIQUID BOTTAL 900ML,0.0,0.0,0.0,missing_in_erp,1.0,0,0,
DWB004,TRAIN PITTA 7 KG (350/20),0.0,0.0,0.0,missing_in_erp,0,-100.0,0,
DWB008,LASHKARA PITTA PURE SADA NOOR 150/40,0.0,0.0,0.0,missing_in_erp,0,-365.0,0,
DWM005,FINE LIFE D/W LIQUID POUCH 1000/12,0.0,0.0,0.0,extra_in_erp,0,0,0,5695
L00001,LOOSE DETERGENT POWDER,0.0,0.0,0.0,missing_in_erp,2000.0,-2000.0,0,
LDM002,LD MILKY SHEET 615MM 30MICRON,0.0,0.0,0.0,missing_in_erp,0,-651.1,0,
LDM006,LD MILKY SHEET 645MM 30MICRON,0.0,0.0,0.0,missing_in_erp,0,-1003.8,0,
LDM007,LD MILKY SHEET 705MM 50 MICRON,0.0,0.0,0.0,missing_in_erp,0,-422.2,0,
LDM008,LD MILKY SHEET 470MM 30MICRON,0.0,0.0,0.0,missing_in_erp,0,-941.1,0,
LDM014,LD MILKY SHEET 915MM 50 MICRON,0.0,0.0,0.0,missing_in_erp,0,-713.6,0,
LDM015,LD MILKY SHEET 785MM 50 MICRON,0.0,0.0,0.0,missing_in_erp,0,-333.7,0,
LDM018,LD MILKY SHEET 650MM 25 MICRON,0.0,0.0,0.0,missing_in_erp,0,-323.5,0,
LDM023,LD MILKY SHEET 465MM 50 MICRON,0.0,0.0,0.0,missing_in_erp,0,-1013.9,0,
LDM024,LD MILKY SHEET 725MM 100 MICRON,0.0,0.0,0.0,missing_in_erp,0,-1007.4,0,
LDM028,LD MILKY SHEET 550MM 30MICRON,0.0,0.0,0.0,missing_in_erp,0,-979.4,0,
LDM029,LD MILKY SHEET 735MM 90 MICRON,0.0,0.0,0.0,missing_in_erp,0,-963.5,0,
LDM031,LD MILKY SHEET 620MM 80 MICRON,0.0,0.0,0.0,missing_in_erp,0,-1005.2,0,
LDM032,LD MILKY SHEET 500MM 50 MICRON,0.0,0.0,0.0,missing_in_erp,0,-322.4,0,
LDM036,LD NATURAL SHEET 710MM 30 MICRON,0.0,0.0,0.0,missing_in_erp,0,-346.3,0,
LDM037,LD MILKY SHEET 655MM 50 MICRON,0.0,0.0,0.0,missing_in_erp,0,-305.9,0,
LDM040,LD MILKY SHEET 815MM 40 MICRON,0.0,0.0,0.0,missing_in_erp,0,-326.4,0,
LDM041,LD MILKY SHEET 740MM 50 MICRON,-0.0,0.0,-0.0,missing_in_erp,0,-717.9,0,
LDM042,LD NATURAL SHEET 810MM 30 MICRON,0.0,0.0,0.0,missing_in_erp,0,-347.3,0,
LDM044,LD NATURAL SHEET 795MM 30 MICRON,0.0,0.0,0.0,missing_in_erp,0,-360.6,0,
LDM045,LD MILKY SHEET 800MM 100 MICRON,0.0,0.0,0.0,missing_in_erp,0,-765.2,0,
LDM048,LD MILKY SHEET 625MM 30 MICRON,0.0,0.0,0.0,missing_in_erp,0,-452.6,0,
LDM051,LD MILKY SHEET 700MM 30 MICRON,0.0,0.0,0.0,missing_in_erp,0,-401.6,0,
LDM052,LD MILKY SHEET 470MM 65 MICRON,0.0,0.0,0.0,missing_in_erp,0,-888.0,0,
LDM055,LD MILKY SHEET 615MM 80 MICRON,0.0,0.0,0.0,missing_in_erp,0,-390.5,0,
LDM056,LD MILKY SHEET 490MM 50MICRON,0.0,0.0,0.0,missing_in_erp,0,-393.1,0,
LDM057,LD MILKY SHEET 785MM 100 MICRON,0.0,0.0,0.0,missing_in_erp,0,-357.8,0,
LDM058,LD MILKY SHEET 620MM 40MICRON,0.0,0.0,0.0,missing_in_erp,0,-428.6,0,
LDM060,LD MILKY SHEET 910MM 80 MICRON,0.0,0.0,0.0,missing_in_erp,0,-847.92,0,
LDM061,LD MILKY SHEET 800 MM 30MICRON,0.0,0.0,0.0,missing_in_erp,0,-366.0,0,
LDM062,LD NATURAL SHEET 830MM 60 MICRON,0.0,0.0,0.0,missing_in_erp,0,-1069.3,0,
LDM063,LD NATURAL SHEET 430MM 30 MICRON,0.0,0.0,0.0,missing_in_erp,0,-239.5,0,
LDM064,LD MILKY SHEET 705MM 115MICRON,0.0,0.0,0.0,missing_in_erp,0,-912.6,0,
LDM065,LD NATURAL SHEET 700MM 30MICRON,0.0,0.0,0.0,missing_in_erp,0,-399.0,0,
LDM066,LD MILKY SHEET SIZE 835MM 35 MICRON,-0.0,0.0,-0.0,missing_in_erp,0,-3884.0,0,
LDM067,LD NATURAL SHEET 800MM 30MICRON,-0.0,0.0,-0.0,missing_in_erp,0,-595.1,0,
LDM070,LD MILKY SHEET SIZE 750MM 50MICRON,0.0,0.0,0.0,missing_in_erp,0,-425.9,0,
LDM073,LD NATURAL SHEET 775MM 25 MICRON,0.0,0.0,0.0,missing_in_erp,0,-855.2,0,
LDM076,LD NATURAL SHEET 755MM 25 MICRON,0.0,0.0,0.0,missing_in_erp,0,-464.7,0,
LDM077,LD MILKY SHEET 705MM 110 MICRON,0.0,0.0,0.0,missing_in_erp,0,-630.8,0,
LDM078,LD MILKY SHEET 850MM 25 MICRON,-0.0,0.0,-0.0,missing_in_erp,0,-6673.21,0,
LDM079,LD MILKY SHEET 755MM 25 MICRON,-0.0,0.0,-0.0,missing_in_erp,0,-6006.35,0,
LDM080,LD NATURAL 760MM 140 MICRON,0.0,0.0,0.0,missing_in_erp,0,-809.0,0,
LDM081,LD NATURAL SHEET 725MM 30 MICRON,0.0,0.0,0.0,missing_in_erp,0,-329.1,0,
LDM082,LD NATURAL SHEET 720MM 25 MICRON,0.0,0.0,0.0,missing_in_erp,0,-591.1,0,
LDM083,LD NATURAL SHEET 620MM 25 MICRON,0.0,0.0,0.0,missing_in_erp,0,-632.1,0,
LDM089,LD MILKY SHEET 835MM 32MICRON,-0.0,0.0,-0.0,missing_in_erp,0,-4646.28,0,
LDM090,LD MILKY SHEET 805MM 30 MICRON,0.0,0.0,0.0,missing_in_erp,0,-1272.4,0,
LDM092,LD  MILKY SHEET 680MM 60MICRON (SNAIL WHITE),0.0,0.0,0.0,missing_in_erp,0,-209.6,0,
LDM094,LD MILKY SHEET 840MM 35MICRON,0.0,0.0,0.0,missing_in_erp,0,-211.1,0,
LDM097,LD MILKY SHEET 480MM 30 MICRON,0.0,0.0,0.0,missing_in_erp,0,0,0,
LDM098,LD MILKY SHEET 460MM 40 MICRON,0.0,0.0,0.0,missing_in_erp,0,0,0,
LDM099,LD MILKY SHEET 525MM 40 MICRON,0.0,0.0,0.0,missing_in_erp,0,0,0,
LDM100,LD MILKY SHEET 530MM 50 MICRON,0.0,0.0,0.0,missing_in_erp,0,0,0,
LDM101,LD MILKY SHEET 540MM 40 MICRON,0.0,0.0,0.0,missing_in_erp,0,0,0,
LDM102,LD MILKY SHEET 540MM 110 MICRON,0.0,0.0,0.0,missing_in_erp,0,0,0,
LDM103,LD MILKY SHEET 545MM 50 MICRON,0.0,0.0,0.0,missing_in_erp,0,0,0,
LDM104,LD MILKY SHEET 545MM 50 MICRON,0.0,0.0,0.0,missing_in_erp,0,0,0,
LDM105,LD MILKY SHEET 565MM 55 MICRON,0.0,0.0,0.0,missing_in_erp,0,0,0,
LDM107,LD MILKY SHEET 915MM 60 MICRON,0.0,0.0,0.0,missing_in_erp,0,-512.48,0,
LDM109,LD MILKY SHEET 455MM 55 MICRON,0.0,0.0,0.0,missing_in_erp,0,-393.1,0,
LDM111,LD NATURAL SHEET 740MM 40 MICRON,0.0,0.0,0.0,missing_in_erp,0,-413.0,0,
LDM113,LD NATURAL SHEET 740MM 30 MICRON,0.0,0.0,0.0,missing_in_erp,0,-315.0,0,
LDM115,LD NATURAL SHEET 865MM 30 MICRON,0.0,0.0,0.0,missing_in_erp,0,-289.0,0,
LDM117,LD NATURAL SHEET 805MM 30 MICRON,0.0,0.0,0.0,missing_in_erp,0,-630.2,0,
LDM118,LD MILKY SHETT 810MM 90MICRON,0.0,0.0,0.0,missing_in_erp,0,-837.8,0,
LDM119,LD MILKY SHEET 620MM 90MICRON,-0.0,0.0,-0.0,missing_in_erp,0,-223.2,0,
LDM121,LD NATURAL SHEET 735MM 125MICRON,0.0,0.0,0.0,missing_in_erp,0,-715.9,0,
LDM123,LD MILKY SHEET 500MM 60MICRON,0.0,0.0,0.0,missing_in_erp,0,-360.1,0,
LDM124,LD MILKY SHEET 985MM 160MICRON,0.0,0.0,0.0,missing_in_erp,0,-780.7,0,
LDM125,LD MILKY SHEET 915MM 30 MICRON,0.0,0.0,0.0,missing_in_erp,0,-535.8,0,
LDM128,LD MILKY SHEET 590MM 30MICRON,0.0,0.0,0.0,missing_in_erp,0,-647.5,0,
LDM129,LD NATURAL SHEET 760MM 70MICRON,0.0,0.0,0.0,missing_in_erp,0,-338.6,0,
LDM132,LD MILKY SHEET 766MM 40 MICRON,0.0,0.0,0.0,missing_in_erp,0,-678.5,0,
LDM133,LD MILKY SHEET 775MM 30 MICRON,0.0,0.0,0.0,missing_in_erp,0,-524.5,0,
LDM134,LD MILKY SHEET 855MM 90 MICRON,0.0,0.0,0.0,missing_in_erp,0,-504.0,0,
LDM135,LD NATURAL SHEET 495MM 90MICRON,0.0,0.0,0.0,missing_in_erp,0,-387.8,0,
LDM137,LD NATURAL SHEET 715MM 70MICRON,0.0,0.0,0.0,missing_in_erp,0,-455.0,0,
LDM139,LD NATURAL SHEET 655MM 25MICRON,0.0,0.0,0.0,missing_in_erp,0,-354.1,0,
LDM153,LDN+PET SIZE 255MM,0.0,0.0,0.0,missing_in_erp,0,8.0,0,
LDM155,LD MILKY SHEET 635MM 40 MICRON,0.0,0.0,0.0,missing_in_erp,0,-424.0,0,
LGM001,EID BANASPATI 900GRAM*16 PACK,0.0,0.0,0.0,missing_in_erp,0,0,0,
LGM002,EID BANASPATI 450GRAM*32 PACK,0.0,0.0,0.0,missing_in_erp,0,0,0,
LGM003,KORBA BANASPATI 1KG * 16PAC,0.0,0.0,0.0,missing_in_erp,0,0,0,
LS0002,TRAIN SANDLI 125/40,0.0,0.0,0.0,missing_in_erp,0,-518.0,0,
LS0005,LASHKARA SPECIAL 04PACK 08KG,0.0,0.0,0.0,missing_in_erp,0,-50.0,0,
LS0008,TRAIN NEEL (75/24),0.0,0.0,0.0,missing_in_erp,0,-25.0,0,
LS0011,LASHKARA SANDALI 2 TIKKI PACK 200/40 8KG,0.0,0.0,0.0,missing_in_erp,0,0,0,
LS0020,GULLI 5.6KG 140GR,0.0,0.0,0.0,missing_in_erp,0,-50.0,0,
LS010,TRAIN NAROOL DFA (250/40) 10 KG,0.0,0.0,0.0,missing_in_erp,0,-430.0,0,
LS011,TRAIN NAROOL DFA (125/40) 5KG,0.0,0.0,0.0,missing_in_erp,0,-370.0,0,
LS013,Lashkara Special 4Takki (175/40) 7kg,0.0,0.0,0.0,missing_in_erp,0,-79.0,0,
LS014,SUPER LIFE YELLOW (140/48) 6.72 KG,0.0,0.0,0.0,missing_in_erp,0,-55.0,0,
LS015,SUPER LIFE RED (140/48) 6.72 KG,0.0,0.0,0.0,missing_in_erp,0,-55.0,0,
LS016,TRAIN NAROOL DFA 200/40 WHITE GARDER,0.0,0.0,0.0,missing_in_erp,0,-300.0,0,
LS017,SKARCH BRIGHT PAD,0.0,0.0,0.0,missing_in_erp,0,-2.0,0,
LS018,Scotch Brite REGULAR,0.0,0.0,0.0,missing_in_erp,0,-5.0,0,
LS019,SKARCH BRIGHT SMALL,0.0,0.0,0.0,missing_in_erp,0,-3.0,0,
LS020,NEEL SEWER LARGE,0.0,0.0,0.0,missing_in_erp,0,-2.0,0,
LS021,STEEL WHOLE LARGE,0.0,0.0,0.0,missing_in_erp,0,-15.0,0,
LS022,LASHKARA SPECIAL 4 PACK (250/40) 10KG,0.0,0.0,0.0,missing_in_erp,0,-214.0,0,
LS023,TRAIN SANDALI GADAR (150/40) 6KG,0.0,0.0,0.0,missing_in_erp,0,-307.0,0,
LS024,TRAIN SANDLI BILAL CUP (75/40)3 KG,0.0,0.0,0.0,missing_in_erp,0,-200.0,0,
LS027,TRAIN SANDALI BILAL CUP (175/40),0.0,0.0,0.0,missing_in_erp,0,-193.0,0,
LS028,LASHKARA NAROL DFA SADA NOOR 450/20,0.0,0.0,0.0,missing_in_erp,0,0,0,
LS029,LASHKARA SANDLI BAR 80/40 3.2KG,0.0,0.0,0.0,missing_in_erp,0,0,0,
MAC001,ACMA MACHINE,0.0,0.0,0.0,missing_in_erp,0,0,0,
MAC002,PASTING MACHINE,0.0,0.0,0.0,missing_in_erp,0,0,0,
MBP002,MARBLE POWDER 600 MESH,0.0,0.0,0.0,missing_in_erp,0,-125460.0,0,
MES001,MES POWDER,0.0,0.0,0.0,missing_in_erp,0,-14675.0,0,
MO1002,MUSTARD OIL 200ML BOTTLE,0.0,0.0,0.0,missing_in_erp,4.0,0,0,
MO1007,MUSTARD OIL 220/24,0.0,0.0,0.0,missing_in_erp,1292.0,-688.0,0,
MO1008,MUSTARD OIL 930/20,0.0,0.0,0.0,missing_in_erp,30.0,-30.0,0,
MO1009,MUSTARD OIL 420ML BOTTLE,0.0,0.0,0.0,missing_in_erp,11.0,-12.0,0,
MO1010,MUSTARD OIL 160/24,0.0,0.0,0.0,missing_in_erp,375.0,-375.0,0,
MO1011,MUSTARD OIL 190/24,0.0,0.0,0.0,missing_in_erp,334.0,-334.0,0,
MO1016,MUSTARD OIL 430/12,0.0,0.0,0.0,missing_in_erp,20.0,0,0,
MO1017,MUSTARD OIL 185/24,0.0,0.0,0.0,missing_in_erp,10.0,0,0,
MPG001,MAAN PASAND BANASPATI 1KG*16PACKS,0.0,0.0,0.0,missing_in_erp,0,0,0,
MPG002,MAAN PASAND BANASPATI 1/2KG*32PACKS,0.0,0.0,0.0,missing_in_erp,0,0,0,
MPG003,MAAN PASAND BANASPATI 900*16PACKS,0.0,0.0,0.0,missing_in_erp,0,0,0,
MSC001,MISC MAINTENANCE ITEMS,0.0,0.0,0.0,missing_in_erp,0,-1745.0,0,
MZF002,MANZAL E ZOOQ FOOD CTN 1000/500GRM C3 P5 LN,0.0,0.0,0.0,missing_in_erp,481.0,-481.0,0,
MZF004,MANZAL E ZOQ VERMICILE CTN KHAKI C4 P5,0.0,0.0,0.0,missing_in_erp,968.0,-968.0,0,
PAC008,A.H CUP & SAUCER 6 PIECE ROUND LARGE BOX C4 P3 LN,0.0,0.0,0.0,missing_in_erp,12135.0,-12135.0,0,
PAC009,A.H CUP & SAUCER 6 PIECE SQUARE LARGE BOX C4 P3 LY,0.0,0.0,0.0,missing_in_erp,2992.0,-2992.0,0,
PAC011,A.H 4 DOZAN MASTER SQUARE LARGE BOX C4 P3 LN,0.0,0.0,0.0,missing_in_erp,297.0,-297.0,0,
PAC016,A.H AISA CERAMICS 6 DOZAN BOX C4 P5 LY,0.0,0.0,0.0,missing_in_erp,0,0,0,
PAC018,A.H CUP & SAUCER MULTI LARGE BOX C4 P3 LY,0.0,0.0,0.0,missing_in_erp,0,0,0,
PAC023,4 NO CUP & SACUER PLAN P3 LN,0.0,0.0,0.0,missing_in_erp,850.0,-850.0,0,
PAC024,A.H. 4NO. CUP & SOUCER CRTN C4 P3 LN,0.0,0.0,0.0,missing_in_erp,478.0,-478.0,0,
PAC025,A.H CUP & SAUCER NO.4 KHAKI CN P3 LN,0.0,0.0,0.0,missing_in_erp,4933.0,-4933.0,0,
PAC031,A.H CUP DIBI MASTER CTN 8 DOZEN 9 & 10 NO C4 P3 LN,0.0,0.0,0.0,missing_in_erp,5248.0,-5248.0,0,
PAC034,A.H CUP DABBI CTN 6 DOZEN C4 P3 LN,0.0,0.0,0.0,missing_in_erp,6254.0,-6254.0,0,
PAC035,A.H CUP SAUCER DABBI # 9 & 10 KHAKI C1 P3 LN,0.0,0.0,0.0,missing_in_erp,27019.0,-27019.0,0,
PAC036,A.H CUP SAUCER CTN NO.9 & 10 KHAKI C1 P3 LN,0.0,0.0,0.0,missing_in_erp,4885.0,-4885.0,0,
PAC037,A.H CUP & SACUER DIBI BLUE C4 P3 LN,0.0,0.0,0.0,missing_in_erp,3929.0,-3929.0,0,
PAC039,A.H CUP & SAUCER DIBI KHAKI 4 NO. C2 P3,0.0,0.0,0.0,missing_in_erp,4010.0,-4010.0,0,
PAC040,A.H CUP & SAUCER CTN 4 DZN KHAKI 4 NO. C2 P3,0.0,0.0,0.0,missing_in_erp,2171.0,-2171.0,0,
PAC041,A.H MUG PETI 8 DOZEN SMALL C1 P5,0.0,0.0,0.0,missing_in_erp,2500.0,-2500.0,0,
PAC042,A.H CUP & SAUCER DIBI 9 & 10 KHAKI C2 P3,0.0,0.0,0.0,missing_in_erp,31123.0,-31123.0,0,
PAC043,A.H  CUP & SAUCER CTN 9 & 10 C2 P3 KHAKI,0.0,0.0,0.0,missing_in_erp,4435.0,-4435.0,0,
PAC049,SITC M.CTN CP-319 4 DZN KHAKI C1 P3,0.0,0.0,0.0,missing_in_erp,1935.0,-1368.0,0,
PAC052,A.H CUP & SAUCER DIBBI KHAKI SADA SMALL P3,0.0,0.0,0.0,missing_in_erp,5760.0,-5760.0,0,
PAC053,A.H CUP & SAUCER M.CTN 4 DOZAN KHAKI SADA P3,0.0,0.0,0.0,missing_in_erp,890.0,-890.0,0,
PAC054,COMPAS MAG DIBBI KHAKI 1 CL,0.0,0.0,0.0,missing_in_erp,23147.0,-23147.0,0,
PAC055,COMPAS MUG PETTI 8 DZN 5 PLY C1,0.0,0.0,0.0,missing_in_erp,2020.0,-2020.0,0,
PAC056,COMPAS JUICE MUG DIBBI KHAKI C1 P3,0.0,0.0,0.0,missing_in_erp,23380.0,-23380.0,0,
PAC057,SITC JUICE MUG PETTI 6 DZN KHAKI C1 P5,0.0,0.0,0.0,missing_in_erp,1911.0,-1841.0,0,
PAC059,A.H MUG PETI 8 DOZ(CBB) C2 P5,0.0,0.0,0.0,missing_in_erp,827.0,-532.0,0,
PAC060,A.H CUP SAUCER DIBI MEDIUM KHAKI C1 P3,0.0,0.0,0.0,missing_in_erp,6947.0,-6947.0,0,
PAC061,A.H CUP SAUCER MASTER CTN MEDIUM KHAKI C1 P3,0.0,0.0,0.0,missing_in_erp,512.0,-512.0,0,
PAC066,A.H TEA SET 14 PCS CODE NO.3 C4 P3 LY,0.0,0.0,0.0,missing_in_erp,2000.0,3088.0,0,
PAF003,AMIN CEILING GLAXAY BOX C4 P5 LN,0.0,0.0,0.0,missing_in_erp,0,0,0,
PAF009,AMIN PEDISTAL BASE ECONOMY BOX C4 P3 LN,0.0,0.0,0.0,missing_in_erp,979.0,-979.0,0,
PAF010,AMIN BLADE BOX 10IN1 CN P3 LN,0.0,0.0,0.0,missing_in_erp,189.0,-189.0,0,
PAF011,AMIN SOLAR PEDESTAL BODY 3PLY LN C4,0.0,0.0,0.0,missing_in_erp,1086.0,-1086.0,0,
PAF012,AMIN SOLAR PEDESTAL ROD P3 LN C4,0.0,0.0,0.0,missing_in_erp,1099.0,-1099.0,0,
PAF013,AMIN SOLAR PEDESTAL BASE P3 LN C4,0.0,0.0,0.0,missing_in_erp,1103.0,-1103.0,0,
PAF014,AMIN ROD PETI T.C.P KHAKI P5 SADA,0.0,0.0,0.0,missing_in_erp,0,0,0,
PAF019,AMIN ROD PETI 10 IN 1 KHAKI SADA 24INCH P5,0.0,0.0,0.0,missing_in_erp,0,0,0,
PAF020,AMIN SOLAR CEILING BODY C4 P5 LN,0.0,0.0,0.0,missing_in_erp,1005.0,-1005.0,0,
PAF021,AMIN SOLAR CEILING BLADE C4 P3 LN,0.0,0.0,0.0,missing_in_erp,0,0,0,
PAI001,PAIDAR PAYALI CTN 100 PCS C2 P3,0.0,0.0,0.0,missing_in_erp,4750.0,-4750.0,0,
PAM006,NEW ASIA CEILING BLADE C4 P3 (NEW SIZE),0.0,0.0,0.0,missing_in_erp,6763.0,1906.0,0,
PAM008,NEW ASIA PADISTAL BODY C4 P5 LN,0.0,0.0,0.0,missing_in_erp,0,0,0,
PAM009,NEW ASIA ROD PADISTAL C4 P3 LN,0.0,0.0,0.0,missing_in_erp,0,0,0,
PAM010,NEW ASIA BASE PADISTAL C4 P3 LN,0.0,0.0,0.0,missing_in_erp,847.0,-847.0,0,
PAM011,LAHORE MODEL CEILING BODY C4 P5 LY,0.0,0.0,0.0,missing_in_erp,0,992.0,0,
PAM012,FOCUS CEILING BODY C4 P5 LN,0.0,0.0,0.0,missing_in_erp,1390.0,1983.0,0,
PAM013,FOCUS CEILING BLADE C4 P3 LN,0.0,0.0,0.0,missing_in_erp,971.0,1958.0,0,
PAM014,MFC CEILING BODY C4 P5 LY,0.0,0.0,0.0,missing_in_erp,617.0,1983.0,0,
PAM015,MFC CEILING BLADE C4 P3 LN,0.0,0.0,0.0,missing_in_erp,811.0,1977.0,0,
PAM017,SUPER PAK CEILING BLADE C4 P3 LN,0.0,0.0,0.0,missing_in_erp,1131.0,133.0,0,
PAM022,INTOP CEILING  BODY C4 P5LY,0.0,0.0,0.0,missing_in_erp,972.0,0,0,
PAM023,INTOP CEILING  BLADE C4 P3,0.0,0.0,0.0,missing_in_erp,975.0,0,0,
PAN001,TOMATO SOAP 20 TIKKI  C3 P3,0.0,0.0,0.0,missing_in_erp,2363.0,-2363.0,0,
PAN002,TOMATO SOAP 40 TIKKI C3 P3,0.0,0.0,0.0,missing_in_erp,987.0,-987.0,0,
PAN003,TOMATO SOAP 20 TIKKI ORANGE C4 P3 (UNCOATED),0.0,0.0,0.0,missing_in_erp,3939.0,-3939.0,0,
PAN004,TOMATO SOAP 20 TIKKI BLUE C3 P3 (UNCOATED),0.0,0.0,0.0,missing_in_erp,2029.0,-2029.0,0,
PAN005,TOMATO SOAP 10KG 40 CAKE C4 P3,0.0,0.0,0.0,missing_in_erp,2825.0,-2825.0,0,
PAN006,TOMATO SOAP 7KG C4 P3,0.0,0.0,0.0,missing_in_erp,1957.0,-1957.0,0,
PAN007,TOAMTO SOAP 8KG C4 P3,0.0,0.0,0.0,missing_in_erp,905.0,-905.0,0,
PAN008,TOAMTO SOAP 9KG C4 P3,0.0,0.0,0.0,missing_in_erp,987.0,-987.0,0,
PAN009,TOMATO SOAP 20 TIKKI BLUE NEW SIZE C3 P3 (UNCOATED),0.0,0.0,0.0,missing_in_erp,10456.0,-10456.0,0,
PAN010,TOMATO SAOP 7KG DEY TRAIN 6KG C4 P3,0.0,0.0,0.0,missing_in_erp,0,0,0,
PAN011,TOMATO SAOP 9KG DEY TRAIN 8KG C4 P3,0.0,0.0,0.0,missing_in_erp,448.0,-448.0,0,
PAN012,TOMATO SAOP 10KG DEY TRAIN 8KG C4 P3,0.0,0.0,0.0,missing_in_erp,943.0,-943.0,0,
PAN013,ANMOL SOAP 7KG 40CAKE DEY TRAIN 6KG C3 P3,0.0,0.0,0.0,missing_in_erp,910.0,-910.0,0,
PAN014,ANMOL SOAP 9KG 40CAKE DEY TRAIN 8KG C3 P3,0.0,0.0,0.0,missing_in_erp,449.0,-449.0,0,
PAN015,ANMOL SOAP 10KG 40CAKE DEY TRAIN 8KG C3 P3,0.0,0.0,0.0,missing_in_erp,451.0,-451.0,0,
PAS001,AISIA CERAMICS MUG DIBI KHAKI C1 P3 LN,0.0,0.0,0.0,missing_in_erp,12160.0,-12160.0,0,
PAS002,AISIA CERAMICS MUG DIBI CTN 8 DOZEN C1 P5 LN,0.0,0.0,0.0,missing_in_erp,896.0,-896.0,0,
PAS003,M.N CERAMICS MUG DIBI KHAKI C1 P3 LN,0.0,0.0,0.0,missing_in_erp,8487.0,-8487.0,0,
PAS004,MN CERAMICS MUG DIBI CTN 8 DOZEN C1 P5 LN,0.0,0.0,0.0,missing_in_erp,659.0,-659.0,0,
PAW002,SUPER BASPATI RICE KHAKI P5,0.0,0.0,0.0,missing_in_erp,0,0,0,
PB0001,INNER PLASTIC BAGS,0.0,0.0,0.0,missing_in_erp,0,-4764.5,0,
PB272,BOX BOARD REEL SIZE 40,0.0,0.0,0.0,missing_in_erp,0,0,0,
PBB002,BOX BOARD 27*36  230 GRAM,0.0,0.0,0.0,missing_in_erp,0,-2481.0,0,
PBB005,BOX BOARD 32*23 230 GRAM,-0.0,0.0,-0.0,missing_in_erp,0,-896.34,0,
PBB007,BOX BOARD 28*25  210 GRAM,0.0,0.0,0.0,missing_in_erp,0,-7498.0,0,
PBB010,BOX BOARD 35*25  210 GRAM,0.0,0.0,0.0,missing_in_erp,0,-2596.0,0,
PBB011,BOX BOARD 20*39  210 GRAM,0.0,0.0,0.0,missing_in_erp,0,-888.0,0,
PBB012,BOX BOARD 19*39  210 GRAM,0.0,0.0,0.0,missing_in_erp,0,-3363.0,0,
PBB013,BOX BOARD 19*41  210 GRAM,0.0,0.0,0.0,missing_in_erp,0,-2713.0,0,
PBB014,BOX BOARD 33.5*24.5  210 GRAM,0.0,0.0,0.0,missing_in_erp,0,-5237.0,0,
PBB018,BOX BOARD 26*23  210 GRAM,0.0,0.0,0.0,missing_in_erp,0,-3994.0,0,
PBB020,BOX BOARD 15*34 230 GRAM,0.0,0.0,0.0,missing_in_erp,0,-2530.75,0,
PBB022,BOX BOARD 38*26 210 GRAM,0.0,0.0,0.0,missing_in_erp,0,-2222.0,0,
PBB028,BOX BOARD 36*28 210 GRAM,0.0,0.0,0.0,missing_in_erp,0,-5680.0,0,
PBB031,BOX BOARD 37*25 230 GRAM,0.0,0.0,0.0,missing_in_erp,0,-1784.0,0,
PBB034,BOX BOARD 26*40 230 GRAM,0.0,0.0,0.0,missing_in_erp,0,-9446.0,0,
PBB036,BOX BOARD 23*31 230 GRAM,0.0,0.0,0.0,missing_in_erp,0,-2529.0,0,
PBB038,BOX BOARD 30*36 230 GRAM,0.0,0.0,0.0,missing_in_erp,0,-6586.0,0,
PBB039,BOX BOARD 38.5*23 230 GRAM,0.0,0.0,0.0,missing_in_erp,0,-985.0,0,
PBB040,BOX BOARD 23*34 230 GRAM,0.0,0.0,0.0,missing_in_erp,0,-2587.0,0,
PBB041,BOX BOARD 23*35  210 GRAM,0.0,0.0,0.0,missing_in_erp,0,-763.0,0,
PBB046,BOX BOARD 29*24  230 GRAM,0.0,0.0,0.0,missing_in_erp,0,-12218.0,0,
PBB047,BOX BOARD 33*25  230 GRAM,0.0,0.0,0.0,missing_in_erp,0,-771.0,0,
PBB048,BOX BOARD 32*28  230 GRAM,0.0,0.0,0.0,missing_in_erp,0,-5318.0,0,
PBB049,BOX BOARD 17*41 230 GRAM,0.0,0.0,0.0,missing_in_erp,0,-393.0,0,
PBB050,BOX BOARD 17*39 230 GRAM,0.0,0.0,0.0,missing_in_erp,0,-384.0,0,
PBB052,BOX BOARD 31*23 230 GRAM,0.0,0.0,0.0,missing_in_erp,0,-2073.0,0,
PBB053,BOX BOARD 22*28 230 GRAM,0.0,0.0,0.0,missing_in_erp,0,-2751.0,0,
PBB054,BOX BOARD 31.5*26 230 GRAM,0.0,0.0,0.0,missing_in_erp,0,-656.0,0,
PBB055,BOX BOARD 28.5*41 230 GRAM,-0.0,0.0,-0.0,missing_in_erp,0,-1396.0,0,
PBB056,BOX BOARD 26*35 230 GRAM,0.0,0.0,0.0,missing_in_erp,0,-1850.0,0,
PBB058,BOX BOARD 31.5*25 230 GRAM,0.0,0.0,0.0,missing_in_erp,0,-3517.0,0,
PBB059,BOX BOARD 35*27 230 GRAM,0.0,0.0,0.0,missing_in_erp,0,-1150.0,0,
PBB061,BOX BOARD 30*28 230 GRAM,0.0,0.0,0.0,missing_in_erp,0,-3939.0,0,
PBB062,BOX BOARD 29*35 230 GRAM,0.0,0.0,0.0,missing_in_erp,0,-1521.0,0,
PBB066,BOX BOARD 32*26 230 GRAM,0.0,0.0,0.0,missing_in_erp,0,-1247.0,0,
PBB072,BOX BOARD 36*28 230 GRAM,0.0,0.0,0.0,missing_in_erp,0,-3396.0,0,
PBB073,BOX BOARD 25*31 230 GRAM,0.0,0.0,0.0,missing_in_erp,0,-529.0,0,
PBB074,BOX BOARD 37*27 230 GRAM,0.0,0.0,0.0,missing_in_erp,0,-4151.0,0,
PBB075,BOX BOARD 25*39 230 GRAM,0.0,0.0,0.0,missing_in_erp,0,-4282.0,0,
PBB077,BOX BOARD 33*24 230 GRAM,0.0,0.0,0.0,missing_in_erp,0,-12328.0,0,
PBB080,BOX BOARD 28*28 230 GRAM,0.0,0.0,0.0,missing_in_erp,0,-7299.0,0,
PBB081,BOX BOARD 28*24  230 GRAM,0.0,0.0,0.0,missing_in_erp,0,-23253.0,0,
PBB082,BOX BOARD 28*33 230 GRAM,0.0,0.0,0.0,missing_in_erp,0,-1234.0,0,
PBB086,BOX BOARD 19*39.5 210 GRAM,0.0,0.0,0.0,missing_in_erp,0,-1129.0,0,
PBB088,BOX BOARD 23*32.5 210 GRAM,0.0,0.0,0.0,missing_in_erp,0,-3179.0,0,
PBB089,BOX BOARD 34*24.5 210 GRAM,0.0,0.0,0.0,missing_in_erp,0,-1004.0,0,
PBB090,BOX BOARD 35*24 210 GRAM,0.0,0.0,0.0,missing_in_erp,0,-1696.0,0,
PBB091,BOX BOARD 22*33 230 GRAM,0.0,0.0,0.0,missing_in_erp,0,-5646.0,0,
PBB093,BOX BOARD 23*30 230 GRAM,0.0,0.0,0.0,missing_in_erp,0,-993.0,0,
PBB094,BOX BOARD 28*34 230 GRAM,0.0,0.0,0.0,missing_in_erp,0,-4506.0,0,
PBB096,BOX BOARD 33*28 230 GRAM,0.0,0.0,0.0,missing_in_erp,0,-7459.0,0,
PBB097,BOX BOARD 39*23 230 GRAM,0.0,0.0,0.0,missing_in_erp,0,-1025.0,0,
PBB098,BOX BOARD 19*39.5 230 GRAM,0.0,0.0,0.0,missing_in_erp,0,-5045.0,0,
PBB101,BOX BOARD 18*38 230 GRAM,0.0,0.0,0.0,missing_in_erp,0,0.0,0,
PBB104,BOX BOARD 32*31 210 GRAM,0.0,0.0,0.0,missing_in_erp,0,0,0,
PBB105,BOX BOARD 16*38 210 GRAM,0.0,0.0,0.0,missing_in_erp,0,0.0,0,
PBB106,BOX BOARD 17*30 210 GRAM,0.0,0.0,0.0,missing_in_erp,0,0,0,
PBB107,BOX BOARD 17*37 210 GRAM,0.0,0.0,0.0,missing_in_erp,0,0,0,
PBB108,BOX BOARD 19*28 250 GRAM,0.0,0.0,0.0,missing_in_erp,0,0,0,
PBB111,BOX BOARD 18*37 120 GRAM,0.0,0.0,0.0,missing_in_erp,0,0,0,
PBB112,BOX BOARD 22*25 230 GRAM,0.0,0.0,0.0,missing_in_erp,0,-1045.0,0,
PBB113,BOX BOARD 25*32 230 GRAM,0.0,0.0,0.0,missing_in_erp,0,-1187.0,0,
PBB114,BOX BOARD 31*26 230 GRAM,0.0,0.0,0.0,missing_in_erp,0,-3265.0,0,
PBB115,BOX BOARD 26*37 230 GRAM,0.0,0.0,0.0,missing_in_erp,0,-585.0,0,
PBB116,BOX BOARD 27*38 230 GRAM,0.0,0.0,0.0,missing_in_erp,0,-1675.0,0,
PBB117,BOX BOARD 35*28 210 GRAM,0.0,0.0,0.0,missing_in_erp,0,-1580.0,0,
PBB120,BOX BOARD 25*45.5 230 GRAM,0.0,0.0,0.0,missing_in_erp,0,-1097.0,0,
PBB121,BOX BOARD 29*38 210 GRAM,0.0,0.0,0.0,missing_in_erp,0,-2120.0,0,
PBB122,BOX BOARD 31*20 230 GRAM,0.0,0.0,0.0,missing_in_erp,0,-1334.0,0,
PBB123,BOX BOARD 27*34 230 GRAM,0.0,0.0,0.0,missing_in_erp,0,-6021.0,0,
PBB124,BOX BOARD 26.5*28 250 GRAMS,0.0,0.0,0.0,missing_in_erp,0,-3124.0,0,
PBB125,BOX BOARD 26*27 250 GRAMS,0.0,0.0,0.0,missing_in_erp,0,-521.0,0,
PBB126,BOX BOARD 32.5*45 250 GRAMS,0.0,0.0,0.0,missing_in_erp,0,-1498.0,0,
PBB128,BOX BOARD 38*26 230 GRAM,0.0,0.0,0.0,missing_in_erp,0,-865.0,0,
PBB129,BOX BOARD 29*31 230 GRAM,0.0,0.0,0.0,missing_in_erp,0,-1908.0,0,
PBB131,BOX BOARD 25*29 230 GRAM,0.0,0.0,0.0,missing_in_erp,0,-463.0,0,
PBB134,BOX BOARD 33.5*24.5  230 GRAM,0.0,0.0,0.0,missing_in_erp,0,-767.0,0,
PBB135,BOX BOARD 23*28 230GRM,0.0,0.0,0.0,missing_in_erp,0,-535.0,0,
PBB136,BOX BOARD 23*32.5 230 GRAM,0.0,0.0,0.0,missing_in_erp,0,-1121.0,0,
PBB137,BOX BOARD 24*33 230 GRM,0.0,0.0,0.0,missing_in_erp,0,-1093.0,0,
PBB138,BOX BOARD 23*36 230 GRM,0.0,0.0,0.0,missing_in_erp,0,-1843.0,0,
PBB139,BOX BOARD 23*40.5 230 GRM,0.0,0.0,0.0,missing_in_erp,0,-2833.0,0,
PBB140,BOX BOARD 25*36 230 GRM,0.0,0.0,0.0,missing_in_erp,0,-3392.0,0,
PBB141,BOX BOARD 28.5*35 230 GRM,0.0,0.0,0.0,missing_in_erp,0,-681.0,0,
PBB142,BOX BOARD 23.5*31 230 GRM,0.0,0.0,0.0,missing_in_erp,0,-520.0,0,
PBB143,BOX BOARD 24.5*36.5 230 GRM,0.0,0.0,0.0,missing_in_erp,0,-1749.709,0,
PBB144,BOX BOARD 22.5*35.5 230 GRM,0.0,0.0,0.0,missing_in_erp,0,-1410.0,0,
PBB145,BOX BOARD 24.5*34.5 230 GRM,0.0,0.0,0.0,missing_in_erp,0,-627.0,0,
PBB146,BOX BOARD 27*35 230GRM,0.0,0.0,0.0,missing_in_erp,0,-2819.0,0,
PBB147,BOX BOARD 27*33 230 GRM,0.0,0.0,0.0,missing_in_erp,0,-4380.0,0,
PBB148,BOX BOARD 27*24 230 GRM,-0.0,0.0,-0.0,missing_in_erp,0,-19625.0,0,
PBB149,BOX BOARD 28*22 230 GRM,0.0,0.0,0.0,missing_in_erp,0,-9013.0,0,
PBB150,BOX BOARD 25*35 230 GRAM,0.0,0.0,0.0,missing_in_erp,0,-3428.0,0,
PBB154,BOX BOARD 16*38 230 GRAM,0.0,0.0,0.0,missing_in_erp,0,-361.0,0,
PBB158,BOX BOARD REEL SIZE 28 210 GRAM,0.0,0.0,0.0,missing_in_erp,0,-1327.0,0,
PBB162,BOX BOARD 24*22 210 GRAM,0.0,0.0,0.0,missing_in_erp,0,-1753.0,0,
PBB163,BOX BOARD 25*22 210 GRAM,0.0,0.0,0.0,missing_in_erp,0,-4396.0,0,
PBB164,BOX BOARD 26*31 210 GRAM,0.0,0.0,0.0,missing_in_erp,0,-2326.0,0,
PBB167,BOX BOARD 28*35 210 GRAM,0.0,0.0,0.0,missing_in_erp,0,-558.0,0,
PBB168,BOX BOARD 25*28 210 GRAM,0.0,0.0,0.0,missing_in_erp,0,-1100.0,0,
PBB170,BOX BOARD 24*32 210 GRAM,0.0,0.0,0.0,missing_in_erp,0,-1883.0,0,
PBB171,BOX BOARD 24*35 210 GRAM,0.0,0.0,0.0,missing_in_erp,0,-3926.0,0,
PBB172,BOX BOARD 29*41 210 GRAM,0.0,0.0,0.0,missing_in_erp,0,-7571.0,0,
PBB174,BOX BOARD 29*35 210 GRAM,0.0,0.0,0.0,missing_in_erp,0,-853.0,0,
PBB175,BOX BOARD 39*29  210 GRAM,0.0,0.0,0.0,missing_in_erp,0,-459.7,0,
PBB176,BOX BOARD 22*31 210 GRAM,0.0,0.0,0.0,missing_in_erp,0,-1598.0,0,
PBB177,BOX BOARD 35*25 230 GRAM,0.0,0.0,0.0,missing_in_erp,0,-2532.0,0,
PBB178,BOX BOARD 33*26 210 GRAM,0.0,0.0,0.0,missing_in_erp,0,-1581.0,0,
PBB180,BOX BOARD REEL SIZE 48 180 GRAM,0.0,0.0,0.0,missing_in_erp,0,-2182.0,0,
PBB181,BOX BOARD REEL SIZE 49 180 GRAM,0.0,0.0,0.0,missing_in_erp,0,-2227.0,0,
PBB182,BOX BOARD REEL SIZE 28 180 GRAM,0.0,0.0,0.0,missing_in_erp,0,-634.0,0,
PBB186,BOX BOARD 25*36 210 GRAM,0.0,0.0,0.0,missing_in_erp,0,-610.0,0,
PBB187,BOX BOARD 27*32 210 GRAM,0.0,0.0,0.0,missing_in_erp,0,-667.0,0,
PBB188,BOX BOARD 22.5*33 210 GRAM,0.0,0.0,0.0,missing_in_erp,0,-5283.0,0,
PBB189,BOX BOARD 22*38 210 GRAM,0.0,0.0,0.0,missing_in_erp,0,-487.0,0,
PBB190,BOX BOARD 26*40 210 GRAM,0.0,0.0,0.0,missing_in_erp,0,-3578.0,0,
PBB192,BOX BOARD 21*32 210 GRAM,0.0,0.0,0.0,missing_in_erp,0,-1329.0,0,
PBB193,BOX BOARD 27*22 230 GRAM,0.0,0.0,0.0,missing_in_erp,0,-12906.0,0,
PBB194,BOX BOARD 29*34 210 GRAM,0.0,0.0,0.0,missing_in_erp,0,-2124.0,0,
PBB196,BOX BOARD REEL SIZE 34,0.0,0.0,0.0,missing_in_erp,0,-941.0,0,
PBB201,BOX BOARD 21*37 210 GRAM,0.0,0.0,0.0,missing_in_erp,0,-2547.0,0,
PBB203,BOX BOARD 23*40 210 GRAM,-0.0,0.0,-0.0,missing_in_erp,0,-1820.0,0,
PBB204,BOX BOARD 38*23 210 GRAM,0.0,0.0,0.0,missing_in_erp,0,-1859.0,0,
PBB205,BOX BOARD 25*37 210 GRAM,0.0,0.0,0.0,missing_in_erp,0,-952.0,0,
PBB206,BOX BOARD 36*24 210 GRAM,0.0,0.0,0.0,missing_in_erp,0,-1557.0,0,
PBB207,BOX BOARD 22*32 210 GRAM,0.0,0.0,0.0,missing_in_erp,0,-1775.0,0,
PBB208,BOX BOARD 27*40 210 GRAM,0.0,0.0,0.0,missing_in_erp,0,-3556.0,0,
PBB209,BOX BOARD REEL SIZE 50 190GRAM (S.E),0.0,0.0,0.0,missing_in_erp,0,-3656.0,0,
PBB212,BOX BOARD 26*35 210 GRAM,0.0,0.0,0.0,missing_in_erp,0,-542.0,0,
PBB214,BOX BOARD 17*41 210 GRAM,0.0,0.0,0.0,missing_in_erp,0,-2710.0,0,
PBB219,BOX BOARD 24*36 210GRAM,0.0,0.0,0.0,missing_in_erp,0,-2259.0,0,
PBB220,BOX BOARD 30*36 210GRAM,0.0,0.0,0.0,missing_in_erp,0,-1419.0,0,
PBB224,BOX BOARD REEL SIZE 28 190 GRAM (S.E),0.0,0.0,0.0,missing_in_erp,0,-21690.0,0,
PBB226,BOX BOARD 26*38 210GRAM,0.0,0.0,0.0,missing_in_erp,0,-1137.0,0,
PBB230,BOX BOARD 18*35 210 GRAM,0.0,0.0,0.0,missing_in_erp,0,-384.0,0,
PBB231,BOX BOARD 28*37 210GRAM,0.0,0.0,0.0,missing_in_erp,0,-593.0,0,
PBB232,BOX BOARD 38*28.5 210GRAM,0.0,0.0,0.0,missing_in_erp,0,-4431.0,0,
PBB236,BOX BOARD REEL SIZE 25 190 GRAM (S.E),0.0,0.0,0.0,missing_in_erp,0,-1249.0,0,
PBB240,BOX BOARD 31*27 230 GRAM,0.0,0.0,0.0,missing_in_erp,0,-3019.0,0,
PBB242,BOX BOARD 22.5*33 230GRAM,0.0,0.0,0.0,missing_in_erp,0,-1179.0,0,
PBB243,BOX BOARD SIZE 28*39 GRAM,0.0,0.0,0.0,missing_in_erp,0,-4586.0,0,
PBB253,BOX BOARD REEL SIZE 29.5 190 GRAM,0.0,0.0,0.0,missing_in_erp,0,-2939.0,0,
PBB254,BOX BOARD REEL SIZE 27.5 190 GRAM,0.0,0.0,0.0,missing_in_erp,0,-1308.0,0,
PBB256,BOX BOARD REEL SIZE 18 190 GRAM,0.0,0.0,0.0,missing_in_erp,0,-404.0,0,
PBB257,BOX BOARD REEL SIZE 22.5,0.0,0.0,0.0,missing_in_erp,0,-745.0,0,
PBB258,BOX BOARD REEL SIZE 28.5,0.0,0.0,0.0,missing_in_erp,0,-943.0,0,
PBB260,BOX BOARD 21*32 230 GRAM,0.0,0.0,0.0,missing_in_erp,0,-1037.0,0,
PBB263,BOX BOARD 23*41 230GRAM,0.0,0.0,0.0,missing_in_erp,0,-532.0,0,
PBB269,BOX BOARD 21*31 210 GRAM,0.0,0.0,0.0,missing_in_erp,0,-1235.0,0,
PBB270,BOX BOARD 36*29 210 GRAM,0.0,0.0,0.0,missing_in_erp,0,-707.0,0,
PBB271,BOX BOARD REEL SIZE 23.5,0.0,0.0,0.0,missing_in_erp,0,-743.0,0,
PBB276,BOX BOARD 29.5*37 230GRAM,0.0,0.0,0.0,missing_in_erp,0,-2089.0,0,
PBB277,BOX BOARD 29.5*34 230GRAM,0.0,0.0,0.0,missing_in_erp,0,-729.0,0,
PBB280,BOX BOARD 19*35 230 GRAM,0.0,0.0,0.0,missing_in_erp,0,0,0,
PBB281,BOX BOARD 24*26 250GRAM,0.0,0.0,0.0,missing_in_erp,0,-1188.0,0,
PBB291,BOX BOARD REEL SIZE 32.5,0.0,0.0,0.0,missing_in_erp,0,-1631.0,0,
PBB295,BOX BOARD 27*23.5 250GRAM,0.0,0.0,0.0,missing_in_erp,0,-1320.0,0,
PBB305,BOX BOARD 24*40 230GRAM,0.0,0.0,0.0,missing_in_erp,0,-1709.0,0,
PBB306,BOX BOARD 30*40  210 GRAM,0.0,0.0,0.0,missing_in_erp,0,-1561.0,0,
PBB307,BOX BOARD 23*41 210 GRAM,0.0,0.0,0.0,missing_in_erp,0,-600.0,0,
PBB310,BOX BOARD 27*24 250GRAM,0.0,0.0,0.0,missing_in_erp,0,-1390.0,0,
PBB311,BOX BOARD 22*37 230GRAM,0.0,0.0,0.0,missing_in_erp,0,-519.0,0,
PBB312,BOX BOARD 24*32 230GRAM,0.0,0.0,0.0,missing_in_erp,0,-581.0,0,
PBP001,SUPER SUPREME COOKIES 24 HALF ROLL,0.0,0.0,0.0,missing_in_erp,26848.0,-26848.0,0,
PBP002,SUPER SUPREME COOKIES 24 SNACK PACK,0.0,0.0,0.0,missing_in_erp,9880.0,-9880.0,0,
PBP003,SUPER SUPREME COOKIES 24 TICKY PACK,0.0,0.0,0.0,missing_in_erp,11348.0,-11348.0,0,
PBP004,SUPER SUPREME COOKIES 18 TICKY PACK,0.0,0.0,0.0,missing_in_erp,10828.0,-10828.0,0,
PBP005,RICH ALMOND COOKIE 24 BOX TICKY PACK,0.0,0.0,0.0,missing_in_erp,6580.0,-6580.0,0,
PBP006,ONESTO MIX NIMKO,0.0,0.0,0.0,missing_in_erp,6957.0,-6957.0,0,
PBP007,RICH ALMOND COOKIE 24 BOX SNACK PACK,0.0,0.0,0.0,missing_in_erp,5798.0,-5798.0,0,
PBP008,SUPER SUPREME COOKIES 18 PCS SNACK PACK,0.0,0.0,0.0,missing_in_erp,6244.0,-6244.0,0,
PC0002,PAPER CONE 3*98.5,0.0,0.0,0.0,missing_in_erp,0,-505.0,0,
PCR010,CORRUGATION ROLL SIZE 29.5,0.0,0.0,0.0,missing_in_erp,99.0,-99.0,0,
PCR012,CORRUGATION ROLL SIZE 31,0.0,0.0,0.0,missing_in_erp,1112.0,-1112.0,0,
PCR018,CORRUGATION ROLL SIZE 38.5,0.0,0.0,0.0,missing_in_erp,0,0,0,
PCR021,CORRUGATION ROLL SIZE 17,0.0,0.0,0.0,missing_in_erp,828.0,-828.0,0,
PCR022,CORRUGATION ROLL SIZE 33,0.0,0.0,0.0,missing_in_erp,1218.0,-1218.0,0,
PCR025,CORRUGATION ROLL SIZE 33.5,0.0,0.0,0.0,missing_in_erp,315.0,-315.0,0,
PCR026,CORRUGATION ROLL SIZE 31.5,0.0,0.0,0.0,missing_in_erp,102.0,-102.0,0,
PCR027,CORRUGATION ROLL SIZE 12,0.0,0.0,0.0,missing_in_erp,136.0,-136.0,0,
PCR028,CORRUGATION ROLL SIZE 13,0.0,0.0,0.0,missing_in_erp,219.0,-219.0,0,
PCR029,CORRUGATION ROLL SIZE 14,0.0,0.0,0.0,missing_in_erp,330.0,-330.0,0,
PCR030,CORRUGATION ROLL SIZE 10,0.0,0.0,0.0,missing_in_erp,145.0,-145.0,0,
PCR032,CORRUGATION ROLL SIZE 15,0.0,0.0,0.0,missing_in_erp,228.0,-228.0,0,
PCR033,CORRUGATION ROLL SIZE 11,0.0,0.0,0.0,missing_in_erp,102.0,-102.0,0,
PCR034,CORRUGATION ROLL SIZE 52 PLANT,0.0,0.0,0.0,missing_in_erp,0,0,0,
PCR035,CORRUGATION ROLL SIZE 50,0.0,0.0,0.0,missing_in_erp,0,0,0,
PCR036,CORRUGATION ROLL SIZE 53,0.0,0.0,0.0,missing_in_erp,106.0,-106.0,0,
PCR039,CORRUGATION ROLL SIZE 54,0.0,0.0,0.0,missing_in_erp,63.0,-63.0,0,
PCR040,CORRUGATION ROLL SIZE 44,0.0,0.0,0.0,missing_in_erp,80.0,-80.0,0,
PCR041,CORRUGATION ROLL SIZE 48,0.0,0.0,0.0,missing_in_erp,16.0,-16.0,0,
PCR042,CORRUGATION ROLL SIZE 19.5,0.0,0.0,0.0,missing_in_erp,58.0,-58.0,0,
PCR044,CORRUGATION ROLL SIZE 49,0.0,0.0,0.0,missing_in_erp,41.0,-41.0,0,
PCS012,SHANDAR PAYALA CTN 60 PCS C4 P3 LN,0.0,0.0,0.0,missing_in_erp,0,0,0,
PDF007,DECENT CEILING BODY PERFECT BOX C4 P5 LY,0.0,0.0,0.0,missing_in_erp,0,0,0,
PDF025,DECENT SUPER POWER BASE GREEN BOX  C4 P3 LN,0.0,0.0,0.0,missing_in_erp,0,0,0,
PDF035,CROWN STAR ANTIQUE CELING BODY C4 P5 LY,0.0,0.0,0.0,missing_in_erp,304.0,-304.0,0,
PDF036,DECENT CEILING BODY CARRO MODEL BOX C4 P5 LY,0.0,0.0,0.0,missing_in_erp,2115.0,-2115.0,0,
PDF037,DECENT CEILING BODY H.R CARRO MODEL BOX C4 P5 LY,0.0,0.0,0.0,missing_in_erp,100.0,-100.0,0,
PDF038,DECENT CEILING BODY CROWN STAR CARRO MODEL BOX C4 P5 LY,0.0,0.0,0.0,missing_in_erp,514.0,-514.0,0,
PDF041,G.M MODEL CEILING BODY CARRO P5 C4 LY,0.0,0.0,0.0,missing_in_erp,1885.0,-1290.0,0,
PDF044,"CARRO PEDISTAL BODY DECENT 24"" P5 C4 LY",0.0,0.0,0.0,missing_in_erp,2835.0,-1168.0,0,
PDF050,DECENT PERFECT CEILING BODY C4 P5 LY,0.0,0.0,0.0,missing_in_erp,463.0,-463.0,0,
PDF051,G.M ANTIQUE CELLING BODY C4 P5 LY,0.0,0.0,0.0,missing_in_erp,0,0,0,
PDF052,G.M DELUX CEILING BODY C4 P5 LY,0.0,0.0,0.0,missing_in_erp,563.0,-563.0,0,
PDF053,DECENT LAHORE MODEL CEILING BODY P5 C4 LY,0.0,0.0,0.0,missing_in_erp,1235.0,-604.0,0,
PDF054,DECENT LAHORE MODEL CEILING BLADE P3 C4 LN,0.0,0.0,0.0,missing_in_erp,1424.0,-822.0,0,
PDF056,BLADE DECENT SHAYAN GREEN P3 C4,0.0,0.0,0.0,missing_in_erp,2799.0,-2153.0,0,
PDF057,DECENT SHAYAN BODY GREEN C4 P5 LY,0.0,0.0,0.0,missing_in_erp,4281.0,-3681.0,0,
PDF062,BLADE PETI CARRO MODEL 10 IN1 SADA KHAKI P3,0.0,0.0,0.0,missing_in_erp,373.0,-373.0,0,
PDF063,DECENT SUPER SHAYAN NEW BODY C4 P5 LY,0.0,0.0,0.0,missing_in_erp,1049.0,-1049.0,0,
PDF064,DECENT SUPER SHAYAN NEW BLADE C4 P3,0.0,0.0,0.0,missing_in_erp,1056.0,-1056.0,0,
PDF065,ALJADEED CLASSIC DELUXE CEILING BODY C4 P5 LY,0.0,0.0,0.0,missing_in_erp,0,0,0,
PDF066,DECENT MAGNUM CEILING BODY C4 P5 LY,0.0,0.0,0.0,missing_in_erp,691.0,-691.0,0,
PDF067,DECENT MAGNUM CEILING BLADE C4 P3,0.0,0.0,0.0,missing_in_erp,699.0,-699.0,0,
PDF068,DECENT CEILLING BODY AC/DC RED C4 P5 LY,0.0,0.0,0.0,missing_in_erp,609.0,976.0,0,
PDF069,DECENT CEILLING BLADE AC/DC RED C4 P3 LN,0.0,0.0,0.0,missing_in_erp,617.0,984.0,0,
PDF071,DECENT BLADE CEILLING SAPHIRE MODEL C4 P3,0.0,0.0,0.0,missing_in_erp,521.0,490.0,0,
PDF078,DECENT CROWN CEILLING  BODY (ANTEEK SIZE)C4 P5 LY,0.0,0.0,0.0,missing_in_erp,591.0,0,0,
PDS005,SANYO CEILING BODY C4 P5 (W/O LM),0.0,0.0,0.0,missing_in_erp,3553.0,-3553.0,0,
PDS009,H.L CEILING BODY C4 P5 LY,0.0,0.0,0.0,missing_in_erp,0,0,0,
PDS010,H.L CEILING BLADE C4 P3 LN,0.0,0.0,0.0,missing_in_erp,0,0,0,
PDS011,DFC CEILING BODY 5P 4CLR WITHOUT LAMINATION,0.0,0.0,0.0,missing_in_erp,6603.0,-3642.0,0,
PDS012,DANISH FAN LAHORE MODEL CEILING BODY C4 P5 LY,0.0,0.0,0.0,missing_in_erp,987.0,-987.0,0,
PDS013,DANISH FAN LAHORE MODEL CEILING BLADE C4 P3,0.0,0.0,0.0,missing_in_erp,1163.0,-1163.0,0,
PEC001,SADA MUG DIBI KHAKI P3 LN,0.0,0.0,0.0,missing_in_erp,0,0,0,
PER008,AL FIRDOUSE TIKKA MACRONI 2 IN 1 P5 C2,0.0,0.0,0.0,missing_in_erp,0,0,0,
PES001,SCHOOL SHOES BOX 265*165*100 C4 P3,0.0,0.0,0.0,missing_in_erp,1600.0,0,0,
PES002,EASTERN M.CTN 515*420*285 KHAKI C1 P5,0.0,0.0,0.0,missing_in_erp,178.0,0,0,
PET018,PET SIZE 870MM 12MICRON,0.0,0.0,0.0,missing_in_erp,0,-1024.29,0,
PET027,PET SIZE 550MM 12 MICRON,-0.0,0.0,-0.0,missing_in_erp,0,-103.41,0,
PET028,M.PET 680 (GOLD GLEAM),0.0,0.0,0.0,missing_in_erp,0,-150.35,0,
PET030,PET SIZE 915MM 12 MICRON,0.0,0.0,0.0,missing_in_erp,0,-2921.85,0,
PET033,PET SIZE 935MM 12 MICRON,0.0,0.0,0.0,missing_in_erp,0,-418.61,0,
PET035,WINDOW PET 735MM 12 MICRON,0.0,0.0,0.0,missing_in_erp,0,-302.4,0,
PET037,M.PET SIZE 435MM 12 MICRON,0.0,0.0,0.0,missing_in_erp,0,-135.2,0,
PFR002,AL FIRDOUS MACARONI C3 P1 LN,0.0,0.0,0.0,missing_in_erp,999.0,-999.0,0,
PFR011,AL FIRDOUS VERMICELLI KHAKI SADA P5,0.0,0.0,0.0,missing_in_erp,0,0,0,
PGB008,PAKISTANI JUICER MAG DIBI KHAKI 5 PLY (EXPORT),0.0,0.0,0.0,missing_in_erp,1571.0,6113.0,0,
PGB014,MUG SHAPE DIBI KHAKI SADA,0.0,0.0,0.0,missing_in_erp,0,7944.0,0,
PGB015,STC MUG SHAPE PETI KHAKI CI P3,0.0,0.0,0.0,missing_in_erp,0,105.0,0,
PGB025,BOWL DIBBI LARGE SADA P3,0.0,0.0,0.0,missing_in_erp,6229.0,0,0,
PGB028,GREEN BOWL CTN 6 DOZEN KHAKI LARGE C1 P3,0.0,0.0,0.0,missing_in_erp,500.0,0,0,
PGB032,L.L SAIDA (DEY-MUG SHAPE) CTN 96PCS LOSE PACKING C1 P3,0.0,0.0,0.0,missing_in_erp,520.0,0,0,
PGB044,GREEN BONE CUP SAUCER DIBBI C4 P3,0.0,0.0,0.0,missing_in_erp,7810.0,0,0,
PGB046,GREEN BONE CUP SAUCER M.CTN 4 DOZEN C1 P3,0.0,0.0,0.0,missing_in_erp,802.0,0,0,
PGB047,BOLAN CUP SAUCER M.CTN 4 DOZEN KHAKI C1 P3,0.0,0.0,0.0,missing_in_erp,1002.0,0,0,
PGB049,MILK POT DABBI SADA P3,0.0,0.0,0.0,missing_in_erp,740.0,0,0,
PGB050,SUGAR POT DABBI SADA P3,0.0,0.0,0.0,missing_in_erp,729.0,0,0,
PGB051,PAKISTANI JUICER MUG J-3 M.CTN SADA KHAKI C1 P3,0.0,0.0,0.0,missing_in_erp,626.0,0,0,
PGF016,GUJRAT CEILING BODY LAHORE MODEL C4 P5 LY,0.0,0.0,0.0,missing_in_erp,570.0,-570.0,0,
PGF017,TESCO  CEILING BODY  BOX C4 P5 LY,0.0,0.0,0.0,missing_in_erp,2017.0,-1002.0,0,
PGF018,TESCO CEILING BLADE C4 P3 LN,0.0,0.0,0.0,missing_in_erp,1957.0,-925.0,0,
PGF031,GUJRAT BRACKET BODY C4 P5,0.0,0.0,0.0,missing_in_erp,1184.0,0,0,
PGS001,LAER SOAP LEMON 48 PCS,0.0,0.0,0.0,missing_in_erp,3363.0,-3363.0,0,
PGS002,LAER SOAP ORANGE 48 PCS,0.0,0.0,0.0,missing_in_erp,2481.0,-2481.0,0,
PGS003,LAER SOAP STRAWBERRY  48 PCS,0.0,0.0,0.0,missing_in_erp,2484.0,-2484.0,0,
PGS004,LAER SOAP PINK KHAKI C1 P3 LN,0.0,0.0,0.0,missing_in_erp,3844.0,-3844.0,0,
PGS005,LAER SOAP PEACH  48 PCS,0.0,0.0,0.0,missing_in_erp,916.0,-916.0,0,
PGS006,LEAR LIQUID LEMON 1 LTR / 12 C4 P3 LN,0.0,0.0,0.0,missing_in_erp,0,0,0,
PGS007,LEAR LIQUID ORANGE 1 LTR / 12 C4 P3 LN,0.0,0.0,0.0,missing_in_erp,150.0,-150.0,0,
PGT001,SONIC STAR CEILLING BODY C4 P5 LY,0.0,0.0,0.0,missing_in_erp,0,1958.0,0,
PGT002,SONIC STAR CEILLING BLADE C4 P3 LN,0.0,0.0,0.0,missing_in_erp,0,1983.0,0,
PGT003,SONIC STAR BLADE PETTI C1 P5,0.0,0.0,0.0,missing_in_erp,0,490.0,0,
PGT004,PAK ATLAS CEILLING BLADE C4 P3 LY,0.0,0.0,0.0,missing_in_erp,0,5630.0,0,
PGT006,PAK ATLAS ROD WRAPER C4 LY,0.0,0.0,0.0,missing_in_erp,0,7420.0,0,
PGT007,PAK ATLAS BASE WRAPER C4 LY,0.0,0.0,0.0,missing_in_erp,0,7420.0,0,
PGT008,PAK ATLAS T.C.P P/F BODY C4 P3 LY,0.0,0.0,0.0,missing_in_erp,0,3935.0,0,
PGT011,BLADE PETI LARGE KHAKI P5,0.0,0.0,0.0,missing_in_erp,0,661.0,0,
PGT012,GOLDEN STAR TCP PEDISTAL BODY C4 P3 LY,0.0,0.0,0.0,missing_in_erp,0,2453.0,0,
PGT014,ROD PETTI 10PCS MEDIUM C1 P5,0.0,0.0,0.0,missing_in_erp,0,1042.0,0,
PGT015,ROD PETTI 10PCS SMALL C1 P5,0.0,0.0,0.0,missing_in_erp,0,493.0,0,
PGT016,SONIC STAR PEDISTAL BODY TCP C4 P3 LY,0.0,0.0,0.0,missing_in_erp,0,1861.0,0,
PGT017,SONIC STAR PEDISTAL ROD WRAPER TCP C4 P3 LY,0.0,0.0,0.0,missing_in_erp,0,2008.0,0,
PGT018,SONIC STAR PEDISTAL BASE WRAPER TCP C4 P3 LY,0.0,0.0,0.0,missing_in_erp,0,2008.0,0,
PGT021,GULF STAR ROD WRAPER C4 LY,0.0,0.0,0.0,missing_in_erp,6080.0,6853.0,0,
PGT022,GULF STAR BASE  WRAPER C4 LY,0.0,0.0,0.0,missing_in_erp,6080.0,6853.0,0,
PGT023,GOLDEN STAR ROD WRAPER C4 LY,0.0,0.0,0.0,missing_in_erp,0,1708.0,0,
PGT024,GOLDEN STAR BASE WRAPER C4 LY,0.0,0.0,0.0,missing_in_erp,0,1708.0,0,
PGT026,"A STAR PEDISTAL BODY 24"" C4 P3 LY",0.0,0.0,0.0,missing_in_erp,3025.0,0,0,
PGT027,A STAR PEDISTAL BODY M.CTN 4IN1 C4 P5 LY,0.0,0.0,0.0,missing_in_erp,768.0,0,0,
PGT028,"A STAR PEDISTAL BASE 24"" C4 P3 LY",0.0,0.0,0.0,missing_in_erp,3080.0,0,0,
PGT029,"A STAR PEDISTAL ROD WRAPER 24"" C4",0.0,0.0,0.0,missing_in_erp,3158.0,0,0,
PGT030,"METRO GULF PEDISTAL BODY 24"" C4 P3 LY",0.0,0.0,0.0,missing_in_erp,1585.0,0,0,
PGT031,"METRO GULF PEDISTAL BASE 24"" C4 P3 LY",0.0,0.0,0.0,missing_in_erp,1600.0,0,0,
PGT032,"METRO GULF PEDISTAL ROD WRAPER 24"" C4",0.0,0.0,0.0,missing_in_erp,1600.0,0,0,
PGT033,METRO GULF M.CTN 4IN1 PEDISTAL MOTER C4 P5 LY,0.0,0.0,0.0,missing_in_erp,405.0,0,0,
PGT034,"GOLDEN STAR PEDISTAL BODY 24"" C2 P5 LY",0.0,0.0,0.0,missing_in_erp,1183.0,0,0,
PGT035,"GOLDEN STAR PEDISTAL ROD WRAPER 24"" C2",0.0,0.0,0.0,missing_in_erp,1200.0,0,0,
PGT036,"GOLDEN STAR PEDISTAL BASE 24"" C2 P3",0.0,0.0,0.0,missing_in_erp,1200.0,0,0,
PHA001,FINE-1 KHAKI C1 P5,0.0,0.0,0.0,missing_in_erp,3015.0,-3015.0,0,
PHA002,50MM KHAKI CTN 5-PLY,0.0,0.0,0.0,missing_in_erp,495.0,-495.0,0,
PHA003,7 STAR KHAKI CTN 5-PLY BLACK,0.0,0.0,0.0,missing_in_erp,4005.0,-4005.0,0,
PHA004,7 STAR KHAKI CTN 5-PLY RED,0.0,0.0,0.0,missing_in_erp,250.0,-250.0,0,
PHA005,7 STAR KHAKI CTN 5-PLY BROWN,0.0,0.0,0.0,missing_in_erp,614.0,-614.0,0,
PHA009,FINE 1 CTN NEW SIZE KHAKI C1 P5,0.0,0.0,0.0,missing_in_erp,505.0,-505.0,0,
PHS001,TURKEY BEAUTY SOAP 48 PIECES,0.0,0.0,0.0,missing_in_erp,8559.0,-8559.0,0,
PIA002,SAFA DISHWASH LIQUID 1500G*8 C4 P5 LY,0.0,0.0,0.0,missing_in_erp,110.0,5548.0,0,
PIC003,ICE CREAM SHEET 11.5*8.5,0.0,0.0,0.0,missing_in_erp,0,2750.0,0,
PIF002,IKEA CEILING CAPRY BODY BOX C4 P5 LY,0.0,0.0,0.0,missing_in_erp,0,0,0,
PIF003,"IKEA CEILING MODEL 1,2 BODY BOX C4 P5 LY",0.0,0.0,0.0,missing_in_erp,1162.0,-1162.0,0,
PIF005,IKEA CEILING DELUX BLADE BOX C4 P3 LN,0.0,0.0,0.0,missing_in_erp,0,0,0,
PIF009,IKEA BLADE LARGE BOX 10IN1 C1 P3 LN,0.0,0.0,0.0,missing_in_erp,0,0,0,
PIF010,"IKEA PEDISTAL BODY24"" BOX C4 P5 LY",0.0,0.0,0.0,missing_in_erp,0,0,0,
PIF012,IKEA REHAN T.C.P PEDISTAL BODY BOX C4 P3 LN,0.0,0.0,0.0,missing_in_erp,0,0,0,
PIF014,IKEA T.C.P PEDISTAL ROD BOX C4 P3 LN,0.0,0.0,0.0,missing_in_erp,0,0,0,
PIF021,AFSAR CEILING BODY CAPRI MODEL C4 P5,0.0,0.0,0.0,missing_in_erp,2242.0,-2242.0,0,
PIF022,AFSAR UNIVERSAL BLADE C4 P3,0.0,0.0,0.0,missing_in_erp,1275.0,-1275.0,0,
PIF023,AFSAR CEILING BODY KARACHI MODEL C4 P5 PLY,0.0,0.0,0.0,missing_in_erp,0,0,0,
PIS006,UNIVERS SALT C4 P5 LN,0.0,0.0,0.0,missing_in_erp,1924.0,-1924.0,0,
PIS008,RAPER ZAIFA SALT 800GRAM,0.0,0.0,0.0,missing_in_erp,230.86,0,0,
PIT001,SUPER CLASS PIYALI 100PCS C4 P3 LN,0.0,0.0,0.0,missing_in_erp,2976.0,-2976.0,0,
PIT002,SUPER CLASS PAYALI CTN SADA KHAKI P3,0.0,0.0,0.0,missing_in_erp,585.0,-585.0,0,
PIT003,SUPER CLASS PAYALI CTN KHAKI 2C P5,0.0,0.0,0.0,missing_in_erp,634.0,-634.0,0,
PKF002,BIG BUTTER TOFFEE 24 BOXES,0.0,0.0,0.0,missing_in_erp,25777.0,-25701.0,0,
PKF004,MONSTA CHEW TOFFEE,0.0,0.0,0.0,missing_in_erp,5087.0,-5087.0,0,
PKF005,MULTI HOCOS,0.0,0.0,0.0,missing_in_erp,4370.0,-4370.0,0,
PKF006,FLAVOURED ROLLER,0.0,0.0,0.0,missing_in_erp,4823.0,-4823.0,0,
PKS012,PUNJAB DISHWASH 130/72 CTN C4 P3 LN,0.0,0.0,0.0,missing_in_erp,14063.0,-14063.0,0,
PKS016,TAIGON DISHWASH 130/36 CTN C4 P3 LN,0.0,0.0,0.0,missing_in_erp,0,0,0,
PKS022,AROOJ DISHWASH 300/24 CTN C4 P3 LN,0.0,0.0,0.0,missing_in_erp,0,0,0,
PKS023,AROOJ DISHWASH LONG BAR 300/24 CTN C4 P3 LN,0.0,0.0,0.0,missing_in_erp,0,0,0,
PKS024,RING DISHWASH 140/48 CTN C4 P3 LN,0.0,0.0,0.0,missing_in_erp,5623.0,-5623.0,0,
PKS028,TAIGON DISHWASH 24 PCS CTN C4 P3 LN,0.0,0.0,0.0,missing_in_erp,996.0,-996.0,0,
PKS032,RAHIL 1 KG/15 CTN C4 P5 LY,0.0,0.0,0.0,missing_in_erp,994.0,-994.0,0,
PKS033,RAHIL 800/12 CTN C4 P5 LY,0.0,0.0,0.0,missing_in_erp,0,0,0,
PKS034,RAHIL 3 KG/5 CTN C4 P5 LY,0.0,0.0,0.0,missing_in_erp,1152.0,-1152.0,0,
PKS038,CARTOON HAPPY DISHWASH LIQUID (GREEN),0.0,0.0,0.0,missing_in_erp,1083.0,-1083.0,0,
PKS040,PUNJAB DISHWASH 120/96 CTN C4 P3 LN,0.0,0.0,0.0,missing_in_erp,11921.0,-11921.0,0,
PKS041,TIEGON DISH 72 PCE P3 C4 LN,0.0,0.0,0.0,missing_in_erp,1581.0,-1581.0,0,
PKS043,TRAIN DETERGENT 24 PACK C1 P5 LN,0.0,0.0,0.0,missing_in_erp,0,0,0,
PKS044,RING DISHWASH GOLA 125/36 C3 P3 LN,0.0,0.0,0.0,missing_in_erp,26952.0,-26952.0,0,
PKS046,Bachat BLEECH 630/12 C4 P3 LN,0.0,0.0,0.0,missing_in_erp,5851.0,-4748.0,0,
PKS047,Bachat 500/12 C4 P3 LN,0.0,0.0,0.0,missing_in_erp,3998.0,-3998.0,0,
PKS051,BAHAR DISHWASH 120/36 C4 P3 LN,0.0,0.0,0.0,missing_in_erp,17885.0,-17885.0,0,
PKS053,BACHAT DETERGENT 50/48,0.0,0.0,0.0,missing_in_erp,1155.0,3601.0,4756.0,
PKS054,GB VERMICELLI C1 P3 LN,0.0,0.0,0.0,missing_in_erp,2522.0,-2522.0,0,
PKS060,COTTON DETERGENT C4 P3 LN 72PCS,0.0,0.0,0.0,missing_in_erp,1187.0,-1187.0,0,
PKS064,CTNS LASHKARA DETERGENT 325/12,0.0,0.0,0.0,missing_in_erp,985.0,3176.0,4161.0,
PKS065,CTNS LASHKARA DETERGENT 700/5,0.0,0.0,0.0,missing_in_erp,1931.0,-513.0,1418.0,
PKS066,JAGMAG 60/72 SASHAY CRTNS,0.0,0.0,0.0,missing_in_erp,247.0,1892.0,2139.0,
PKS068,TRAIN DETERGENT 30 PACK C1 P5 LN,0.0,0.0,0.0,missing_in_erp,2630.0,-2630.0,0,
PKS069,TRAIN DETERGENT 15 PACK C1 P5 LN,0.0,0.0,0.0,missing_in_erp,4430.0,-4430.0,0,
PKS071,JAGMAG 120 PACK C1 P5 LN,0.0,0.0,0.0,missing_in_erp,1178.0,-1178.0,0,
PKS073,GB VERMICELLI C1 P3 LN BOX BORAD,0.0,0.0,0.0,missing_in_erp,990.0,-990.0,0,
PKS076,SAGA DETERGENT C4 P3 LN 72PCS,0.0,0.0,0.0,missing_in_erp,2014.0,-2014.0,0,
PKS077,SAGA DISHWASH 120/72 CTN C4 P3 LN,0.0,0.0,0.0,missing_in_erp,1497.0,-1497.0,0,
PKS083,PHOOL COOKING OIL 5LTR C4 P3 LN,0.0,0.0,0.0,missing_in_erp,30022.0,-30022.0,0,
PKS084,KHAYYAM COOKING OIL 12LTRS C4 P3 LN,0.0,0.0,0.0,missing_in_erp,0,0,0,
PKS085,A.K COOKING OIL 900ML C4 P3,0.0,0.0,0.0,missing_in_erp,0,0,0,
PKS087,AWAMI COOKING OIL C4 P3,0.0,0.0,0.0,missing_in_erp,19813.0,-19813.0,0,
PKS088,ROSHAN COOKING OIL 900ML 12PACK,0.0,0.0,0.0,missing_in_erp,24828.0,-13191.0,0,
PKS089,ZEENAT COOKING OIL,0.0,0.0,0.0,missing_in_erp,7390.0,-7390.0,0,
PKS090,MAGIC CLEANER C4 P3 LN,0.0,0.0,0.0,missing_in_erp,0,0,0,
PKS091,BACHAT NIEL CTNS C2 P3 LN 200ML/24,0.0,0.0,0.0,missing_in_erp,3543.0,-2941.0,0,
PKS094,BOXER HAND WASH C2 P5 LN KHAKI,0.0,0.0,0.0,missing_in_erp,1273.0,-1273.0,0,
PKS098,FOJI COOKING OIL 5 LTR P3 C4 LY,0.0,0.0,0.0,missing_in_erp,201941.0,-169340.0,0,
PKS099,PHOOL COOKING OIL 5 LTR P3 C4 LY,0.0,0.0,0.0,missing_in_erp,38932.0,-37260.0,0,
PKS100,CARTOON LIQUID SIMPLE,0.0,0.0,0.0,missing_in_erp,665.0,-665.0,0,
PKS103,CARTON BACHAT DETERGENT 1KG/12,0.0,0.0,0.0,missing_in_erp,0,0,0,
PKS256,CARTOON PUNJAB LIQUID DISHWASH 500ML/12 (LEMON),0.0,0.0,0.0,missing_in_erp,1094.0,-1094.0,0,
PKS257,CARTOON PUNJAB LIQUID DISHWASH 500ML/12 (ORANGE),0.0,0.0,0.0,missing_in_erp,1264.0,-1264.0,0,
PKS258,LASHKARA 70/84 CRTN,0.0,0.0,0.0,missing_in_erp,203.0,-203.0,0,
PKS260,PLAIN CTN P3,0.0,0.0,0.0,missing_in_erp,0,0,0,
PKS262,PLAIN CTN P3,0.0,0.0,0.0,missing_in_erp,0,0,0,
PKS263,PLAIN CTN P5,0.0,0.0,0.0,missing_in_erp,575.0,-575.0,0,
PKS273,RAHIM GHEE 225*64,0.0,0.0,0.0,missing_in_erp,16720.0,-9821.0,0,
PKS275,AITMAD GHEE 450/32,0.0,0.0,0.0,missing_in_erp,11042.0,-11042.0,0,
PKS276,AITMAD GHEE 900/16,0.0,0.0,0.0,missing_in_erp,12731.0,-12731.0,0,
PKS277,AITMAD GHEE 250 GRM,0.0,0.0,0.0,missing_in_erp,480.0,-480.0,0,
PKS278,RAHIM GHEE 450 GRM*20,0.0,0.0,0.0,missing_in_erp,7170.0,-1283.0,0,
PKS279,RAHIM GHEE 900 GRM*20,0.0,0.0,0.0,missing_in_erp,6592.0,-6592.0,0,
PKS280,RAHIM GHEE 225 GRM*20,0.0,0.0,0.0,missing_in_erp,3249.0,-3249.0,0,
PKS281,RAHIM GHEE 1KG*20,0.0,0.0,0.0,missing_in_erp,7917.0,-7917.0,0,
PKS283,AITMAD GHEE 225*64,0.0,0.0,0.0,missing_in_erp,3076.0,-3076.0,0,
PKS284,RAHIM GHEE 500 GRM*20,0.0,0.0,0.0,missing_in_erp,2026.0,-2026.0,0,
PKS286,BOXER LIQUID DISHKHAKI,0.0,0.0,0.0,missing_in_erp,1309.0,-1309.0,0,
PKS293,MOMIN DETERGENT 5KG P5 CTN,0.0,0.0,0.0,missing_in_erp,599.0,-599.0,0,
PKS294,MOMIN DETERGENT 3KG P5 CTN,0.0,0.0,0.0,missing_in_erp,1491.0,-1491.0,0,
PKS295,MOMIN DETERGENT 1KG P5 CTN,0.0,0.0,0.0,missing_in_erp,490.0,-490.0,0,
PKS296,ZORO TOILET CLEANER 500 ML,0.0,0.0,0.0,missing_in_erp,2290.0,-2290.0,0,
PKS297,GLUE CTN C1 P5,0.0,0.0,0.0,missing_in_erp,1027.0,-1027.0,0,
PKS298,SADA GLUE CTN KHAKI P5 (NEW SIZE),0.0,0.0,0.0,missing_in_erp,0,0,0,
PKS303,BOXER TOILET CLEANER 500/12 CTN,0.0,0.0,0.0,missing_in_erp,0,0,0,
PKS304,AITAMAD TOILET CLEANER 12 PCS,0.0,0.0,0.0,missing_in_erp,1976.0,-1976.0,0,
PKS312,ARGHAWAN TOILET CLEANER C4 P3,0.0,0.0,0.0,missing_in_erp,500.0,-500.0,0,
PKS318,RAHIL TOILET CLEANER C4 P3,0.0,0.0,0.0,missing_in_erp,500.0,-500.0,0,
PKT001,POUCH BOX KHAKI CN P5 LN,0.0,0.0,0.0,missing_in_erp,2497.0,-2497.0,0,
PKT002,BOTTLE BOX KHAKI CN P3 LN,0.0,0.0,0.0,missing_in_erp,1058.0,-1058.0,0,
PKT003,TIGER 9 GROUT PLAN P5 LN,0.0,0.0,0.0,missing_in_erp,473.0,-473.0,0,
PKT005,WR 9-500 CTN C4 P5 LY,0.0,0.0,0.0,missing_in_erp,491.0,0,0,
PKT006,WP 9-750 CTN C4 P5 LY,0.0,0.0,0.0,missing_in_erp,501.0,0,0,
PLG001,MARJINA SOAP 6KG,0.0,0.0,0.0,missing_in_erp,0,3392.0,0,
PLG002,MARJINA SOAP 7KG,0.0,0.0,0.0,missing_in_erp,0,3014.0,0,
PLG004,LARAIB FRUITY SOAP LEMON 48PCS C4 P3,0.0,0.0,0.0,missing_in_erp,2586.0,2019.0,0,
PLG005,LARAIB FRUITY SOAP ORANGE 48PCS C4 P3,0.0,0.0,0.0,missing_in_erp,1988.0,998.0,0,
PLG006,LARAIB FRUITY SOAP PEACH 48PCS C4 P3,0.0,0.0,0.0,missing_in_erp,2000.0,1016.0,0,
PLG008,LARAIB FRUITY SOAP LEMON 72PCS C4 P3,0.0,0.0,0.0,missing_in_erp,1965.0,0,0,
PLG009,LARAIB FRUITY SOAP ORANGE 72PCS C4 P3,0.0,0.0,0.0,missing_in_erp,2228.0,0,0,
PLG010,LARAIB FRUITY SOAP PEACH 72PCS C4 P3,0.0,0.0,0.0,missing_in_erp,1983.0,0,0,
PLG011,VIGO LUXERY SOAP CTN 48  KHAKI C1 P3,0.0,0.0,0.0,missing_in_erp,7871.0,0,0,
PLG012,VIGO LUXERY SOAP 72 PCS KHAKI C1 P3,0.0,0.0,0.0,missing_in_erp,7564.0,0,0,
PLR001,"LEMINATION REEL 7""",0.0,0.0,0.0,missing_in_erp,0,-7.0,0,
PLR005,"LEMINATION REEL 23""",0.0,0.0,0.0,missing_in_erp,0,-15.0,0,
PLR006,"LEMINATION REEL 24""",0.0,0.0,0.0,missing_in_erp,0,-14.0,0,
PLR007,"LEMINATION REEL 26.5""",0.0,0.0,0.0,missing_in_erp,0,-6.0,0,
PMA002,SALT COTTON FOODLEY IODIZE KHAKI 18 PC,0.0,0.0,0.0,missing_in_erp,7278.0,-7278.0,0,
PMA003,SUPER GOLD SALT,0.0,0.0,0.0,missing_in_erp,13660.0,-13660.0,0,
PMA004,SOZO SALT CARTON 400 GRAM P5 C2,0.0,0.0,0.0,missing_in_erp,0,0,0,
PMA005,SULMAN SALT 800 GRAM,0.0,0.0,0.0,missing_in_erp,0,0,0,
PMA006,PURE SALT CTN 400 GRAM,0.0,0.0,0.0,missing_in_erp,0,0,0,
PMA008,PURE VINEGAR 12 BOTTAL C4 P5,0.0,0.0,0.0,missing_in_erp,1968.0,-994.0,0,
PMA009,PURE VINEGAR 24 BOTTAL C4 P5,0.0,0.0,0.0,missing_in_erp,0,992.0,0,
PMA010,PURE MASALA CTN 144 PCS C4 P3,0.0,0.0,0.0,missing_in_erp,0,2948.0,0,
PMA014,SOZO SALT KHAKI 800 GRAM,0.0,0.0,0.0,missing_in_erp,0,4293.0,0,
PMA015,PURE SALT CTN KHAKI 600GRAM,0.0,0.0,0.0,missing_in_erp,0,4205.0,0,
PMA016,SULMAN MIX ACHAR C4 P3,0.0,0.0,0.0,missing_in_erp,5016.0,0,0,
PMA020,TRAY ACHAR MIX LARGE C1 P3,0.0,0.0,0.0,missing_in_erp,2873.0,0,0,
PMA022,FOODLY ACHAR MIX CTN 3 PLY C 4,0.0,0.0,0.0,missing_in_erp,7961.0,0,0,
PMF006,TAJ CEILING BODY C4 P5 LY,0.0,0.0,0.0,missing_in_erp,2092.0,-2092.0,0,
PMF007,TAJ CEILING BLADE C1 P3 LN,0.0,0.0,0.0,missing_in_erp,1988.0,-1988.0,0,
PMF008,MERCEDES BLADE LARGE C4 P3 LN,0.0,0.0,0.0,missing_in_erp,8155.0,-8155.0,0,
PMF012,MERCEDES PEDISTAL ROD 24'' GREEN P5 C4 LN,0.0,0.0,0.0,missing_in_erp,8725.0,-4798.0,0,
PMF013,MERCEDES PEDISTAL BASE 24'' GREEN P5 C4 LN,0.0,0.0,0.0,missing_in_erp,8311.0,-4033.0,0,
PMF014,MERCEDES PEDISTAL BASE 24'' BLUE  P5 C4 LN,0.0,0.0,0.0,missing_in_erp,0,2841.0,0,
PMF015,MERCEDES PEDISTAL ROD 24'' BLUE  P5 C4 LN,0.0,0.0,0.0,missing_in_erp,0,2841.0,0,
PMF021,MERCEDES BLADE SMALL UNIVERSEL SADA,0.0,0.0,0.0,missing_in_erp,0,994.0,0,
PMF022,MERCEDEZ BLADE BOX SMALL 10IN1 KHAKI SADA P5 LN,0.0,0.0,0.0,missing_in_erp,0,155.0,0,
PMF085,DECENT RF AC/DC CEILLING BODY C4 P5 LY,0.0,0.0,0.0,missing_in_erp,1430.0,0,0,
PMF086,DECENT RF AC/DC CEILLING BLADE C4 P3,0.0,0.0,0.0,missing_in_erp,1406.0,0,0,
PMT002,MAGNET TILE GRAOUT BT CN P3 LN,0.0,0.0,0.0,missing_in_erp,0,0,0,
PMT003,MAGNET TILE GRAOUT BOX C4 P5 LN,0.0,0.0,0.0,missing_in_erp,4019.0,-4019.0,0,
PNR001,NAVIA FACEWASH,0.0,0.0,0.0,missing_in_erp,0,0,0,
PNR002,NAVIA FACEWASH  OXY WHITE,0.0,0.0,0.0,missing_in_erp,0,0,0,
PNR003,NAVIA FACEWASH MEN,0.0,0.0,0.0,missing_in_erp,0,0,0,
PNR004,NAVIA FACEWASH NEEM,0.0,0.0,0.0,missing_in_erp,0,0,0,
PNR005,RAPER NAVIA 5KG,0.0,0.0,0.0,missing_in_erp,0,-963.0,0,
PNR006,RAPER NAVIA RS.50,0.0,0.0,0.0,missing_in_erp,0,0,0,
PNT006,NISHAT TEA 25 GRAM 180PCS KHAKI C1 P3,0.0,0.0,0.0,missing_in_erp,0,540.0,0,
PNT007,NISHAT TEA 10 GRAM 200PCS KHAKI C1 P3,0.0,0.0,0.0,missing_in_erp,0,523.0,0,
POL001,CARTON OLYMPIA NUM#1 80/48,0.0,0.0,0.0,missing_in_erp,8275.0,-8275.0,0,
POL002,CARTON OLYMPIA NUM#1 280/36,0.0,0.0,0.0,missing_in_erp,800.0,-800.0,0,
PP0011,PLASTIC BAG BACHAT DETERGENT,0.0,0.0,0.0,missing_in_erp,0,0,0,
PP0038,STAR EMPTY PP BAGS 19*24,0.0,0.0,0.0,missing_in_erp,0,0,0,
PP0048,EMPTY BAHAR DETERGENT BAG 3KG,0.0,0.0,0.0,missing_in_erp,0,-5150.0,0,
PP0053,STAR EMPTY BAGS 350/24,0.0,0.0,0.0,missing_in_erp,0,-355.0,0,
PP0054,STAR EMPTY BAGS 4KG/4,0.0,0.0,0.0,missing_in_erp,0,-1200.0,0,
PP0055,STAR EMPTY BAGS 1KG/12,0.0,0.0,0.0,missing_in_erp,0,-1000.0,0,
PP0058,SAGA EMPTY PP BAG (40KG) WHITE 22*36,0.0,0.0,0.0,missing_in_erp,0,0,0,
PP0067,TOWER DETERGENT EMPTY PP BAG 18*25,0.0,0.0,0.0,missing_in_erp,0,-9020.0,0,
PP0089,WAVY EMPTY BAG PACKING RS.10,0.0,0.0,0.0,missing_in_erp,0,0,0,
PP038,BAG BACHAT DETERGENT 800GRAM,0.0,0.0,0.0,missing_in_erp,0,0,0,
PP039,BAG BACHAT DETERGENT 375GRAM,0.0,0.0,0.0,missing_in_erp,0,0,0,
PPB001,POLYTHIN BAG 12*48,0.0,0.0,0.0,missing_in_erp,0,-25.0,0,
PPB002,POLYTHIN BAG 18*28,0.0,0.0,0.0,missing_in_erp,0,0,0,
PPB003,POLYTHIN BAG 21*33,0.0,0.0,0.0,missing_in_erp,0,0,0,
PPB010,POLYTHENE BAG 8*14,0.0,0.0,0.0,missing_in_erp,0,0,0,
PPB011,POLYTHENE BAG 20*30,0.0,0.0,0.0,missing_in_erp,0,-25.0,0,
PPC008,PUNJAB COOKING OIL 1LT*16PACK,0.0,0.0,0.0,missing_in_erp,3296.0,-3296.0,0,
PPC014,WALI COOKING OIL (KHAKI SADA CTN),0.0,0.0,0.0,missing_in_erp,1546.0,-1546.0,0,
PPC015,SEASON CANOLA 1LTR 5PAC,0.0,0.0,0.0,missing_in_erp,4750.0,-4750.0,0,
PPC018,WALI COOKING OIL 1 KG* 12 PACK (BOX BOARD),0.0,0.0,0.0,missing_in_erp,0,3160.0,0,
PPD005,P.D TEA SET 26 PCS C4 P3 LY,0.0,0.0,0.0,missing_in_erp,1887.0,263.0,0,
PPD010,SONASHI CUP SAUCER DIBI BLUE C4 P3,0.0,0.0,0.0,missing_in_erp,568.0,-568.0,0,
PPD011,SONASHI CUP SAUCER DIBI MUG SHAPE C4 P3,0.0,0.0,0.0,missing_in_erp,2945.0,-2945.0,0,
PPD012,SONASHI CUP SAUCER DIBI BLACK SMALL C4 P3,0.0,0.0,0.0,missing_in_erp,2949.0,-2949.0,0,
PPD013,SONASHI CUP SAUCER DIBI GREY (BOLAN) C4 P3,0.0,0.0,0.0,missing_in_erp,1224.0,-1224.0,0,
PPD017,BONE CHINA TEA SET 14 PCS M.CTN C4 P3 LY,0.0,0.0,0.0,missing_in_erp,2760.0,-2760.0,0,
PPD021,SUGHAR POT SADA DIBBI KHAKI P3,0.0,0.0,0.0,missing_in_erp,908.0,0,0,
PPD022,MILK POT SADA DIBBI KHAKI P3,0.0,0.0,0.0,missing_in_erp,907.0,0,0,
PPD023,PLAIN PACKING KHAKI P3,0.0,0.0,0.0,missing_in_erp,1026.0,0,0,
PPD024,SAUCER PACKING SADA P3,0.0,0.0,0.0,missing_in_erp,1032.0,0,0,
PPD025,TEA POT PACKING CODE#1,0.0,0.0,0.0,missing_in_erp,1109.0,0,0,
PPD028,LARGE SIZE PIZZA BOX C4 P3,0.0,0.0,0.0,missing_in_erp,0,0,0,
PPD031,PAYALI PACKING SADA,0.0,0.0,0.0,missing_in_erp,0,0,0,
PPD032,PARTION SADA,0.0,0.0,0.0,missing_in_erp,0,0,0,
PR0003,PAPER REEL SIZE 18 (F & SF),0.0,0.0,0.0,missing_in_erp,0,-11739.7,0,
PR0014,PAPER REEL SIZE 31.5 (F & SF),0.0,0.0,0.0,missing_in_erp,0,-9130.0,0,
PR0016,PAPER REEL SIZE 20 (F & SF),0.0,0.0,0.0,missing_in_erp,0,-25961.7,0,
PR0022,PAPER REEL SIZE 14 (F & SF),0.0,0.0,0.0,missing_in_erp,75.0,-9922.8,0,
PR0023,PAPER REEL SIZE 15 (F & SF),0.0,0.0,0.0,missing_in_erp,0,-5347.0,0,
PR0025,PAPER REEL SIZE 33.5 (F & SF),0.0,0.0,0.0,missing_in_erp,0,-18089.4,0,
PR0029,PAPER REEL SIZE 16 (F & SF),0.0,0.0,0.0,missing_in_erp,0,-5192.0,0,
PR0030,PAPER REEL SIZE 17 (TEST LINER),0.0,0.0,0.0,missing_in_erp,0,-2504.0,0,
PR0034,PAPER REEL SIZE 29 (KRAFT),0.0,0.0,0.0,missing_in_erp,0,-12751.0,0,
PR0035,PAPER REEL SIZE 35 (TEST LINER),0.0,0.0,0.0,missing_in_erp,0,-3977.0,0,
PR0040,PAPER REEL SIZE 27.5 (F & SF),0.0,0.0,0.0,missing_in_erp,0,-1131.0,0,
PR0041,PAPER REEL SIZE 34.5 (TEST LINER),0.0,0.0,0.0,missing_in_erp,0,-1136.0,0,
PR0044,PAPER REEL SIZE 31 (TEST LINER),0.0,0.0,0.0,missing_in_erp,0,-2896.0,0,
PR0049,PAPER REEL SIZE 25 (KRAFT),0.0,0.0,0.0,missing_in_erp,0,-4807.0,0,
PR0050,PAPER REEL SIZE 29.5 (KRAFT),0.0,0.0,0.0,missing_in_erp,0,-1399.0,0,
PR0051,PAPER REEL SIZE 22.5 (F & SF),0.0,0.0,0.0,missing_in_erp,0,-1909.0,0,
PR0052,PAPER REEL SIZE 13 (F & SF),0.0,0.0,0.0,missing_in_erp,0,-3751.0,0,
PR0053,PAPER REEL SIZE 31 (F & SF),0.0,0.0,0.0,missing_in_erp,0,-2778.0,0,
PR0054,PAPER REEL SIZE 36.5 (F & SF),0.0,0.0,0.0,missing_in_erp,0,-709.0,0,
PR0063,PAPER REEL SIZE 58 (F & SF),0.0,0.0,0.0,missing_in_erp,0,-18302.0,0,
PR0066,PAPER REEL SIZE 53 (F & SF),0.0,0.0,0.0,missing_in_erp,0,-48031.0,0,
PR0068,PAPER REEL SIZE 53 (W.T.L 150 GRAM),0.0,0.0,0.0,missing_in_erp,0,-2749.0,0,
PR0071,PAPER REEL SIZE 48 (W.T.L 150 GRAM),0.0,0.0,0.0,missing_in_erp,0,-13536.0,0,
PR0072,PAPER REEL SIZE 55 (TEST LINER),0.0,0.0,0.0,missing_in_erp,0,-7446.0,0,
PR0074,PAPER REEL SIZE 54 (F & SF),0.0,0.0,0.0,missing_in_erp,0,-20971.0,0,
PR0076,PAPER REEL SIZE 44 (W.T.L 150 GRAM),0.0,0.0,0.0,missing_in_erp,0,-2147.0,0,
PR0082,PAPER REEL SIZE 24 (KRAFT),0.0,0.0,0.0,missing_in_erp,0,-6145.0,0,
PR0084,PAPER REEL SIZE 61 (F & S.F),0.0,0.0,0.0,missing_in_erp,0,-4094.0,0,
PR0085,PAPER REEL SIZE 54.5 (F & S.F),0.0,0.0,0.0,missing_in_erp,0,-3608.0,0,
PR0086,PAPER REEL SIZE 12 (CMP),0.0,0.0,0.0,missing_in_erp,0,-268.0,0,
PR0090,PAPER REEL SIZE 57 (F & S.F),0.0,0.0,0.0,missing_in_erp,0,-2574.0,0,
PR0091,PAPER REEL SIZE 50 (F & S.F),0.0,0.0,0.0,missing_in_erp,0,-2513.0,0,
PR0093,PAPER REEL SIZE 210 (F & S.F),0.0,0.0,0.0,missing_in_erp,0,-438.0,0,
PR0097,PAPER REEL SIZE 56 (TEST LINER),0.0,0.0,0.0,missing_in_erp,0,-9188.0,0,
PR0099,PAPER REEL SIZE 60 (F & SF),0.0,0.0,0.0,missing_in_erp,0,-10432.0,0,
PR0100,PAPER REEL SIZE 51 (HSF),0.0,0.0,0.0,missing_in_erp,0,-1220.0,0,
PR0101,PAPER REEL SIZE 52 (HSF),0.0,0.0,0.0,missing_in_erp,0,-2495.0,0,
PR0103,PAPER REEL SIZE 11 (F & S.F),0.0,0.0,0.0,missing_in_erp,0,-1477.0,0,
PR0104,PAPER REEL SIZE 60 (TEST LINER),0.0,0.0,0.0,missing_in_erp,0,-1450.0,0,
PR0105,PAPER REEL SIZE 57 (TEST LINER),0.0,0.0,0.0,missing_in_erp,0,-1352.0,0,
PR0107,PAPER REEL SIZE 53 (KRAFT),0.0,0.0,0.0,missing_in_erp,0,-22744.0,0,
PR0109,PAPER REEL MIX SIZE,0.0,0.0,0.0,missing_in_erp,0,0,0,
PR0111,PAPER REEL SIZE 18(TEST LINER),0.0,0.0,0.0,missing_in_erp,0,-423.0,0,
PR0112,PAPER REEL SIZE 31 (KRAFT),0.0,0.0,0.0,missing_in_erp,0,-1510.0,0,
PR0116,PAPER REEL SIZE 50 (TEST LINER),0.0,0.0,0.0,missing_in_erp,0,0,0,
PR0117,PAPER REEL SIZE 53 (TEST LINER),0.0,0.0,0.0,missing_in_erp,0,-1211.0,0,
PR0120,PAPER REEL SIZE 12 (S.SF),0.0,0.0,0.0,missing_in_erp,0,0,0,
PR0123,PAPER REEL SIZE 40 (F & SF),0.0,0.0,0.0,missing_in_erp,0,-7312.0,0,
PR0133,PAPER REEL SIZE 45 (CMP),0.0,0.0,0.0,missing_in_erp,0,-3663.0,0,
PR0135,PAPER REEL SIZE 22 (CMP),0.0,0.0,0.0,missing_in_erp,0,-826.0,0,
PR0136,PAPER REEL SIZE 23 (CMP),0.0,0.0,0.0,missing_in_erp,0,-897.0,0,
PR0139,PAPER REEL SIZE 30 (CMP),0.0,0.0,0.0,missing_in_erp,0,-6236.0,0,
PR0140,PAPER REEL SIZE 32 (CMP),0.0,0.0,0.0,missing_in_erp,0,-2174.0,0,
PR0141,PAPER REEL SIZE 39 (CMP),0.0,0.0,0.0,missing_in_erp,0,-2308.0,0,
PR0144,PAPER REEL SIZE 46 (CMP),0.0,0.0,0.0,missing_in_erp,0,-1930.0,0,
PR0145,PAPER REEL SIZE 45 (F & SF),0.0,0.0,0.0,missing_in_erp,0,0,0,
PR0146,PAPER REEL SIZE 31 (CMP),0.0,0.0,0.0,missing_in_erp,0,-1287.0,0,
PR0147,PAPER REEL SIZE 11 (CMP),0.0,0.0,0.0,missing_in_erp,0,-180.0,0,
PR0149,PAPER REEL SIZE 25 (MKLB 150),0.0,0.0,0.0,missing_in_erp,0,0,0,
PR0161,PAPER REEL SIZE 50 (MKLB 150),0.0,0.0,0.0,missing_in_erp,0,-2543.0,0,
PR0162,PAPER REEL SIZE 26 (PK165 A),0.0,0.0,0.0,missing_in_erp,0,-505.0,0,
PR0163,PAPER REEL SIZE 23 (KRAFT),0.0,0.0,0.0,missing_in_erp,0,-1182.0,0,
PR0164,PAPER REEL SIZE 27 (H.S.F),0.0,0.0,0.0,missing_in_erp,0,-9142.0,0,
PR0165,PAPER REEL SIZE 28 (H.S.F),0.0,0.0,0.0,missing_in_erp,0,-11686.0,0,
PR0166,PAPER REEL SIZE 50.5 (TEST LINER),0.0,0.0,0.0,missing_in_erp,0,-3441.0,0,
PR0167,PAPER REEL SIZE 51.5 (TEST LINER),0.0,0.0,0.0,missing_in_erp,0,-3482.0,0,
PR0168,PAPER REEL SIZE 18 (KRAFT),0.0,0.0,0.0,missing_in_erp,0,-432.0,0,
PR0170,PAPER REEL SIZE 34 (KRAFT),0.0,0.0,0.0,missing_in_erp,0,-5301.0,0,
PR0171,PAPER REEL SIZE 22 (KRAFT),0.0,0.0,0.0,missing_in_erp,0,-4032.0,0,
PR0173,PAPER REEL SIZE 44 (KRAFT),0.0,0.0,0.0,missing_in_erp,0,-3419.0,0,
PR0176,PAPER REEL SIZE 33.5 (F & SF),0.0,0.0,0.0,missing_in_erp,0,-1558.0,0,
PR098,PAPER REEL SIZE 10 (F & SF),0.0,0.0,0.0,missing_in_erp,0,-910.0,0,
PRA004,RAHIL 400 GRM DETERGENT C4 P5 LY,0.0,0.0,0.0,missing_in_erp,1441.0,-1441.0,0,
PRA005,RAHIL DISHWASH  LIQUID C4 P3 LN,0.0,0.0,0.0,missing_in_erp,390.0,-390.0,0,
PRA006,RAHIL DETERGENT 5KG CTN C4 P5 LY,0.0,0.0,0.0,missing_in_erp,1616.0,-1616.0,0,
PRA007,RAHIL DETERGENT 5KG/4 CTN C4 P5 LY,0.0,0.0,0.0,missing_in_erp,0,0,0,
PRA008,RAHIL EMPTY CARTON 800/15,0.0,0.0,0.0,missing_in_erp,0,0,0,
PSC001,SHANDAR MUG 8 DOZAN BOX NO. 62 C4 P3 LN,0.0,0.0,0.0,missing_in_erp,0,0,0,
PSC002,MOHSIN CHINA MUG 8 DOZAN BOX NO. 62 C4 P3 LN,0.0,0.0,0.0,missing_in_erp,0,0,0,
PSC003,SHANDAR MUG 8 DOZAN BOX NO.100 C4 P3 LN,0.0,0.0,0.0,missing_in_erp,0,0,0,
PSC004,MOHSIN CHINA MUG 8 DOZAN BOX NO.100 C4 P3 LN,0.0,0.0,0.0,missing_in_erp,0,0,0,
PSC005,SHANDAR MUG 8 DOZAN BOX NO.101 C4 P3 LN,0.0,0.0,0.0,missing_in_erp,0,0,0,
PSC006,MOHSIN CHINA MUG 8 DOZAN BOX NO.101 C4 P3 LN,0.0,0.0,0.0,missing_in_erp,0,0,0,
PSC007,SHANDAR CERAMICS BONE MUG 8 DOZAN BOX C4 P3 LN,0.0,0.0,0.0,missing_in_erp,0,0,0,
PSC008,MOHSIN CHINA CERAMICS BONE MUG 8 DOZAN BOX C4 P3 LN,0.0,0.0,0.0,missing_in_erp,0,0,0,
PSC009,SHANDAR PIYALI CTN 100pcs KHAKI SADA P3,0.0,0.0,0.0,missing_in_erp,4045.0,-4045.0,0,
PSC010,SHANDAR PIYALI CTN 100pcs C4 P3 LN,0.0,0.0,0.0,missing_in_erp,24324.0,-23476.0,0,
PSC011,SHANDAR PAYALA CTN 50 PCS C4 P3 LN,0.0,0.0,0.0,missing_in_erp,0,0,0,
PSC012,SHANDAR PAYALA CTN 60 PCS C4 P3 LN,0.0,0.0,0.0,missing_in_erp,0,0,0,
PSC013,SHANDAR PAYALA CTN 60PCS KHAKI SADA P3 LN,0.0,0.0,0.0,missing_in_erp,131.0,-131.0,0,
PSC014,MOHSIN COLLECTION PAYALI CTN KHAKI C2 P3,0.0,0.0,0.0,missing_in_erp,901.0,-901.0,0,
PSE001,SR5 ENGINE OIL CTN C2 P5,0.0,0.0,0.0,missing_in_erp,995.0,-995.0,0,
PSF001,SHIMLA SALT CTN C4 P5 LN,0.0,0.0,0.0,missing_in_erp,1000.0,-1000.0,0,
PSF002,BHAROSA BANASPATI 1KG 16PACKS,0.0,0.0,0.0,missing_in_erp,0,0,0,
PSF003,FRESH FRY BANASPATI 900GRAM 16PACK,0.0,0.0,0.0,missing_in_erp,0,0,0,
PSG002,CTN SAMARA GOLD KHAKI 500GRAM,0.0,0.0,0.0,missing_in_erp,0,0,0,
PSG003,CTN SAMARA GOLD KHAKI RS.50,0.0,0.0,0.0,missing_in_erp,0,0,0,
PSG004,CTN PETAL CLASSIC KHAKI 1KG,0.0,0.0,0.0,missing_in_erp,0,0,0,
PSM002,VANEEZA FRUTI SOAP ORANGE 48PCS C4 P3 LN,0.0,0.0,0.0,missing_in_erp,21033.0,-21033.0,0,
PSM006,PAIRACON FRUTI SOAP ORANGE 48PCS C4 P3 LN,0.0,0.0,0.0,missing_in_erp,8656.0,-7656.0,0,
PSM010,VANEEZA FRUTI SOAP ORANGE 72PCS C4 P3 LN,0.0,0.0,0.0,missing_in_erp,16703.0,-15111.0,0,
PSM011,VANEEZA FRUTI SOAP PEACH 72PCS C4 P3 LN,0.0,0.0,0.0,missing_in_erp,0,0,0,
PSM012,VANEEZA FRUTI SOAP JASMINE 72PCS C4 P3 LN,0.0,0.0,0.0,missing_in_erp,2261.0,-2261.0,0,
PSM014,PAIRACON FRUTI SOAP ORANGE 72PCS C4 P3 LN,0.0,0.0,0.0,missing_in_erp,14107.0,-10112.0,0,
PSM015,PAIRACON FRUTI SOAP PEACH 72PCS C4 P3 LN,0.0,0.0,0.0,missing_in_erp,0,0,0,
PSM016,PAIRACON FRUTI SOAP JASMINE 72PCS C4 P3 LN,0.0,0.0,0.0,missing_in_erp,784.0,-784.0,0,
PSM023,VANEEZA LEMON 72 TEST LINER C2 P3 LN,0.0,0.0,0.0,missing_in_erp,1007.0,-1007.0,0,
PSM024,VANEEZA 72 ORANGE TEST LINER C2 P3 LN,0.0,0.0,0.0,missing_in_erp,0,0,0,
PSM026,VENIZA FRUITY ORANGE 72 PCS C2 P3 LN(CBB),0.0,0.0,0.0,missing_in_erp,13724.0,-13724.0,0,
PSM029,VENIZA FRUITI 48 PCS LEMON C2 P3 LN(CBB),0.0,0.0,0.0,missing_in_erp,17476.0,-17476.0,0,
PSM030,VENIZA BEAUTY 48 PCS ORANGE C2 P3 LN(CBB),0.0,0.0,0.0,missing_in_erp,24861.0,-24861.0,0,
PSM031,HARMONI JASMINE 48 TIKI C2 P3 LN,0.0,0.0,0.0,missing_in_erp,2969.0,-2969.0,0,
PSM032,HARMONI JASMIN 72 TIKI C2 P3 LN,0.0,0.0,0.0,missing_in_erp,3005.0,-1780.0,0,
PSM035,KINZY BEAUTY SOAP 48PCS KHAKI C1 P3,0.0,0.0,0.0,missing_in_erp,4016.0,-4016.0,0,
PSM036,SKY BEAUTY SOAP 48PCS KHAKI C1 P3,0.0,0.0,0.0,missing_in_erp,9438.0,-9438.0,0,
PSM038,LAIBA FRUITY SOAP (LEMON) 48 PCS C4 P3,0.0,0.0,0.0,missing_in_erp,6526.0,-6526.0,0,
PSM040,LAIBA FRUITY SOAP (ORANGE) 48 PCS C4 P3,0.0,0.0,0.0,missing_in_erp,5978.0,-4954.0,0,
PSM041,RANI FRUITY SOAP LEMON 72 PCS C4 P3 LN,0.0,0.0,0.0,missing_in_erp,4052.0,-4052.0,0,
PSM042,RANI FRUITY SOAP ORANGE 72 PCS C4 P3 LN,0.0,0.0,0.0,missing_in_erp,2231.0,-2231.0,0,
PSM043,RANI FRUITY SOAP LEMON 48 PCS C4 P3 LN,0.0,0.0,0.0,missing_in_erp,2892.0,-2892.0,0,
PSM044,RANI FRUITY SOAP ORANGE 48 PCS C4 P3 LN,0.0,0.0,0.0,missing_in_erp,2751.0,-2751.0,0,
PSM045,RANI FRUITY SOAP PEACH 72 PCS C4 P3,0.0,0.0,0.0,missing_in_erp,1942.0,-1942.0,0,
PSM046,VANIZA FRUITY SOAP PEACH 72 PCS C4 P3,0.0,0.0,0.0,missing_in_erp,1960.0,-1960.0,0,
PSM047,RANI FRUITY SOAP PEACH 48PCS C3 P4,0.0,0.0,0.0,missing_in_erp,1985.0,-1985.0,0,
PSM25,VENIZA FRUITY LEMON 72 PCS C2 P3 LN(CBB),0.0,0.0,0.0,missing_in_erp,16364.0,-16364.0,0,
PSN001,SHAHZAIN LAUNDRY SOAP#1 C2 P3,0.0,0.0,0.0,missing_in_erp,7906.0,-7906.0,0,
PSN002,SHAHZAIN LAUNDRY SOAP#2 C2 P3,0.0,0.0,0.0,missing_in_erp,2979.0,-2979.0,0,
PSN003,SHAHZAIN LAUNDRY SOAP#3 C2 P3,0.0,0.0,0.0,missing_in_erp,3004.0,-3004.0,0,
PSN004,SHAHZAIN LAUNDRY SOAP#4 C2 P3,0.0,0.0,0.0,missing_in_erp,3008.0,-3008.0,0,
PSN005,SHAHZAIN LAUNDRY SOAP#5 C2 P3,0.0,0.0,0.0,missing_in_erp,3227.0,-3227.0,0,
PSN006,SHAHZAIN LAUNDRY SOAP#6 C2 P3,0.0,0.0,0.0,missing_in_erp,2999.0,-2999.0,0,
PSN007,ZARYAN SOAP SMALL C3 P3,0.0,0.0,0.0,missing_in_erp,13315.0,-13315.0,0,
PSN008,ZARYAN SOAP LARGE C3 P3,0.0,0.0,0.0,missing_in_erp,7188.0,-7188.0,0,
PSN009,SHAHZAIN LAUNDRY SOAP#7 C2 P3,0.0,0.0,0.0,missing_in_erp,8983.0,-8983.0,0,
PSN010,SHAHZAIN LAUNDRY SOAP#8 LARGE C2 P3,0.0,0.0,0.0,missing_in_erp,15828.0,-14333.0,0,
PSN011,SHAHZAIN LAUNDRY SOAP DEY ZARYAN 40 TIKKI C3 P3,0.0,0.0,0.0,missing_in_erp,4972.0,-4972.0,0,
PSN012,SHAHZAIN LAUNDRY SOAP MC-10 C3 P3,0.0,0.0,0.0,missing_in_erp,4927.0,-1944.0,0,
PSN013,SHAHZAIN SOAP 10*7.4*7 C3 P3,0.0,0.0,0.0,missing_in_erp,0,0,0,
PSN014,HAMID SOAP DEY CODE NO.8 C3 P3,0.0,0.0,0.0,missing_in_erp,987.0,-987.0,0,
PSN015,HAMID SOAP 20TIKKI C3 P3,0.0,0.0,0.0,missing_in_erp,1002.0,-1002.0,0,
PSN016,HAMID SOAP LARGE C3 P3,0.0,0.0,0.0,missing_in_erp,989.0,-989.0,0,
PSN017,SHAHZAIN SOAP DEY ZARYAN C3 P3,0.0,0.0,0.0,missing_in_erp,11724.0,-11724.0,0,
PSN018,SHAHZAIN 20 TIKKI C3 P3,0.0,0.0,0.0,missing_in_erp,4951.0,-4951.0,0,
PSN019,K2 SPECIAL SOAP 65 CODE C2 P3,0.0,0.0,0.0,missing_in_erp,8063.0,-8063.0,0,
PSN020,K2 SPECIAL CODE NO.1 C2 P3,0.0,0.0,0.0,missing_in_erp,6691.0,-1705.0,0,
PSN021,K2 SPECIAL CODE NO.2 C2 P3,0.0,0.0,0.0,missing_in_erp,3173.0,-3173.0,0,
PSN022,K2 SPECIAL CODE NO.143 C2 P3,0.0,0.0,0.0,missing_in_erp,3000.0,3553.0,0,
PSN023,SAEED LAUNDRY C3 P3,0.0,0.0,0.0,missing_in_erp,1991.0,-1991.0,0,
PSN024,K-2 LAUNDRY SOAP DEY CODE NO#8 C2 P3,0.0,0.0,0.0,missing_in_erp,6576.0,1903.0,0,
PSN025,SHAHZAIN LAUNDRY SOAP CODE MC#01 C2 P3,0.0,0.0,0.0,missing_in_erp,3981.0,-3981.0,0,
PSN027,AQUA LAUNDRY SOAP (DEY NO.65 OLD) C2 P3,0.0,0.0,0.0,missing_in_erp,2991.0,-2991.0,0,
PSN028,ZARYAN LAUNDRY SOAP CODE NO#65 C2 P3,0.0,0.0,0.0,missing_in_erp,3000.0,-3000.0,0,
PSN029,SHAHZAIN LAUNDRY SOAP CODE NO.65 C2 P3,0.0,0.0,0.0,missing_in_erp,2939.0,-2939.0,0,
PSN030,SHAHZAIN SOAP DEY TRAIN (10*5.5*5) C2 P3,0.0,0.0,0.0,missing_in_erp,4985.0,-4985.0,0,
PSN031,SHAHZAIN SOAP DEY K-2 CODE#1 C2 P3,0.0,0.0,0.0,missing_in_erp,4967.0,-4967.0,0,
PSN032,SHAHZAIN SOAP CODE#M-6 C2 P3,0.0,0.0,0.0,missing_in_erp,2959.0,-2959.0,0,
PSN033,ZARYAN SOAP DEY K-2 CODE#1 C2 P3,0.0,0.0,0.0,missing_in_erp,5014.0,-5014.0,0,
PSN034,SHAHZAIN SOAP CODE#MC-4 C2 P3,0.0,0.0,0.0,missing_in_erp,2941.0,-2941.0,0,
PSN035,ZARYAN SOAP CODE#MC-8 C2 P3,0.0,0.0,0.0,missing_in_erp,2900.0,-2900.0,0,
PSN036,ZARYAN SOAP CODE#MC-9 C2 P3,0.0,0.0,0.0,missing_in_erp,2983.0,-2983.0,0,
PSN037,SHAHZAIN SOAP MC-11 (GULF SIZE) C2 P3,0.0,0.0,0.0,missing_in_erp,2997.0,-2997.0,0,
PSN038,SHAHZAIN SOAP MC-13 (DEY RING NO.140) C3 P3,0.0,0.0,0.0,missing_in_erp,2958.0,-2958.0,0,
PSN039,SHAHZAIN SOAP MC-15 C3 P3,0.0,0.0,0.0,missing_in_erp,3081.0,-1092.0,0,
PSN040,SHAHZAIN SOAP MC-14 C3 P3,0.0,0.0,0.0,missing_in_erp,3236.0,-3236.0,0,
PSN041,AZADI SOAP 20 TIKKI C2 P3,0.0,0.0,0.0,missing_in_erp,1964.0,1015.0,0,
PSN044,KAUSAR SOAP C3 P3,0.0,0.0,0.0,missing_in_erp,0,1007.0,0,
PSN045,ZARYAN SOAP DEY AZADI SOAP C2 P3,0.0,0.0,0.0,missing_in_erp,0,1980.0,0,
PSN046,SHAHZAIN SOAP SMALL C2 P3,0.0,0.0,0.0,missing_in_erp,3154.0,2442.0,0,
PSN047,EHSAN LAUNDRY SOAP DEY K-1 C2 P3,0.0,0.0,0.0,missing_in_erp,0,4994.0,0,
PSN048,KAUSAR LAUNDRY SOAP (BLUE) C2 P3,0.0,0.0,0.0,missing_in_erp,0,1039.0,0,
PSN049,KAUSAR LAUNDRY SOAP (YELLOW) C2 P3,0.0,0.0,0.0,missing_in_erp,0,1000.0,0,
PSN052,K-2 SOAP DIE ZARYAN  C2 P3,0.0,0.0,0.0,missing_in_erp,0,1974.0,0,
PSN053,K-2 SOAP DIE SHAZAIN MC-2  C2 P3,0.0,0.0,0.0,missing_in_erp,14903.0,1975.0,0,
PSN054,KAUSAR SABOON  4PACK  SMALL  C3 P3,0.0,0.0,0.0,missing_in_erp,0,1014.0,0,
PSN055,ZARYAN SOAP DEY CODE NO.8 C2 P3,0.0,0.0,0.0,missing_in_erp,1986.0,0,0,
PSN056,ZARYAN SOAP DEY CODE NO.143 C2 P3,0.0,0.0,0.0,missing_in_erp,2004.0,0,0,
PSN057,ZARYAN SOAP DEY MC-2 C2 P3,0.0,0.0,0.0,missing_in_erp,2000.0,0,0,
PSN059,NAVEED SOAP DEY CODE NO.8 C4 P3,0.0,0.0,0.0,missing_in_erp,982.0,0,0,
PSN060,ZAIN SOAP DEY CODE NO.8 C4 P3,0.0,0.0,0.0,missing_in_erp,1000.0,0,0,
PSN062,SHAHZAIN SOAP 4PACK DEY KAUSAR C4 P3,0.0,0.0,0.0,missing_in_erp,1005.0,0,0,
PSN063,SHAHZAIN SOAP 4PACK SMALL DEY KAUSAR C4 P3,0.0,0.0,0.0,missing_in_erp,994.0,0,0,
PSN064,K-2 LAUNDRY SOAP CODE#7 C2 P3,0.0,0.0,0.0,missing_in_erp,4996.0,0,0,
PSN065,WAQAS SOAP CODE#143 C2 P3,0.0,0.0,0.0,missing_in_erp,1004.0,0,0,
PSN067,K2 SOAP 20 TIKKI BROWN C2 P3,0.0,0.0,0.0,missing_in_erp,1998.0,0,0,
PSN068,SHAHZAIN SOAP CODE#002 C2 P3,0.0,0.0,0.0,missing_in_erp,2040.0,0,0,
PSN069,SHAHZAIN SOAP CODE#020 C2 P3,0.0,0.0,0.0,missing_in_erp,1966.0,0,0,
PSR001,N-DURE SHOE BOX SIZE 320*215*120MM WALK DIFFERENT,0.0,0.0,0.0,missing_in_erp,41157.0,-44557.0,0,
PSR002,N-DURE SHOE BOX SIZE 320*215*120MM LAMINATION,0.0,0.0,0.0,missing_in_erp,58222.0,-68022.0,0,
PSR003,N-DURE SHOE BOX SIZE 320*200*115MM LAMINATION,0.0,0.0,0.0,missing_in_erp,34935.0,-34935.0,0,
PSR004,N-DURE SHOE BOX SIZE 310*160*115MM LAMINATION,0.0,0.0,0.0,missing_in_erp,34804.0,-34804.0,0,
PSR005,N-DURE SHOE BOX SIZE 280*150*110MM LAMINATION,0.0,0.0,0.0,missing_in_erp,68939.0,-68939.0,0,
PSR006,SHOE BOX DONCARLOS SIZE 320*190*125MM,0.0,0.0,0.0,missing_in_erp,46150.0,-46150.0,0,
PSR007,SHOE BOX SERVIS SIZE 290*190*110MM,0.0,0.0,0.0,missing_in_erp,14824.0,-14824.0,0,
PSR008,SHOE BOX SERVIS SIZE 280*150*110MM,0.0,0.0,0.0,missing_in_erp,14600.0,-14600.0,0,
PSR009,CHEETA A-4 (ARMY JOGGER) BOX SIZE 320*190*125 MM,0.0,0.0,0.0,missing_in_erp,40192.0,-40192.0,0,
PSR011,SHOE BOX SERVIS SIZE 340*185*120 RED/WHITE,0.0,0.0,0.0,missing_in_erp,19690.0,-19690.0,0,
PSR013,SHOE BOX LIZA 280*150*110 RED/WHITE,0.0,0.0,0.0,missing_in_erp,77652.0,-77652.0,0,
PSR0135,PAPER REEL SIZE 22 (CMP),0.0,0.0,0.0,missing_in_erp,0,0,0,
PSR015,SHOE BOX LIZA 290*190*110 RED/WHITE,0.0,0.0,0.0,missing_in_erp,64967.0,-64967.0,0,
PSR016,CARTON SHEET 5PLY SIZE 690MM * 395MM,0.0,0.0,0.0,missing_in_erp,1220.0,-1220.0,0,
PSR017,CARTON 7-PLY 650*415*350MM,0.0,0.0,0.0,missing_in_erp,1162.0,-160.0,0,
PSR018,CARTON 5PLY 705*660*325MM 24P SSC,0.0,0.0,0.0,missing_in_erp,2598.0,-2982.0,0,
PSR022,SADA CARTON 640*620*600 P5,0.0,0.0,0.0,missing_in_erp,15.0,-15.0,0,
PSR023,CARTON 5 PLY 680* 570*350mm,0.0,0.0,0.0,missing_in_erp,2.0,-2.0,0,
PSR024,CARTON 5 PLY 570*570*350MM,0.0,0.0,0.0,missing_in_erp,2.0,-2.0,0,
PSR025,CARTON 5 PLY 570*460*350MM,0.0,0.0,0.0,missing_in_erp,13.0,-13.0,0,
PSR026,CARTON 540*500*350 SADA,0.0,0.0,0.0,missing_in_erp,49.0,-49.0,0,
PSR027,CARTON 570*500*320 SADA,0.0,0.0,0.0,missing_in_erp,30.0,-30.0,0,
PSR028,SHOE BOX LEATHER NO.1/2(SNR-4) 310*160*115MM,0.0,0.0,0.0,missing_in_erp,39205.0,-39205.0,0,
PSR036,CARTON 565*460*345 WITH SERVIS LOGO,0.0,0.0,0.0,missing_in_erp,40.0,-40.0,0,
PSR037,CARTON 5 PLY 770*400*335MM 12 P SSC LOGO,0.0,0.0,0.0,missing_in_erp,410.0,-410.0,0,
PSR039,CARTON 5-PLY 590*460*325MM SERVIS LOGO,0.0,0.0,0.0,missing_in_erp,457.0,-457.0,0,
PSR041,CARTON 5PLY 420*260*350MM,0.0,0.0,0.0,missing_in_erp,118.0,-118.0,0,
PSR042,CARTON 5PLY 430*380*345MM,0.0,0.0,0.0,missing_in_erp,8.0,-8.0,0,
PSR043,CARTON 5-PLY 540*540*350MM,0.0,0.0,0.0,missing_in_erp,20.0,-20.0,0,
PSR045,CARTON 5-PLY 710*420*340MM,0.0,0.0,0.0,missing_in_erp,49.0,-49.0,0,
PSR046,CARTON 5-PLY 570*420*320MM,0.0,0.0,0.0,missing_in_erp,10.0,-10.0,0,
PSR047,CARTON 5-PLY 645*560*370MM SERVIS LOGO,0.0,0.0,0.0,missing_in_erp,112.0,-112.0,0,
PSR050,CARTON 5PLY 570*570*320MM,0.0,0.0,0.0,missing_in_erp,106.0,-106.0,0,
PSR051,CARTON 5PLY 380*380*350MM,0.0,0.0,0.0,missing_in_erp,46.0,16.0,0,
PSR054,CARTON 5-PLY 670*580*350,0.0,0.0,0.0,missing_in_erp,38.0,-38.0,0,
PSR057,DONCARLOS 335*235*120MM BLACK,0.0,0.0,0.0,missing_in_erp,6400.0,-6400.0,0,
PSR058,SHOE BOX SIERRA CHEEPER 350*330*125 WHITE,0.0,0.0,0.0,missing_in_erp,3135.0,-3135.0,0,
PSR059,CARTON 7PLY 560*390*370MM GLOBE,0.0,0.0,0.0,missing_in_erp,1673.0,-2522.0,0,
PSR060,CARTON 610*645*360 SERVIC LOGO,0.0,0.0,0.0,missing_in_erp,0,0,0,
PSR061,CARTON 7 PLY ANTI SKID 680*655*375 MM,0.0,0.0,0.0,missing_in_erp,1564.0,-1564.0,0,
PSR064,PLAIN CTN 711*660*368MM P5 KHAKI,0.0,0.0,0.0,missing_in_erp,482.0,-482.0,0,
PSR067,CARTON 5PLY  570*570*320MM EXPORT,0.0,0.0,0.0,missing_in_erp,375.0,-375.0,0,
PSR068,CARTON 5-PLY 460*290*320MM EXPORT,0.0,0.0,0.0,missing_in_erp,171.0,-171.0,0,
PSR069,CARTON 5-PLY EXPORT 670*500*350 MM,0.0,0.0,0.0,missing_in_erp,76.0,-76.0,0,
PSR070,CARTON 5-PLY EXPORT 595*500*320 MM,0.0,0.0,0.0,missing_in_erp,36.0,-36.0,0,
PSR071,CARTON 5-PLY EXPORT 875*365*320,0.0,0.0,0.0,missing_in_erp,73.0,-73.0,0,
PSR074,CARTON 5-PLY EXPORT 570*570*320,0.0,0.0,0.0,missing_in_erp,162.0,-162.0,0,
PSR075,CARTON 5-PLY EXPORT 580*540*350,0.0,0.0,0.0,missing_in_erp,188.0,-188.0,0,
PSR077,CARTON 5-PLY EXPORT 680*540*355,0.0,0.0,0.0,missing_in_erp,222.0,-222.0,0,
PSR078,CARTON 5-PLY EXPORT 570*380*310,0.0,0.0,0.0,missing_in_erp,94.0,-94.0,0,
PSR079,CARTON 5-PLY EXPORT 540*300*350,0.0,0.0,0.0,missing_in_erp,7.0,-7.0,0,
PSR080,CARTON 5-PLY EXPORT 680*350*320,0.0,0.0,0.0,missing_in_erp,83.0,-83.0,0,
PSR081,CARTON 5-PLY EXPORT 460*380*310,0.0,0.0,0.0,missing_in_erp,152.0,-124.0,0,
PSR082,CARTON 5-PLY EXPORT 460*290*320,0.0,0.0,0.0,missing_in_erp,180.0,-180.0,0,
PSR083,CARTON 5-PLY EXPORT 800*540*355,0.0,0.0,0.0,missing_in_erp,59.0,-59.0,0,
PSR085,CARTON 7-PLY 680*645*370 10PAIRS TURBAT,0.0,0.0,0.0,missing_in_erp,535.0,-535.0,0,
PSR086,CARTON EXPORT 5-PLY 680*460*320,0.0,0.0,0.0,missing_in_erp,167.0,-167.0,0,
PSR087,CARTON EXPORT 5-PLY 560*460*310,0.0,0.0,0.0,missing_in_erp,60.0,-23.0,0,
PSR088,CARTON EXPORT 5-PLY 540*540*355,0.0,0.0,0.0,missing_in_erp,63.0,-63.0,0,
PSR089,CARTON EXPORT 5-PLY 570*500*330,0.0,0.0,0.0,missing_in_erp,10.0,-10.0,0,
PSR090,CARTON EXPORT 5-PLY 500*460*330,0.0,0.0,0.0,missing_in_erp,72.0,-72.0,0,
PSR091,CARTON EXPORT 5-PLY 460*460*320,0.0,0.0,0.0,missing_in_erp,54.0,-54.0,0,
PSR092,CARTON EXPORT 5-PLY 540*460*355,0.0,0.0,0.0,missing_in_erp,116.0,-116.0,0,
PSR094,CARTON EXPORT 5-PLY 800*640*350,0.0,0.0,0.0,missing_in_erp,25.0,-25.0,0,
PSR096,CARTON 5-PLY 620*480*330 WITH SERVIS LOGO,0.0,0.0,0.0,missing_in_erp,0,115.0,0,
PSR097,CARTON 5-PLY 645*480*365 SADA,0.0,0.0,0.0,missing_in_erp,0,180.0,0,
PSR099,CARTON 5-PLY EXPORT 460*200*310 PLAIN,0.0,0.0,0.0,missing_in_erp,0,12.0,0,
PSR102,CARTON 5-PLY 590*510*360 SHAHKAM LOGO,0.0,0.0,0.0,missing_in_erp,0,234.0,0,
PSR103,CARTON 5-PLY 670*400*360 ONE SIDE PRINTED,0.0,0.0,0.0,missing_in_erp,0,163.0,0,
PSR106,CARTON 5-PLY 645*380*350 ONE SIDE PRINTED BRAND NUMBER,0.0,0.0,0.0,missing_in_erp,0,145.0,0,
PSR108,CARTON 5-PLY 610*153*526 WITH SERVIS LOGO,0.0,0.0,0.0,missing_in_erp,0,0,0,
PSR110,CARTON 5-PLY 645*510*355 SADA,0.0,0.0,0.0,missing_in_erp,0,196.0,0,
PSR115,CARTON 5-PLY 950*410*350 SADA,0.0,0.0,0.0,missing_in_erp,24.0,0,0,
PSR131,CARTON 5PLY 555*495*325 WITH SERVIS LOGO,0.0,0.0,0.0,missing_in_erp,763.0,0,0,
PSR142,CARTON 5-PLY 730*500*335 WITH SERVIS LOGO,0.0,0.0,0.0,missing_in_erp,0,0,0,
PSS002,TARZGI FRUTI SOAP ORANGE 48 PCS C4 P3 LN,0.0,0.0,0.0,missing_in_erp,9461.0,-9461.0,0,
PSS003,TAZGI FRUTI SOAP PEACH 48 PCS C4 P3 LN,0.0,0.0,0.0,missing_in_erp,6958.0,-6958.0,0,
PSS005,TAZGI FRUTI SOAP ORANGE 72 PCS NEW SIZE C4 P3 LN,0.0,0.0,0.0,missing_in_erp,12634.0,-12634.0,0,
PSS006,TAZGI FRUTI SOAP PEACH 72 PCS NEW SIZE C4 P3 LN,0.0,0.0,0.0,missing_in_erp,3621.0,-3621.0,0,
PSS007,TAZGI BEAUTY SOAP JASMINE 72 PCS C4 P3 LN,0.0,0.0,0.0,missing_in_erp,25950.0,-25950.0,0,
PSS009,NISMA BEAUTY SOAP JASMINE 72PCS C4 P3 LN,0.0,0.0,0.0,missing_in_erp,21618.0,-21618.0,0,
PSS010,NISMA FRUTI SOAP ORANGE 48PCS C4 P3 LN,0.0,0.0,0.0,missing_in_erp,10334.0,-10334.0,0,
PSS011,NISMA FRUTI SOAP PEACH 48PCS C4 P3 LN,0.0,0.0,0.0,missing_in_erp,5636.0,-5636.0,0,
PSS012,NISMA FRUTI SOAP LEMON 48PCS C4 P3 LN,0.0,0.0,0.0,missing_in_erp,8300.0,-8300.0,0,
PSS013,NISMA FRUTI SOAP LEMON 72PCS NEW SIZE C4 P3 LN,0.0,0.0,0.0,missing_in_erp,10204.0,-10204.0,0,
PSS014,NISMA FRUTI SOAP ORANGE 72PCS NEW SIZE C4 P3 LN,0.0,0.0,0.0,missing_in_erp,9123.0,-9123.0,0,
PSS015,NISMA FRUTI SOAP PEACH 72PCS NEW SIZE C4 P3 LN,0.0,0.0,0.0,missing_in_erp,4195.0,-4195.0,0,
PSS018,TRAIN NAROL 790 C2 P3 LN,0.0,0.0,0.0,missing_in_erp,0,0,0,
PSS021,PUNJAB NAROL 792 C2 P3 LN,0.0,0.0,0.0,missing_in_erp,0,0,0,
PSS023,TRAIN NAROL 794 C2 P3 LN,0.0,0.0,0.0,missing_in_erp,0,0,0,
PSS024,TRAIN NAROL 796 C2 P3 LN,0.0,0.0,0.0,missing_in_erp,0,0,0,
PSS026,TRAIN NO.024 C2 P3 LN,0.0,0.0,0.0,missing_in_erp,4621.0,-4621.0,0,
PSS033,TRAIN NAROL BLUE 9KG (TRAIN MARKA) C2 P3 LN,0.0,0.0,0.0,missing_in_erp,2000.0,-2000.0,0,
PSS034,TRAIN SPECIAL 20 TIKKI 017 C4 P3 LN,0.0,0.0,0.0,missing_in_erp,0,0,0,
PSS037,TRAIN 36 TIKKI 051 C2 P3 LN,0.0,0.0,0.0,missing_in_erp,0,0,0,
PSS043,TRAIN SANDALI NO.5 C3 P3 LN,0.0,0.0,0.0,missing_in_erp,1390.0,-1390.0,0,
PSS044,TRAIN SANDALI NO.6 C3 P3 LN,0.0,0.0,0.0,missing_in_erp,0,0,0,
PSS047,TRAIN NO.C-112 C4 P3 LN,0.0,0.0,0.0,missing_in_erp,5139.0,-5139.0,0,
PSS048,FEROZA C4 P3 LN,0.0,0.0,0.0,missing_in_erp,2995.0,-2995.0,0,
PSS049,TRAIN NO.C-112 C4 P5 LN,0.0,0.0,0.0,missing_in_erp,0,0,0,
PSS050,FEROZA C4 P5 LN,0.0,0.0,0.0,missing_in_erp,1764.0,-1764.0,0,
PSS056,TRAIN RAHEEL 20 TIKKI NO.149 C4 P3 LN,0.0,0.0,0.0,missing_in_erp,396.0,-396.0,0,
PSS058,TRAIN SARHAD 40 TIKKI C2 P3 LN,0.0,0.0,0.0,missing_in_erp,0,0,0,
PSS059,SAUD SABON SIZE TRAIN C-145 40 TIKKI C2 P3 LN,0.0,0.0,0.0,missing_in_erp,996.0,-996.0,0,
PSS062,TRAIN NO.62 C4 P5 LN,0.0,0.0,0.0,missing_in_erp,0,0,0,
PSS064,TRAIN NAROWAL C4 P3 LN,0.0,0.0,0.0,missing_in_erp,0,0,0,
PSS065,TRAIN SIALKOT LARGE C4 P3 LN,0.0,0.0,0.0,missing_in_erp,6149.0,-6149.0,0,
PSS066,TRAIN BUTKHELA C4 P3 LN,0.0,0.0,0.0,missing_in_erp,0,0,0,
PSS067,BROWN SADA C2 P5 LN,0.0,0.0,0.0,missing_in_erp,0,0,0,
PSS068,TRAIN MARKA NAROL 8KG GREEN C2 P3 LN,0.0,0.0,0.0,missing_in_erp,495.0,-495.0,0,
PSS069,TRAIN MARKA NAROL 056 C2 P3 LN,0.0,0.0,0.0,missing_in_erp,0,0,0,
PSS070,TRAIN BROWN CHAKOR 36 TIKKI C3 P3 LN,0.0,0.0,0.0,missing_in_erp,0,0,0,
PSS071,TRAIN BROWN CHAKOR 72 TIKKI C3 P3 LN,0.0,0.0,0.0,missing_in_erp,0,0,0,
PSS072,TRAIN RAHEEL MISKEEN ZAI 029 C1 P3 LN,0.0,0.0,0.0,missing_in_erp,316.0,-316.0,0,
PSS075,TRAIN BROWN CHAKOR 40 TIKKI 788 SMALL C4 P3 LN,0.0,0.0,0.0,missing_in_erp,0,0,0,
PSS076,TRAIN BROWN CHAKOR 40 TIKKI 789 LARGE C4 P3 LN,0.0,0.0,0.0,missing_in_erp,0,0,0,
PSS077,TRAIN BROWN BAR 36 TIKKI MULTAN C2 P3 LN,0.0,0.0,0.0,missing_in_erp,7105.0,-7105.0,0,
PSS078,TRAIN GULI 500/20 MULTAN C2 P3 LN,0.0,0.0,0.0,missing_in_erp,0,0,0,
PSS079,TRAIN BROWN 200/20 MULTAN C2 P3 LN,0.0,0.0,0.0,missing_in_erp,19874.0,-19874.0,0,
PSS080,TRAIN EXTRA NEET 9 KG 4 PACK C4 P3 LN,0.0,0.0,0.0,missing_in_erp,8705.0,-8705.0,0,
PSS086,LASHKARA NO.16 C2 P3 LN,0.0,0.0,0.0,missing_in_erp,0,0,0,
PSS087,LASHKARA 130/40 NO.17 C2 P3 LN,0.0,0.0,0.0,missing_in_erp,30610.0,-30022.0,0,
PSS088,LASHKARA SIALKOT NO.019 C4 P3 LN,0.0,0.0,0.0,missing_in_erp,1508.0,-1508.0,0,
PSS090,LASHKARA BROWN BAR 280/40 NO.24 C3 P3 LN,0.0,0.0,0.0,missing_in_erp,0,0,0,
PSS091,LASHKARA NO.25 C3 P3 LN,0.0,0.0,0.0,missing_in_erp,0,0,0,
PSS093,LASHKARA NO.0027 C2 P3 LN,0.0,0.0,0.0,missing_in_erp,0,0,0,
PSS095,LASHKARA 180/40 NO.28 C3 P3 LN,0.0,0.0,0.0,missing_in_erp,0,0,0,
PSS096,LASHKARA BROWN BAR NO.29 C3 P3 LN,0.0,0.0,0.0,missing_in_erp,0,0,0,
PSS097,LASHKARA NO.30 C3 P3 LN,0.0,0.0,0.0,missing_in_erp,0,0,0,
PSS099,LASHKARA BROWN NO.32 C3 P3 LN,0.0,0.0,0.0,missing_in_erp,182.0,-182.0,0,
PSS105,LASHKARA 18 KG NO.42 C3 P3 LN,0.0,0.0,0.0,missing_in_erp,533.0,-533.0,0,
PSS106,LASHKARA 20 KG NO.42 C3 P3 LN,0.0,0.0,0.0,missing_in_erp,5181.0,-5181.0,0,
PSS111,LASHKARA CHOCOLATE NO.046 C2 P3 LN,0.0,0.0,0.0,missing_in_erp,2895.0,-2310.0,0,
PSS114,TRAIN WHITE 8 KG  C4 P5 LN,0.0,0.0,0.0,missing_in_erp,2189.0,-2189.0,0,
PSS115,TRAIN RAHEEL MISKEEN ZAI 029 C1 P5 LN,0.0,0.0,0.0,missing_in_erp,0,0,0,
PSS116,LASHKARA NO.48 C2 P3 LN,0.0,0.0,0.0,missing_in_erp,3081.0,-3081.0,0,
PSS118,LASHKARA 240/36 NO.50 C2 P3 LN,0.0,0.0,0.0,missing_in_erp,0,0,0,
PSS128,LASHKARA NO. 166 C5 P3 LN,0.0,0.0,0.0,missing_in_erp,3660.0,-3660.0,0,
PSS130,LASHKARA NO. 806 C2 P3 LN,0.0,0.0,0.0,missing_in_erp,0,0,0,
PSS133,TRAIN  POWER 10 KG C2 P3 LN,0.0,0.0,0.0,missing_in_erp,1993.0,-1993.0,0,
PSS134,LASHKARA 28*32 19 KG C4 P3 LN,0.0,0.0,0.0,missing_in_erp,0,0,0,
PSS136,LASHKARA SINDH NO.011 C2 P3,0.0,0.0,0.0,missing_in_erp,813.0,-813.0,0,
PSS145,RAHIL MASKEEN ZAI NO.030 C1 P5 LN,0.0,0.0,0.0,missing_in_erp,0,0,0,
PSS192,SUPER NAWAZ 303 80 TIKKI C1 P3 LN,0.0,0.0,0.0,missing_in_erp,5331.0,-5331.0,0,
PSS198,BRILLO FRUTI SOAP LEMON 72PCS C4 P3 LN,0.0,0.0,0.0,missing_in_erp,4951.0,-4951.0,0,
PSS199,CC NO. 65 DIY L 65 C2 P3 LN,0.0,0.0,0.0,missing_in_erp,606.0,-606.0,0,
PSS200,RING 10 KG DIY L10 KG,0.0,0.0,0.0,missing_in_erp,3671.0,-3671.0,0,
PSS201,BRILLO TRANS 40 TIKKI C2 P3 LN,0.0,0.0,0.0,missing_in_erp,6880.0,-6880.0,0,
PSS202,POWER 20 TIKKI C2 P3 LN,0.0,0.0,0.0,missing_in_erp,0,0,0,
PSS203,NASEEM 20 TIKKI C2 P3 LN,0.0,0.0,0.0,missing_in_erp,27954.0,-27954.0,0,
PSS204,TOOR NAROL 20 TIKKI NEW C2 P3 LN,0.0,0.0,0.0,missing_in_erp,19066.0,-19066.0,0,
PSS205,CC 4 PACK 9KG C2 P3 LN,0.0,0.0,0.0,missing_in_erp,28126.0,-28126.0,0,
PSS206,JUNGLE NO. 796 C4 P3 LN,0.0,0.0,0.0,missing_in_erp,1587.0,-1587.0,0,
PSS207,NASEEM SOAP 40 TIKI DIE ADIL 170 GRAM C1 P3 LN,0.0,0.0,0.0,missing_in_erp,2844.0,-2844.0,0,
PSS208,LASHKARA 16KG NO.42 C3 P3 LN,0.0,0.0,0.0,missing_in_erp,945.0,-945.0,0,
PSS209,JUNGLE 20 KG NO.37 C2 P3 LN,0.0,0.0,0.0,missing_in_erp,0,0,0,
PSS210,CC 10 KG C4 P3 LN,0.0,0.0,0.0,missing_in_erp,1017.0,-1017.0,0,
PSS211,BRILLO BEAUTY SOAP KHAKI RED 48 PCS C2 P3 LN,0.0,0.0,0.0,missing_in_erp,9991.0,-9991.0,0,
PSS212,BRILLO BEAUTY SOAP BLACK 48 PCS C2 P3 LN,0.0,0.0,0.0,missing_in_erp,1772.0,-1772.0,0,
PSS213,BRILLO BEAUTY SOAP PINK 48 PCS C2 P3 LN,0.0,0.0,0.0,missing_in_erp,2663.0,-2663.0,0,
PSS214,TRAIN LIQUID NEEL C1 P3 LN,0.0,0.0,0.0,missing_in_erp,4121.0,-4121.0,0,
PSS215,SEHAT SOAP 36 PCS C2 P3 CBB,0.0,0.0,0.0,missing_in_erp,5039.0,-5039.0,0,
PSS216,CC NO.35 ASAL C2 P3,0.0,0.0,0.0,missing_in_erp,23474.0,-23474.0,0,
PSS217,JUNGLE 40 PACK NO.797,0.0,0.0,0.0,missing_in_erp,4116.0,-4116.0,0,
PSS218,ADILL SABOON 195 GRM P3 C2 LN,0.0,0.0,0.0,missing_in_erp,3230.0,-3230.0,0,
PSS219,ADILL SABON 150 GRM P3 C2 LN,0.0,0.0,0.0,missing_in_erp,1534.0,-1534.0,0,
PSS220,TAZGI BEAUTY SOAP 90/72 P BROWN P3 C1,0.0,0.0,0.0,missing_in_erp,88586.0,-88586.0,0,
PSS221,ADILL SABON 170 GRM P2 C2 LN,0.0,0.0,0.0,missing_in_erp,988.0,-988.0,0,
PSS222,GHAZI 10 KG C4 P3 LN,0.0,0.0,0.0,missing_in_erp,1511.0,-1511.0,0,
PSS223,GHAZI 9KG/8KG C4 P3 LN,0.0,0.0,0.0,missing_in_erp,3170.0,-3170.0,0,
PSS224,BILLAL 20 TIKKI C1 P3 LN KHAKI,0.0,0.0,0.0,missing_in_erp,1624.0,-1624.0,0,
PSS225,JAMAL 40 TIKKI C1 P3 LN,0.0,0.0,0.0,missing_in_erp,9340.0,-9340.0,0,
PSS226,GHAZI 13 KG C4 P3 LN,0.0,0.0,0.0,missing_in_erp,492.0,-492.0,0,
PSS227,BRILLO PREMIUM C4 P3 LN,0.0,0.0,0.0,missing_in_erp,8986.0,-8986.0,0,
PSS228,CC KHAYAM 2 COLORS C2 P3 LN,0.0,0.0,0.0,missing_in_erp,12383.0,-12383.0,0,
PSS229,FEROZ GUARDER 20 TIKKI C2 P3 LN,0.0,0.0,0.0,missing_in_erp,0,0,0,
PSS230,RING NO.021 C2 P3 LN,0.0,0.0,0.0,missing_in_erp,0,0,0,
PSS231,TRAIN NEEL LIQUID 150*48 C1 P3 LN,0.0,0.0,0.0,missing_in_erp,1002.0,-1002.0,0,
PSS232,C C 4 PACK 10 KG C4 P3 LN,0.0,0.0,0.0,missing_in_erp,599.0,-599.0,0,
PSS233,RING  NO.35 ASAL RED C2 P3 LN,0.0,0.0,0.0,missing_in_erp,80962.0,-79952.0,0,
PSS234,SAHIL 40 TIKKI C1 P3 LN,0.0,0.0,0.0,missing_in_erp,5383.0,-5383.0,0,
PSS235,SAHIL 40 TIKKI C1 P5 LN KHAKI,0.0,0.0,0.0,missing_in_erp,10146.0,-10307.0,0,
PSS236,BRILLO FRUTI SOAP LEMON 48PCS C4 P3 LN,0.0,0.0,0.0,missing_in_erp,13636.0,-12642.0,0,
PSS237,TRAIN LIQUID BLEACH C1 P3 LN,0.0,0.0,0.0,missing_in_erp,1286.0,-1286.0,0,
PSS238,TRAIN 6 KG BLUE (NEW) C4 P3 LN,0.0,0.0,0.0,missing_in_erp,199945.0,-199945.0,0,
PSS239,TRAIN 6 KG WHITE (NEW) C4 P3 LN,0.0,0.0,0.0,missing_in_erp,111995.0,-111995.0,0,
PSS240,TRAIN 16KG,0.0,0.0,0.0,missing_in_erp,6051.0,-6051.0,0,
PSS241,TRAIN LAUNDRY NEW C2 P5 KHAKI,0.0,0.0,0.0,missing_in_erp,33293.0,-33293.0,0,
PSS242,TRAIN 30 TIKKI NEW C2 P3 LN,0.0,0.0,0.0,missing_in_erp,10464.0,-10464.0,0,
PSS243,SPICAL TRAIN CHOCLATE SOAP P3 C2 LN,0.0,0.0,0.0,missing_in_erp,52109.0,-52109.0,0,
PSS244,Train 12kg C4 P3 LN GREEN,0.0,0.0,0.0,missing_in_erp,106780.0,-106780.0,0,
PSS245,Ring No.15 C2 P3 LN,0.0,0.0,0.0,missing_in_erp,8293.0,-8293.0,0,
PSS246,CC SANDALI 124    C2 P3 LN,0.0,0.0,0.0,missing_in_erp,8455.0,-8455.0,0,
PSS247,LASHKARA NO.12 C2 P3 LN,0.0,0.0,0.0,missing_in_erp,41838.0,-40829.0,0,
PSS248,SEHAT SOAP 36 TIKKI C2 P5 LN (CBB),0.0,0.0,0.0,missing_in_erp,5012.0,-5012.0,0,
PSS249,TRAIN BUTKHELA C2 P3 LN,0.0,0.0,0.0,missing_in_erp,4173.0,-4173.0,0,
PSS250,TRAIN NO.148 C2 P3 LN,0.0,0.0,0.0,missing_in_erp,19560.0,-19560.0,0,
PSS251,PUNJAB NAROL SPECIAL C4 P3 LN,0.0,0.0,0.0,missing_in_erp,398.0,-398.0,0,
PSS252,TRAIN NO. 011 (NEW) C2 P3 LN,0.0,0.0,0.0,missing_in_erp,9912.0,-9912.0,0,
PSS253,LASHKARA NO 139 C2 P3 LN,0.0,0.0,0.0,missing_in_erp,6799.0,-6799.0,0,
PSS254,TRAIN NO. 116 C2 P3 LN,0.0,0.0,0.0,missing_in_erp,42762.0,-42770.0,0,
PSS255,JUNGLE NO. 0053 C2 P3 LN,0.0,0.0,0.0,missing_in_erp,3417.0,-3417.0,0,
PSS256,TAZGI BEAUTY55/72 PINK+BLACK+GREEN KHAKI C1 P3 LN,0.0,0.0,0.0,missing_in_erp,22506.0,-22506.0,0,
PSS257,TAZGI BEAUTY 60/72 BLACK KHAKI C1 P3 LN,0.0,0.0,0.0,missing_in_erp,13009.0,-13009.0,0,
PSS258,TAZGI ORANGE 48 PCS C4 P3 LN,0.0,0.0,0.0,missing_in_erp,43277.0,-43277.0,0,
PSS259,TAZGI LEMON 48 PCS C4 P3 LN,0.0,0.0,0.0,missing_in_erp,48847.0,-48847.0,0,
PSS260,TAZGI PEACH 48PCS C4 P3 LN,0.0,0.0,0.0,missing_in_erp,16764.0,-16764.0,0,
PSS261,LASHKARA SOAP DIE HEMAT C2 P3,0.0,0.0,0.0,missing_in_erp,36451.0,-36451.0,0,
PSS262,SUPER LIFE KHAKHI 48 PCS C1 P3 KRAFT,0.0,0.0,0.0,missing_in_erp,35389.0,-35389.0,0,
PSS263,JUNGLE NO. 00052 C2 P3 LN,0.0,0.0,0.0,missing_in_erp,5974.0,-6974.0,0,
PSS264,RAHEEM COOKING OIL  900ML/5 C4 P3 LN,0.0,0.0,0.0,missing_in_erp,46835.0,-46835.0,0,
PSS265,KHAYYAM COOKING OIL 900ML/5 C4 P3 LN,0.0,0.0,0.0,missing_in_erp,20163.0,-20163.0,0,
PSS266,SUPER LIFE SOAP KHAKI 65 GRM 72 PCS C1 P3 LN,0.0,0.0,0.0,missing_in_erp,15580.0,-15580.0,0,
PSS267,TRAIN LIQUID NEEL 300ML/12 C1 P3 LN,0.0,0.0,0.0,missing_in_erp,606.0,-606.0,0,
PSS268,TRAIN NO.032 C2 P3 LN,0.0,0.0,0.0,missing_in_erp,1578.0,-1578.0,0,
PSS269,CC LAUNDRY C2 P5 LN,0.0,0.0,0.0,missing_in_erp,3178.0,-3178.0,0,
PSS270,PILLOR SOAP 40 TIKKI C2 P3 LN,0.0,0.0,0.0,missing_in_erp,6079.0,-6079.0,0,
PSS271,PILLOR SOAP 20 TIKKI C2 P3 LN,0.0,0.0,0.0,missing_in_erp,4847.0,-4847.0,0,
PSS272,TRAIN SANDALI BAR  C2 P3 LN,0.0,0.0,0.0,missing_in_erp,1610.0,-1610.0,0,
PSS273,CC 4PACK 10KG C2 P3,0.0,0.0,0.0,missing_in_erp,999.0,-999.0,0,
PSS274,CC  NO.34 C2 P3 LN,0.0,0.0,0.0,missing_in_erp,992.0,-992.0,0,
PSS275,TRAIN BUTKHELA NO.116 C2 P3,0.0,0.0,0.0,missing_in_erp,999.0,-999.0,0,
PSS276,LASHKARA 20 TIKKI  NO.116 C2 P3,0.0,0.0,0.0,missing_in_erp,14189.0,-14189.0,0,
PSS277,RING  NO.116 C2 P3,0.0,0.0,0.0,missing_in_erp,14114.0,-14114.0,0,
PSS278,KHAN  NO.116 C2 P3,0.0,0.0,0.0,missing_in_erp,1625.0,-1625.0,0,
PSS279,TRAIN 20 TIKKI C2 P3 LN,0.0,0.0,0.0,missing_in_erp,7486.0,-7486.0,0,
PSS280,RING  NO.12 C2 P3 LN,0.0,0.0,0.0,missing_in_erp,3613.0,-3613.0,0,
PSS281,LASHKARA  BROWN BAR 36 TIKKI MULTAN C2 P3 LN,0.0,0.0,0.0,missing_in_erp,1000.0,-1000.0,0,
PSS282,RING  NO. 23,0.0,0.0,0.0,missing_in_erp,1012.0,-1012.0,0,
PSS283,TRAIN  LAUNDRY WHITE C2 P5 LN,0.0,0.0,0.0,missing_in_erp,995.0,-995.0,0,
PSS284,JUNGLE NO.796,0.0,0.0,0.0,missing_in_erp,991.0,-991.0,0,
PSS285,RING MULTAN 20 TIKKI C2 P3 LN,0.0,0.0,0.0,missing_in_erp,2053.0,-2053.0,0,
PSS286,TRAIN 16KG C2 P3 LN,0.0,0.0,0.0,missing_in_erp,1592.0,-1592.0,0,
PSS287,RING  NO.021 C2 P3,0.0,0.0,0.0,missing_in_erp,652.0,-652.0,0,
PSS288,TRAIN LIQUID BLUE  75ML/24  C1 P3 LN,0.0,0.0,0.0,missing_in_erp,1946.0,-1946.0,0,
PSS289,Lashkara Brown 200/20 Multan C2 P3 LN,0.0,0.0,0.0,missing_in_erp,12290.0,-12290.0,0,
PSS290,JUNGLE NO.166 C5 P3 LN,0.0,0.0,0.0,missing_in_erp,4602.0,-4602.0,0,
PSS291,LASHKARA NO.804 C2 P3 LN,0.0,0.0,0.0,missing_in_erp,1398.0,-1398.0,0,
PSS292,RING  NO.145 C2 P3 LN,0.0,0.0,0.0,missing_in_erp,1001.0,-1001.0,0,
PSS293,JUNGLE NO.12 C2 P3 LN,0.0,0.0,0.0,missing_in_erp,20925.0,-20925.0,0,
PSS294,TRAIN BUTKHELA SANDALI NO.4 C2 P3 LN,0.0,0.0,0.0,missing_in_erp,17074.0,-16472.0,0,
PSS295,LASHKARA 16 KG NO.42 C2 P3 LN,0.0,0.0,0.0,missing_in_erp,382.0,-382.0,0,
PSS296,TRAIN BUTKHELA  NO.31 C2 P3 LN,0.0,0.0,0.0,missing_in_erp,1500.0,-1500.0,0,
PSS297,LASHKARA NO.31  C2 P3 LN,0.0,0.0,0.0,missing_in_erp,1562.0,-1562.0,0,
PSS298,TRAIN POWER 9KG C2 P3,0.0,0.0,0.0,missing_in_erp,6359.0,-5741.0,0,
PSS299,TRAIN SPECIAL 4 PACK  026 (BAIZAY WALA) C4 P3 LN NO.35 ASALSIZE,0.0,0.0,0.0,missing_in_erp,603.0,-603.0,0,
PSS300,RING  NO.34 C2 P3 LN,0.0,0.0,0.0,missing_in_erp,18342.0,-18342.0,0,
PSS301,RING NO.022 C2 P3 LN,0.0,0.0,0.0,missing_in_erp,4128.0,-4128.0,0,
PSS302,RING  NO.116 C2 P3 LN,0.0,0.0,0.0,missing_in_erp,998.0,-998.0,0,
PSS303,BRILLO 7 KG C2 P3 LN,0.0,0.0,0.0,missing_in_erp,4374.0,-4374.0,0,
PSS304,CC LAUNDRY BLACK+YELLOW C2 P3 LN,0.0,0.0,0.0,missing_in_erp,1604.0,-1604.0,0,
PSS305,CC LAUNDRY RED+BLUE  C2 P3 LN,0.0,0.0,0.0,missing_in_erp,19150.0,-19150.0,0,
PSS306,CC LAUNDRY BLACK+YELLOW C2 P5 LN,0.0,0.0,0.0,missing_in_erp,0,0,0,
PSS307,CC LAUNDRY RED+BLUE  C2 P5 LN,0.0,0.0,0.0,missing_in_erp,0,0,0,
PSS308,TRAIN  LAUNDRY (WHITE)  C2 P5 LN,0.0,0.0,0.0,missing_in_erp,0,0,0,
PSS309,PILLOR STAR SOAP C2 P3 LN,0.0,0.0,0.0,missing_in_erp,9762.0,-9762.0,0,
PSS310,LASHKARA 20 KG NO.37 C2 P3 LN,0.0,0.0,0.0,missing_in_erp,394.0,-394.0,0,
PSS311,LASHKARA 15 KG C2 P3 LN,0.0,0.0,0.0,missing_in_erp,798.0,-798.0,0,
PSS312,LASHKARA 20 KG NO.37 C2 P3 LN,0.0,0.0,0.0,missing_in_erp,1858.0,-1858.0,0,
PSS313,CC SOAP SMALL KHAYYAM,0.0,0.0,0.0,missing_in_erp,1615.0,-1615.0,0,
PSS314,TRAIN BOX BOARD LAUNDRY C2 P5 LN,0.0,0.0,0.0,missing_in_erp,1001.0,-1001.0,0,
PSS315,TRAIN NO.111 C2 P3 LN,0.0,0.0,0.0,missing_in_erp,24702.0,-24653.0,0,
PSS316,CC  NO.12 C2 P3 LN,0.0,0.0,0.0,missing_in_erp,600.0,-600.0,0,
PSS317,CC SANDALI NO.1 C2 P3 LN,0.0,0.0,0.0,missing_in_erp,577.0,-577.0,0,
PSS318,RING SANDALI NO.1 C2 P3 LN,0.0,0.0,0.0,missing_in_erp,600.0,-600.0,0,
PSS319,SUPER LIFE SOAP 60/72 C1 P3 LN,0.0,0.0,0.0,missing_in_erp,4095.0,-4095.0,0,
PSS320,TRAIN NO.024 C2 P3 LN DYE 0022,0.0,0.0,0.0,missing_in_erp,18858.0,-18858.0,0,
PSS321,CC No.34 2c 03LY,0.0,0.0,0.0,missing_in_erp,615.0,-615.0,0,
PSS322,TRAIN No.35 C2 P3 LN DYE NO.35 ASAL,0.0,0.0,0.0,missing_in_erp,345.0,-345.0,0,
PSS323,JUNGLE 06 C2 P3,0.0,0.0,0.0,missing_in_erp,0,0,0,
PSS324,JAMAL YELLOW SOAP C2 P3 LN,0.0,0.0,0.0,missing_in_erp,0,0,0,
PSS325,JAMAL SOAP 40 TAKKI C1 P3 LN,0.0,0.0,0.0,missing_in_erp,0,0,0,
PSS326,RASHID BEAUTY SOAP 72TIKKI C1 P3 LN,0.0,0.0,0.0,missing_in_erp,497.0,-497.0,0,
PSS327,BOXER BEAUTY SOAP 72PCS KHAKI C2 P3 LN,0.0,0.0,0.0,missing_in_erp,2016.0,-2016.0,0,
PSS328,Super Nawaz 40Takki C1 P3 LN,0.0,0.0,0.0,missing_in_erp,100.0,23.0,0,
PSS329,SADAF T20 BLUE+RED C2 P3 LN,0.0,0.0,0.0,missing_in_erp,0,0,0,
PSS330,CC Fruity Soap Orange 72Pc C4 P3 LN,0.0,0.0,0.0,missing_in_erp,3973.0,-3973.0,0,
PSS331,LASHKARA LAUNDRY NO.66 BLACK TEST LINE C1 P3 LN,0.0,0.0,0.0,missing_in_erp,1003.0,-1003.0,0,
PSS332,CC Fruity Soap Lemon 72Pc C4 P3 LN,0.0,0.0,0.0,missing_in_erp,9407.0,-9407.0,0,
PSS333,CC Fruity Soap Peach 72Pc C4 P3 LN,0.0,0.0,0.0,missing_in_erp,1022.0,-1022.0,0,
PSS334,TRAIN LAUNDRY NEW C2 P3,0.0,0.0,0.0,missing_in_erp,0,0,0,
PSS335,CC 48 PCS PEACH C4 P3 LN,0.0,0.0,0.0,missing_in_erp,1992.0,-1992.0,0,
PSS336,RING NO.011 C2 P3 LN,0.0,0.0,0.0,missing_in_erp,604.0,-604.0,0,
PSS337,CC NO.34 C2 P3 LN,0.0,0.0,0.0,missing_in_erp,1.0,-1.0,0,
PSS338,RING NO.49 KHAKI C1 P3 LN,0.0,0.0,0.0,missing_in_erp,9476.0,-9476.0,0,
PSS339,CC 48 PCS ORANGE C4 P3 LN,0.0,0.0,0.0,missing_in_erp,13139.0,-13139.0,0,
PSS340,CC 48 PCS LEMON C4 P3 LN,0.0,0.0,0.0,missing_in_erp,22304.0,-22304.0,0,
PSS341,RING SOAP BAR 50 No.50 TEST LINER C1 P3 LN,0.0,0.0,0.0,missing_in_erp,16556.0,-16556.0,0,
PSS342,TRAIN NO.048 C2 P3 UP2,0.0,0.0,0.0,missing_in_erp,26296.0,-26296.0,0,
PSS343,TRAIN NO.011 SINDH 40 TIKKI C2 P3 UP2,0.0,0.0,0.0,missing_in_erp,1404.0,-1404.0,0,
PSS344,RASHID BEAUTY SOAP 48PC C1 P3 UP1,0.0,0.0,0.0,missing_in_erp,4130.0,-4130.0,0,
PSS345,RING 6KG C2 P3 LN,0.0,0.0,0.0,missing_in_erp,4034.0,-4034.0,0,
PSS346,RING 14KG C2 P3 LN,0.0,0.0,0.0,missing_in_erp,1303.0,-1303.0,0,
PSS347,RING 16KG C2 P3 LN,0.0,0.0,0.0,missing_in_erp,398.0,-398.0,0,
PSS348,LASHKARA NO.140 C2 P3 LN,0.0,0.0,0.0,missing_in_erp,11024.0,-11024.0,0,
PSS349,TRAIN SANDALI BAR NO.143  C2 P3 LN,0.0,0.0,0.0,missing_in_erp,4966.0,-4966.0,0,
PSS350,CC NO.140 C2 P3 LN,0.0,0.0,0.0,missing_in_erp,14261.0,-14261.0,0,
PSS351,KAUSAR SABOON 40CAKE C2 P3 LN,0.0,0.0,0.0,missing_in_erp,2786.0,-2786.0,0,
PSS352,KAUSAR SABOON 40CAKE C1 P3 LN,0.0,0.0,0.0,missing_in_erp,5941.0,-5941.0,0,
PSS353,RING NO.140 C2 P3 LN,0.0,0.0,0.0,missing_in_erp,32842.0,-32842.0,0,
PSS354,TAZGI HANDWASH 500ML*6 C1 P3 LN,0.0,0.0,0.0,missing_in_erp,0,0,0,
PSS355,TRAIN SANDLI NO.111 C2 P3 LN QUETTA,0.0,0.0,0.0,missing_in_erp,13862.0,-13862.0,0,
PSS356,JUNGLE SOAP No.48 C2 p3 LN,0.0,0.0,0.0,missing_in_erp,16051.0,-16051.0,0,
PSS357,PUNJAB NAROL NO.791 C3 P3 LN,0.0,0.0,0.0,missing_in_erp,2178.0,-2178.0,0,
PSS358,PUNJAB NAROL NO.792 C2 P3 LN,0.0,0.0,0.0,missing_in_erp,992.0,-992.0,0,
PSS359,JUNGLE NO.0013 C2 P3 LN,0.0,0.0,0.0,missing_in_erp,1001.0,-1001.0,0,
PSS360,TRAIN ASAL NO.35 C2 P3 LN,0.0,0.0,0.0,missing_in_erp,7428.0,-7428.0,0,
PSS361,TRAIN NO.12 C2 P3 LN,0.0,0.0,0.0,missing_in_erp,0,0,0,
PSS362,RING SOAP 02 C1 P3 LN,0.0,0.0,0.0,missing_in_erp,1395.0,-1395.0,0,
PSS363,TRAIN 8 KG C2 P3 LN,0.0,0.0,0.0,missing_in_erp,8856.0,-8856.0,0,
PSS364,TRAIN TAQAT COLOR NO.34 C2 P3 LN,0.0,0.0,0.0,missing_in_erp,3385.0,-2793.0,0,
PSS365,LASHKARA 6KG C2 P3 LN,0.0,0.0,0.0,missing_in_erp,1641.0,-1641.0,0,
PSS366,TRAIN NO.048 C2 P3 UP2,0.0,0.0,0.0,missing_in_erp,397.0,-397.0,0,
PSS367,LASHKARA 145 NEW SIZE C3 P3 LN,0.0,0.0,0.0,missing_in_erp,8985.0,-8985.0,0,
PSS368,TRAIN GUL GULAB C3 P3 LN,0.0,0.0,0.0,missing_in_erp,923.0,-923.0,0,
PSS369,BAHAR SOAP 303 NO.0055 C3 P3 LN,0.0,0.0,0.0,missing_in_erp,2579.0,-2579.0,0,
PSS370,TRAIN 6KG 2 COLOUR C2 P3 LN,0.0,0.0,0.0,missing_in_erp,14657.0,-12713.0,0,
PSS371,TRAIN SOAP DYE 021 C2 LN P3,0.0,0.0,0.0,missing_in_erp,12970.0,-12970.0,0,
PSS372,BAHAR SOAP 303 NO.55 C3 P3 LN,0.0,0.0,0.0,missing_in_erp,2674.0,-2674.0,0,
PSS373,BAHAR 303 LANDAURY SOAP NO.56 C3 P3 LN,0.0,0.0,0.0,missing_in_erp,3064.0,-3064.0,0,
PSS374,GUL NAQEEB SOAP 36 CAKE C2 P3 LN(48),0.0,0.0,0.0,missing_in_erp,2566.0,-2566.0,0,
PSS375,JUNGLE NO.111 C2 P3 LN,0.0,0.0,0.0,missing_in_erp,2062.0,-2062.0,0,
PSS376,BRILLO FRUTI SOAP ORANGE 48PCS C4 P3 LN,0.0,0.0,0.0,missing_in_erp,10055.0,-9064.0,0,
PSS377,JUNGLE  NO.15 C2 P3 LN,0.0,0.0,0.0,missing_in_erp,11384.0,-9331.0,0,
PSS378,HOME NATIONAL SOAP 30CAKES C2 P3 LN,0.0,0.0,0.0,missing_in_erp,3363.0,-3363.0,0,
PSS379,HOME NATIONAL SOAP 24CAKES C2 P3 LN,0.0,0.0,0.0,missing_in_erp,953.0,-953.0,0,
PSS380,PUNJAB DARJA NO.1 DEY NO.35 ASAL C4 P3 LN,0.0,0.0,0.0,missing_in_erp,33656.0,-33656.0,0,
PSS381,TOOR SOAP 20 CAKES C2 P3 LN (NEW SIZE),0.0,0.0,0.0,missing_in_erp,7688.0,-7688.0,0,
PSS382,LASHKARA 67NO C2 P3 LN,0.0,0.0,0.0,missing_in_erp,12107.0,-12987.0,0,
PSS383,NASEEM SABOON 40 CAKE C1 P3 LN (DIE ADIL 150GM),0.0,0.0,0.0,missing_in_erp,1978.0,-1978.0,0,
PSS384,TRAIN 8KG GREEN P4 C3 LN,0.0,0.0,0.0,missing_in_erp,172107.0,-172107.0,0,
PSS385,LASHKARA 20 TIKKKI SARHAD SIZE C2 P3 LN,0.0,0.0,0.0,missing_in_erp,3181.0,-3181.0,0,
PSS386,"JUNGLE 786, KHAKI SADA P3,LN",0.0,0.0,0.0,missing_in_erp,2099.0,-2099.0,0,
PSS387,"KHAKI SADA CTN, 34 NO DIE P3, LN",0.0,0.0,0.0,missing_in_erp,5168.0,-5168.0,0,
PSS388,"KHAKI SADA CTN,35 NO ASAL DIE,P3 LN",0.0,0.0,0.0,missing_in_erp,406.0,-406.0,0,
PSS389,"KHAKI SADA CTN, 9KG DIE P3 LN",0.0,0.0,0.0,missing_in_erp,513.0,-513.0,0,
PSS390,"RING 141, C2, P3 LN",0.0,0.0,0.0,missing_in_erp,19015.0,-18015.0,0,
PSS391,LASHKARA SOAP 20 CAKES DYE 011 SINDH C2 P3 LN,0.0,0.0,0.0,missing_in_erp,1024.0,-1024.0,0,
PSS392,KASHISH SOAP C2 P3 LN DIE 35 ASAL,0.0,0.0,0.0,missing_in_erp,6416.0,-6416.0,0,
PSS393,TRAIN TAQAT COLOR DYE NO.35 ASAL C2 P3 LN,0.0,0.0,0.0,missing_in_erp,12001.0,-10788.0,0,
PSS394,JUNGLE #35 SINDH C2 P3 LN,0.0,0.0,0.0,missing_in_erp,1654.0,-1654.0,0,
PSS395,KASHISH SOAP NO.34 C2 P3 LN,0.0,0.0,0.0,missing_in_erp,6659.0,-6659.0,0,
PSS396,KASHISH SOAP 9KG DYE P3 C2 LN,0.0,0.0,0.0,missing_in_erp,457.0,-457.0,0,
PSS397,TRAIN STAR LAUNDRY SOAP C1 P5 LN,0.0,0.0,0.0,missing_in_erp,978.0,-978.0,0,
PSS398,RING SOAP 14KG C2 P3 LN,0.0,0.0,0.0,missing_in_erp,257.0,-257.0,0,
PSS399,RING SOAP 12KG C2 P3 LN,0.0,0.0,0.0,missing_in_erp,594.0,-594.0,0,
PSS400,LASHKARA SOAP DIE JUNGLE 00052 C2 P3 LN,0.0,0.0,0.0,missing_in_erp,1009.0,-1009.0,0,
PSS401,RING SOAP DIE 8 KG C2 P3 LN,0.0,0.0,0.0,missing_in_erp,878.0,-878.0,0,
PSS402,CC BEAUTY SOAP115/48 CAKE KHAKI C1 P3 LN,0.0,0.0,0.0,missing_in_erp,45995.0,-45995.0,0,
PSS403,TRAIN SOAP DIE POWER 20 TIKKI C2 P3 LN,0.0,0.0,0.0,missing_in_erp,6988.0,-6586.0,0,
PSS404,SADA CARTON KHAKI DEY NO#35 SINDH,0.0,0.0,0.0,missing_in_erp,106.0,-106.0,0,
PSS405,SADA CARTON CBB DEY NO#35 SINDH,0.0,0.0,0.0,missing_in_erp,99.0,-99.0,0,
PSS406,TRAIN SOAP 0022 C2 P3,0.0,0.0,0.0,missing_in_erp,44887.0,-43883.0,0,
PSS407,LASHKARA LAUNDERY NO#66 C1 P3 LN (CBB),0.0,0.0,0.0,missing_in_erp,1410.0,-1410.0,0,
PSS408,KASHISH SOAP DEY NO#35 sindh C2 P3,0.0,0.0,0.0,missing_in_erp,6566.0,-5954.0,0,
PSS409,CC BEAUTY SOAP 72PCS KHAKI C 1 P3 LN,0.0,0.0,0.0,missing_in_erp,31769.0,-31769.0,0,
PSS410,TRAIN SOAP KHAKI SADA NO#116 P3,0.0,0.0,0.0,missing_in_erp,348.0,-348.0,0,
PSS411,LASHKARA SOAP SADA CTN 032 DIY P3,0.0,0.0,0.0,missing_in_erp,214.0,-214.0,0,
PSS412,LASHKARA NO#032 C2 P3 LN,0.0,0.0,0.0,missing_in_erp,3313.0,-3313.0,0,
PSS413,RING SARHAD SIZE C2 P3 LN,0.0,0.0,0.0,missing_in_erp,0,0,0,
PSS414,LASHKARA SOAP 011 DIE C2 P3 LN,0.0,0.0,0.0,missing_in_erp,0,0,0,
PSS415,JUNGLE 0055 C2 P3 LN,0.0,0.0,0.0,missing_in_erp,0,0,0,
PSS416,TRAIN TAQAT COLOUR 9 KG C2 P3 LN,0.0,0.0,0.0,missing_in_erp,0,0,0,
PSS417,TRAIN 34 NO. C2 P3 LN,0.0,0.0,0.0,missing_in_erp,0,0,0,
PSS418,TRAIN 35 SINDH C2 P3 LN,0.0,0.0,0.0,missing_in_erp,12607.0,-12607.0,0,
PSS419,TRAIN 111 DIE 143 NO.C2 P3 LN,0.0,0.0,0.0,missing_in_erp,610.0,-610.0,0,
PSS420,TRAIN 111 RED DIE 15 NO. C2 P3 LN,0.0,0.0,0.0,missing_in_erp,0,0,0,
PSS421,TRAIN 111 RED DIE 12 NO.LASHKARA C2 P3 LN,0.0,0.0,0.0,missing_in_erp,0,0,0,
PSS422,JUNGLE DIE 140 C2 P3 LN,0.0,0.0,0.0,missing_in_erp,5639.0,-5639.0,0,
PSS423,LASHKARA NO.113 C3 P3 LN,0.0,0.0,0.0,missing_in_erp,2885.0,-2885.0,0,
PSS424,VINUS SOAP DEY NO.35 SINDH C2 P3,0.0,0.0,0.0,missing_in_erp,3608.0,-3608.0,0,
PSS425,LASHKARA SOAP DEY-024 C2 P3 LN,0.0,0.0,0.0,missing_in_erp,2009.0,-2009.0,0,
PSS426,KHAKI  SADA CTN DEY TRAIN SARHAD SIZE,0.0,0.0,0.0,missing_in_erp,329.0,-329.0,0,
PSS427,KHAKI SADA CTN  TRAIN SARHAD DEY,0.0,0.0,0.0,missing_in_erp,209.0,-209.0,0,
PSS428,BAHAR 303 LAUNDRY SOAP DEY JUNGLE 18KG,0.0,0.0,0.0,missing_in_erp,600.0,-600.0,0,
PSS429,TRAIN LAUNDRY KHAKI P3 C2,0.0,0.0,0.0,missing_in_erp,1008.0,-1008.0,0,
PSS430,BILLI NAROL 40 TIKKI P3 C2,0.0,0.0,0.0,missing_in_erp,5958.0,-5958.0,0,
PSS431,BILLI NAROL 40 TIKKI C2 P3 (DEY TRAIN LAUNDRY),0.0,0.0,0.0,missing_in_erp,979.0,-979.0,0,
PSS432,BILLI NAROL 40 TIKKI (DEY TRAIN 059) C2 P3,0.0,0.0,0.0,missing_in_erp,1971.0,-1971.0,0,
PSS433,BILLI NAROL 40 TIKKI RED DEY NO.021  C2 P3,0.0,0.0,0.0,missing_in_erp,3150.0,-3150.0,0,
PSS434,BILLI SUPREME QUALITY SOAP 40 TIKKI C3 P3,0.0,0.0,0.0,missing_in_erp,5974.0,-5974.0,0,
PSS435,LASHKARA 140 DEY 141 C2 P3,0.0,0.0,0.0,missing_in_erp,2982.0,-2982.0,0,
PSS436,BILLI NAROL 40 TIKKI RED  C2 P3,0.0,0.0,0.0,missing_in_erp,3137.0,-3137.0,0,
PSS437,SPICAL TRAIN SOAP DEY#143 C2 P3,0.0,0.0,0.0,missing_in_erp,34062.0,-34062.0,0,
PSS438,SADA DABA DEY 9KG,0.0,0.0,0.0,missing_in_erp,313.0,-313.0,0,
PSS439,KHAKI SADA CTN DEY 8KG,0.0,0.0,0.0,missing_in_erp,0,0,0,
PSS440,LASHKARA SOAP NO.12 NEW SIZE,0.0,0.0,0.0,missing_in_erp,3646.0,-3646.0,0,
PSS441,TRAIN MARKA NAROL DEY 9KG P3 C2,0.0,0.0,0.0,missing_in_erp,3401.0,-3401.0,0,
PSS442,LASHKARA SOAP DEY 8KG TRAIN C2 P3,0.0,0.0,0.0,missing_in_erp,1629.0,-1629.0,0,
PSS443,CC LAUNDRY (NEW SIZE CBB) P5 C2,0.0,0.0,0.0,missing_in_erp,16189.0,-15180.0,0,
PSS444,TRAIN SOAP NO.65 (DEY LASHKARA) C2 P3,0.0,0.0,0.0,missing_in_erp,14709.0,-14709.0,0,
PSS445,TRAIN SANDALI BAR NO.111 (DEY MULTAN 20 CAKE),0.0,0.0,0.0,missing_in_erp,973.0,-973.0,0,
PSS446,GHAZI 6KL C4 P3 LN,0.0,0.0,0.0,missing_in_erp,3053.0,-3053.0,0,
PSS447,BILLI NAROL DEY NO.143 C2 P3 LN,0.0,0.0,0.0,missing_in_erp,252.0,-252.0,0,
PSS448,KHAKI SADA CTN (DEY LASHKARA NO.0013) P3,0.0,0.0,0.0,missing_in_erp,0,0,0,
PSS449,ASKARI SOAP DEY NO.143 C2 P3,0.0,0.0,0.0,missing_in_erp,977.0,-977.0,0,
PSS450,ABBASI SOAP DEY SANDALI NO.02 C2 P3,0.0,0.0,0.0,missing_in_erp,964.0,-964.0,0,
PSS451,ALVI G SOAP C2 P3,0.0,0.0,0.0,missing_in_erp,2022.0,-2022.0,0,
PSS452,JUNGLE SOAP DEY NO.141 C2 P3,0.0,0.0,0.0,missing_in_erp,3608.0,-3007.0,0,
PSS453,KHAKI SADA CTN DEY TRAIN 6KG,0.0,0.0,0.0,missing_in_erp,701.0,-701.0,0,
PSS454,TRAIN BUTKHELA DEY SANDALI NO.2 C2 P3 LN,0.0,0.0,0.0,missing_in_erp,780.0,-780.0,0,
PSS455,TRAIN SOAP NO.011 NEW,0.0,0.0,0.0,missing_in_erp,1349.0,-1349.0,0,
PSS456,JUNGLE PRINTING DEY NO.17,0.0,0.0,0.0,missing_in_erp,28863.0,-27875.0,0,
PSS457,BILLI NAROL DEY ALVI,0.0,0.0,0.0,missing_in_erp,499.0,-499.0,0,
PSS458,BILLI NAROL DEY SANDALI NO.2,0.0,0.0,0.0,missing_in_erp,595.0,-595.0,0,
PSS459,TOOR NAROL 20 TIKKI  NEW SIZE C2 P3,0.0,0.0,0.0,missing_in_erp,8283.0,-8283.0,0,
PSS460,NASEEM NAROL 20 TIKKI  NEW SIZE C2 P3,0.0,0.0,0.0,missing_in_erp,8006.0,-8006.0,0,
PSS461,LASHKARA 100GRAM C2 P3,0.0,0.0,0.0,missing_in_erp,6759.0,-6759.0,0,
PSS462,LASHKARA NO.17 NEW SIZE,0.0,0.0,0.0,missing_in_erp,3026.0,-3026.0,0,
PSS463,LASHKARA SOAP DIE 8 KG C2 P3 LN,0.0,0.0,0.0,missing_in_erp,567.0,-567.0,0,
PSS464,BILLI SUPREME DEY 36 TIKKI MULTAN C2 P3,0.0,0.0,0.0,missing_in_erp,1959.0,-1959.0,0,
PSS465,CC SANDALI NO.141 C2 P3,0.0,0.0,0.0,missing_in_erp,5006.0,-5006.0,0,
PSS466,TRAIN 12KG C2 P3,0.0,0.0,0.0,missing_in_erp,521.0,-521.0,0,
PSS467,HOME NATIONAL SOAP DYE # 47 LASHKARA C2 P3,0.0,0.0,0.0,missing_in_erp,463.0,-463.0,0,
PSS468,CC NO.111 C2 P3,0.0,0.0,0.0,missing_in_erp,5948.0,-5948.0,0,
PSS469,BILLI SOAP PRINTINF DIE TRAIN SANDALI NO.1,0.0,0.0,0.0,missing_in_erp,213.0,-213.0,0,
PSS470,BILLI SUPREME (DEY BRILLO 4 PACK) C3 P3,0.0,0.0,0.0,missing_in_erp,200.0,-200.0,0,
PSS471,LASHKARA SOAP DYE TRAIN 059 C2 P3,0.0,0.0,0.0,missing_in_erp,2180.0,-2180.0,0,
PSS472,TRAIN SOAP DEY#NEW NASEEM 20 TIKKI C2 P3,0.0,0.0,0.0,missing_in_erp,3128.0,-3128.0,0,
PSS473,TRAIN SOAP NO.150 C2 P3,0.0,0.0,0.0,missing_in_erp,1656.0,-1656.0,0,
PSS474,RING SOAP DEY SANDALI NEW SIZE NO#1,0.0,0.0,0.0,missing_in_erp,19994.0,-19994.0,0,
PSS475,LASHKARA SOAP DYE RING NO.50,0.0,0.0,0.0,missing_in_erp,2121.0,-2121.0,0,
PSS476,BAHAR NO.303 DARJA AWAL C2 P3,0.0,0.0,0.0,missing_in_erp,2558.0,-2558.0,0,
PSS477,BAHAR NO.303 SUPREME C2 P3,0.0,0.0,0.0,missing_in_erp,955.0,-955.0,0,
PSS478,BAHAR SUPER POWER NO#303 C2,0.0,0.0,0.0,missing_in_erp,592.0,-592.0,0,
PSS479,BAHAR NO.303 NEW DEY NO.17 C1 P3,0.0,0.0,0.0,missing_in_erp,587.0,-587.0,0,
PSS480,TRAIN SOAP NEW SIZE C2 P3,0.0,0.0,0.0,missing_in_erp,635.0,-635.0,0,
PSS481,TRAIN111 DYE TRAIN 059 C2 P3,0.0,0.0,0.0,missing_in_erp,3537.0,-3537.0,0,
PSS482,TRAIN BATKHELA DYE 059 C2 P3,0.0,0.0,0.0,missing_in_erp,1384.0,-1384.0,0,
PSS483,TRAIN SOAP DYE BRILLO 4 PACK C4 P3,0.0,0.0,0.0,missing_in_erp,987.0,-987.0,0,
PSS484,LASHKARA NO.1 C2 P3,0.0,0.0,0.0,missing_in_erp,0,0,0,
PSS485,TRAIN 12KG ORANGE C2 P3,0.0,0.0,0.0,missing_in_erp,191.0,-191.0,0,
PSS486,RING SOAP DYE 059 C2 P3,0.0,0.0,0.0,missing_in_erp,200.0,-200.0,0,
PSS487,RING SOAP DYE NEW POWER 20 TIKKI C2 P3,0.0,0.0,0.0,missing_in_erp,2157.0,-1191.0,0,
PSS488,LASHKARA 100 GRAM C2 P3 (UNCOATED BOARD),0.0,0.0,0.0,missing_in_erp,1044.0,-1044.0,0,
PSS489,TRAIN 111 DIE LINE,0.0,0.0,0.0,missing_in_erp,993.0,-993.0,0,
PSS490,JUNGLE SOAP NO.12 NEW SIZE,0.0,0.0,0.0,missing_in_erp,1788.0,-1788.0,0,
PSS491,TRAIN 0022 NEW (UNCOTED BOARD) C2 P3,0.0,0.0,0.0,missing_in_erp,0,0,0,
PSS492,JUNGLE NO.032 C2 P3 LN,0.0,0.0,0.0,missing_in_erp,601.0,-601.0,0,
PSS493,LASHKARA PRINTING DEY SANDALI NO.2 C2 P3 LN,0.0,0.0,0.0,missing_in_erp,398.0,-398.0,0,
PSS494,TRAIN NO.36 C2 P3,0.0,0.0,0.0,missing_in_erp,12471.0,-10480.0,0,
PSS495,BAHAR NO.36 C2 P3,0.0,0.0,0.0,missing_in_erp,2601.0,-1601.0,0,
PSS496,JUNGLE SOAP DIE 0022 C2 P3,0.0,0.0,0.0,missing_in_erp,1592.0,-1592.0,0,
PSS497,CC 111 DIE NO.15 LASHKARA C2 P3,0.0,0.0,0.0,missing_in_erp,774.0,-774.0,0,
PSS498,CC 111 DIE BAHAR 303 DARJA AWAL C2 P3,0.0,0.0,0.0,missing_in_erp,798.0,-798.0,0,
PSS499,KHAKI SADA CTN DIE TRAIN 6KG P3,0.0,0.0,0.0,missing_in_erp,342.0,-342.0,0,
PSS500,KHAKI SADA CTN DIE LASHKARA NO.15 P3,0.0,0.0,0.0,missing_in_erp,64.0,-64.0,0,
PSS501,LASHKARA NO. 0022 C2 P3,0.0,0.0,0.0,missing_in_erp,9922.0,-9922.0,0,
PSS502,TRAIN#111 DYE NO.021 C2 P3,0.0,0.0,0.0,missing_in_erp,1188.0,-1188.0,0,
PSS503,LASHKARA PRINTING DYE 8KG C2 P3,0.0,0.0,0.0,missing_in_erp,801.0,-801.0,0,
PSS504,TRAIN LAUNDRY KHAKI C2 P3,0.0,0.0,0.0,missing_in_erp,3979.0,-3979.0,0,
PSS505,CC KHAYAM SMALL NEW SIZE C2 P3,0.0,0.0,0.0,missing_in_erp,3512.0,-3512.0,0,
PSS506,BRILLO 4 PACK DYE SANDALI#1 C2 P3,0.0,0.0,0.0,missing_in_erp,391.0,-391.0,0,
PSS507,CC BEAUTY SOAP 80/48 PACK C1 P3 KRAFT,0.0,0.0,0.0,missing_in_erp,42171.0,-42171.0,0,
PSS508,TAZGI BEAUTY SOAP 90/48 P KHAKI P3 C1,0.0,0.0,0.0,missing_in_erp,4538.0,-4538.0,0,
PSS509,TRAIN 71 NO.C2 P3,0.0,0.0,0.0,missing_in_erp,5051.0,-4086.0,0,
PSS510,TRAIN SOAP NO.70 C2 P3,0.0,0.0,0.0,missing_in_erp,68094.0,-65103.0,0,
PSS511,RING#58 C2 P3,0.0,0.0,0.0,missing_in_erp,1382.0,-1382.0,0,
PSS512,TRAIN #58 C2 P3,0.0,0.0,0.0,missing_in_erp,3980.0,-3980.0,0,
PSS513,RING#57 NEW C2 P3,0.0,0.0,0.0,missing_in_erp,1394.0,-1394.0,0,
PSS514,BAHAR SOAP DIE POWER 20 TIKKI C2 P3 LN,0.0,0.0,0.0,missing_in_erp,648.0,-250.0,0,
PSS515,VINUS SOAP DEY RING#140 C2 P3,0.0,0.0,0.0,missing_in_erp,1029.0,-1029.0,0,
PSS516,CC BEAUTY SOAP 80/72 KHAKI C1 P3,0.0,0.0,0.0,missing_in_erp,9759.0,-9759.0,0,
PSS517,CALEY BEATY SOAP 72PCS LARGE KHAKI C2 P3,0.0,0.0,0.0,missing_in_erp,11132.0,-9036.0,0,
PSS518,CALEY BEATY SOAP 72PCS SMAL KHAKI C2 P3,0.0,0.0,0.0,missing_in_erp,5989.0,-5989.0,0,
PSS519,GUL KHUSHBO SOAP DEY H/NATIONAL 30 CAKE C2 P3,0.0,0.0,0.0,missing_in_erp,2220.0,-2220.0,0,
PSS520,TAZGI BEAUTY SOAP 125G/72PCS C1 P3 KHAKI,0.0,0.0,0.0,missing_in_erp,0,0,0,
PSS521,LASHKARA SOAP 011 DIE SINDH C2 P3 LN,0.0,0.0,0.0,missing_in_erp,0,0,0,
PSS522,RING SOAP DYE NO.36 TRAIN C2 P3,0.0,0.0,0.0,missing_in_erp,0,0,0,
PSS523,BRILLO DYE SANDALI NO.1 C3 P3 LN,0.0,0.0,0.0,missing_in_erp,0,0,0,
PSS524,CC BEAUTY SOAP 144 PCS KHAKI C1 P3,0.0,0.0,0.0,missing_in_erp,8874.0,-8874.0,0,
PSS525,TRAIN 6KG BLUE C2 P5,0.0,0.0,0.0,missing_in_erp,1039.0,-1039.0,0,
PSS526,NASEEM NAROL 20 TIKKI DIE TRAIN NO.58 C2 P3,0.0,0.0,0.0,missing_in_erp,4520.0,-4520.0,0,
PSS527,BAHAR 303 DEY NO.58 TRAIN C2 P3,0.0,0.0,0.0,missing_in_erp,774.0,-774.0,0,
PSS528,GUL KHUSHBO SOAP DEY H/M 30 CAKE C3 P3,0.0,0.0,0.0,missing_in_erp,1823.0,-1823.0,0,
PSS529,GUL KHUSHBO SOAP NO.011 SINDH DIE P3 C3,0.0,0.0,0.0,missing_in_erp,593.0,-593.0,0,
PSS530,CC BEAUTY 80/48 NEW SIZE KHAKI C1 P3,0.0,0.0,0.0,missing_in_erp,677.0,-677.0,0,
PSS531,GUL KHUSHBO SOAP (H/M 24PCS DIE) P3 C3,0.0,0.0,0.0,missing_in_erp,0,0,0,
PSS532,TRAIN SOAP DEY TOMATO C2 P3,0.0,0.0,0.0,missing_in_erp,6922.0,-6922.0,0,
PSS533,ENGLAND BEAUTY SOAP 48 TIKK C1 P3,0.0,0.0,0.0,missing_in_erp,4007.0,-4007.0,0,
PSS534,TRAIN BUTKHELA DEY NO.70 C2 P3,0.0,0.0,0.0,missing_in_erp,990.0,-990.0,0,
PSS535,BAHAR SOAP DEY LASHKARA NO.15 C2 P3,0.0,0.0,0.0,missing_in_erp,1272.0,-1272.0,0,
PSS536,VENUS SOAP NO.34 C2 P3,0.0,0.0,0.0,missing_in_erp,3016.0,-3016.0,0,
PSS537,VENUS 90/40 NO. 23 DEY C2 P3,0.0,0.0,0.0,missing_in_erp,1981.0,-1981.0,0,
PSS538,TAZGI BEAUTY 125/48 NEW SIZE KRAFT C1 P3,0.0,0.0,0.0,missing_in_erp,26601.0,-21591.0,0,
PSS539,VENUS SOAP DEY NO.140 C2 P3,0.0,0.0,0.0,missing_in_erp,1602.0,-1602.0,0,
PSS540,VENUS SOAP DEY NO.35 SINDH C2 P3,0.0,0.0,0.0,missing_in_erp,998.0,-998.0,0,
PSS541,VENUS SOAP DEY NO.35 ASAL C2 P3,0.0,0.0,0.0,missing_in_erp,2037.0,-2037.0,0,
PSS542,BRILLO NAROL NO#1 C1 P3 KHAKI,0.0,0.0,0.0,missing_in_erp,1038.0,-1038.0,0,
PSS543,BRILLO NAROL NO#791 C1 P3 KHAKI,0.0,0.0,0.0,missing_in_erp,614.0,427.0,0,
PSS544,GUL KHUSHBO SOAP NO.011 SINDH DEY C3 P3,0.0,0.0,0.0,missing_in_erp,995.0,-995.0,0,
PSS545,TRAIN NO.70 SADA CTN P3,0.0,0.0,0.0,missing_in_erp,2990.0,-2990.0,0,
PSS546,LASHKARA NO.12 NEW SIZE C2 P3,0.0,0.0,0.0,missing_in_erp,2169.0,-2169.0,0,
PSS547,TRAIN NAROL 793  SADA P3,0.0,0.0,0.0,missing_in_erp,0,0,0,
PSS548,TRAIN NAROL 792 SADA P3,0.0,0.0,0.0,missing_in_erp,0,0,0,
PSS549,BAHAR SOAP DEY JUNGLE 18KG C3 P3,0.0,0.0,0.0,missing_in_erp,592.0,-592.0,0,
PSS550,CC SANDALI SOAP CODE NO.20 C2 P3,0.0,0.0,0.0,missing_in_erp,4939.0,-3923.0,0,
PSS551,VENUS SOAP CODE NO.20 C2 P3,0.0,0.0,0.0,missing_in_erp,4995.0,-4995.0,0,
PSS552,LASHKARA NO. 49 200/36 SADA P3 LN,0.0,0.0,0.0,missing_in_erp,0,0,0,
PSS553,VENUS FRUITY SOAP 48CAKE LEMON C4 P3,0.0,0.0,0.0,missing_in_erp,3864.0,-3864.0,0,
PSS554,VENUS FRUITY SOAP 48CAKE ORANGE C4 P3,0.0,0.0,0.0,missing_in_erp,3850.0,-3850.0,0,
PSS555,VENUS SOAP NO.70 C2 P3,0.0,0.0,0.0,missing_in_erp,793.0,-793.0,0,
PSS556,BAHAR SOAP NO.49 KRAFT C1 P3 LN,0.0,0.0,0.0,missing_in_erp,2622.0,-2622.0,0,
PSS557,BAHAR SOAP DEY NO.17 NEW C2 P3,0.0,0.0,0.0,missing_in_erp,597.0,-597.0,0,
PSS558,TRAIN NAROL CODE.101 C1 P3,0.0,0.0,0.0,missing_in_erp,980.0,-980.0,0,
PSS559,TRAIN NAROL CODE.100 C1 P3,0.0,0.0,0.0,missing_in_erp,2176.0,-2176.0,0,
PSS560,VENUS SOAP DYE 9KG C2 P3,0.0,0.0,0.0,missing_in_erp,998.0,15.0,0,
PSS561,BAHAR SOAP DYE #15 ASAL C3 P3,0.0,0.0,0.0,missing_in_erp,657.0,-657.0,0,
PSS562,VENUS SOAP NO.141 C2 P3,0.0,0.0,0.0,missing_in_erp,586.0,-586.0,0,
PSS563,TRAIN SOAP DYE POWER NEW C2 P3,0.0,0.0,0.0,missing_in_erp,995.0,-995.0,0,
PSS564,HIMALAYA SOAP DYE NO.70 C1 P3,0.0,0.0,0.0,missing_in_erp,4807.0,-4807.0,0,
PSS565,KOHSAR SOAP C4 P3 (UBB),0.0,0.0,0.0,missing_in_erp,0,0,0,
PSS566,VENUS SAOP (DYE 792) C2 P3,0.0,0.0,0.0,missing_in_erp,596.0,-596.0,0,
PSS567,RASITA SAVOON 60 TIKKI KHAKI C1 P3,0.0,0.0,0.0,missing_in_erp,0,2535.0,0,
PSS568,TRAIN SUPER QUALITY DYE NO.026 C4 P3,0.0,0.0,0.0,missing_in_erp,0,988.0,0,
PSS569,SADA CTN TRAIN NO.36 SINDH,0.0,0.0,0.0,missing_in_erp,0,382.0,0,
PST001,CARTON FOR TUBE ASCENDO PRINT GRY/BLU 470*365*240 MM,0.0,0.0,0.0,missing_in_erp,600.0,-600.0,0,
PST002,CARTON KHAKI MAGNUM FOR TUBE 470*365*240MM F13/14,0.0,0.0,0.0,missing_in_erp,0,-500.0,0,
PST003,CARTON KHAKI 470*365*240 MM (CA18)AMIX 5PLY C1,0.0,0.0,0.0,missing_in_erp,3811.0,-4120.0,0,
PST004,CARTON SERVIS TUBE PRINT 470*365*240MM BOTH WHITE SIDE,0.0,0.0,0.0,missing_in_erp,23663.0,-24416.0,0,
PST005,CARTON KHAKI MAGNUM FOR TUBE 470*365*240MM 90/90-18,0.0,0.0,0.0,missing_in_erp,1959.0,-2463.0,0,
PST006,CARTON FR13/14 JFF PRINT 470*365*240MM,0.0,0.0,0.0,missing_in_erp,600.0,-600.0,0,
PST007,CARTON KHAKI 470*365*240 MM (CA14)AMIX 5PLY C1,0.0,0.0,0.0,missing_in_erp,898.0,-1024.0,0,
PST008,5 PLY CARTON FOR DAMPER 70 CC 16*12*10 KHAKI C 1 P 5,0.0,0.0,0.0,missing_in_erp,200.0,-200.0,0,
PST010,CARTON KHAKI (CJ18) 470*365*240MM,0.0,0.0,0.0,missing_in_erp,1100.0,-1101.0,0,
PST011,CARTON KHAKI (CA19) 470*365*240MM,0.0,0.0,0.0,missing_in_erp,100.0,-176.0,0,
PST012,CARTON KHAKI (CJ17) 470*365*240MM,0.0,0.0,0.0,missing_in_erp,451.0,-557.0,0,
PST013,SPACER VARIANT 2,0.0,0.0,0.0,missing_in_erp,0,8155.0,0,
PST018,MOTORCYCLE CHAIN & SPROCKET KIT BL 70CC,0.0,0.0,0.0,missing_in_erp,0,0,0,
PST019,M.CTN CHAIN & SPROCKET KIT 360*195*195,0.0,0.0,0.0,missing_in_erp,0,0,0,
PTF018,TARANUM BLENDER CTN 3 IN 1 P4 C3 LY,0.0,0.0,0.0,missing_in_erp,987.0,-987.0,0,
PTM,TALHA Black pepper 25GRAM*144 PACK C4 P5,0.0,0.0,0.0,missing_in_erp,487.0,-487.0,0,
PTM001,TALHA FOODS MASALA CTN 100/125/500GM C2 P5 LN,0.0,0.0,0.0,missing_in_erp,6708.0,-6708.0,0,
PTM002,TALHA QASURI METHI 25GRAM/96PACK P3,0.0,0.0,0.0,missing_in_erp,1980.0,-1980.0,0,
PTM003,TALHA SMALL SADA CTN 1KG/12PACK,0.0,0.0,0.0,missing_in_erp,2252.0,-2252.0,0,
PTM004,TALHA MEDIUM SADA CTN 900 GRAM,0.0,0.0,0.0,missing_in_erp,1056.0,-1056.0,0,
PTM005,TALHA LARGE SADA CTN 1KG/16PACK,0.0,0.0,0.0,missing_in_erp,297.0,-297.0,0,
PTM006,SUPER STAR MUSTARD OIL 200ML*26 C2 P3,0.0,0.0,0.0,missing_in_erp,8319.0,-6978.0,0,
PTM007,SUPER STAR MUSTARD OIL 500ML C2 P3,0.0,0.0,0.0,missing_in_erp,1056.0,-1056.0,0,
PTM009,TALHA MASALA PURE 99%,0.0,0.0,0.0,missing_in_erp,503.0,-503.0,0,
PTM010,TALHA VINEGAR CTN C2 P5,0.0,0.0,0.0,missing_in_erp,814.0,-814.0,0,
PTM011,TALHA SALT C4 P5,0.0,0.0,0.0,missing_in_erp,1966.0,-1966.0,0,
PTM012,TALHA VERMICELLI C2 P5,0.0,0.0,0.0,missing_in_erp,2100.0,-2100.0,0,
PTM013,TALHA MASALA MIX CTN C2 P5,0.0,0.0,0.0,missing_in_erp,1000.0,-1000.0,0,
PTM014,TALHA MIX ACHAR CTN 288 PCS C2 P5,0.0,0.0,0.0,missing_in_erp,2907.0,-2907.0,0,
PTM015,TALHA MASALA CTN HALDI& MIRCH DALIYA C2 P5,0.0,0.0,0.0,missing_in_erp,1328.0,-1328.0,0,
PTM016,TALHA MASALA 8/12GRAM C2 P5,0.0,0.0,0.0,missing_in_erp,4849.0,-4849.0,0,
PTM017,TALHA TOMATO/CHILLI KETCHUP 30G/288PC CTN C2 P5,0.0,0.0,0.0,missing_in_erp,3988.0,-3988.0,0,
PTM018,TALHA MASALA 100/500 GRM CTN C2 P5,0.0,0.0,0.0,missing_in_erp,1170.0,-1170.0,0,
PTM019,TALHA CTN KHEER MIX C2 P5,0.0,0.0,0.0,missing_in_erp,943.0,-943.0,0,
PTM020,TALHA MUSTARD OIL 1000 ML (CBB) C2 P3,0.0,0.0,0.0,missing_in_erp,1617.0,-1617.0,0,
PTM021,TALHA TOMATO KETCHUP 250/500 GRAM C2 P5,0.0,0.0,0.0,missing_in_erp,1013.0,-1013.0,0,
PTM022,TALHA TOMATO KETCHUP 1KG*12 PACK,0.0,0.0,0.0,missing_in_erp,1020.0,-1020.0,0,
PTM023,CUSTARD POWDER 120*96 PACKS C2 P5,0.0,0.0,0.0,missing_in_erp,2724.0,-2724.0,0,
PTM024,CUSTARD POWDER 300 GRAM *48 PACK C2 P5,0.0,0.0,0.0,missing_in_erp,1042.0,-1042.0,0,
PTM025,TALHA MASALAY 1KG*12 PACK C2 P5,0.0,0.0,0.0,missing_in_erp,770.0,-770.0,0,
PTM026,TALHA KETCHUP/SIRKA 5KG*4 PACK  C2 P5,0.0,0.0,0.0,missing_in_erp,770.0,-770.0,0,
PTM027,TALHA MASALA 500/200/100 GRAM C 2 P3 KHAKI,0.0,0.0,0.0,missing_in_erp,1042.0,-1042.0,0,
PTM028,TALHA MASALA 200/100 GRAM C 2 P 5,0.0,0.0,0.0,missing_in_erp,2951.0,-2951.0,0,
PTM029,TALHA VERMICELLI 150*72PCS C2 P5,0.0,0.0,0.0,missing_in_erp,0,0,0,
PUC001,HAIR REMOVER CREAM CTN SADA P3,0.0,0.0,0.0,missing_in_erp,27074.0,0,0,
PWF005,"KIRAN SOAP 20CAKES,6KG C2 P3 LN",0.0,0.0,0.0,missing_in_erp,13204.0,-8123.0,0,
PWF007,G.N Power Detergent Khaki P5 700 grm,0.0,0.0,0.0,missing_in_erp,5387.0,-5387.0,0,
PWF011,G.N DETERGANT 36 PCS KHAKI P5 C1,0.0,0.0,0.0,missing_in_erp,0,0,0,
PWF012,"KIRAN SOAP 40CAKES,8KG C1 P3",0.0,0.0,0.0,missing_in_erp,0,9186.0,0,
RAP0012,RAPER RING 260/36,-0.0,0.0,-0.0,missing_in_erp,0,-1618.9,0,
RAP003-1,RAPER LASHKARA 400 GRM,0.0,0.0,0.0,missing_in_erp,0,-1091.5,0,
RAP0051,PAPER REEL SIZE 12 (F & SF),0.0,0.0,0.0,missing_in_erp,0,-3964.0,0,
RAP027,RAPER COTTON DISHWASH SASHAY 10 RS,0.0,0.0,0.0,missing_in_erp,0,-215.0,0,
RAP029,BAHAR OIL SLEAVE 250ML,0.0,0.0,0.0,missing_in_erp,0,-471908.45,0,
RAP030,BACHAT DISHWASH RAPER RS.10,0.0,0.0,0.0,missing_in_erp,60.2,-316.715,0,
RAP034,RAPER PAIRACON DISHWASH RS.10,0.0,0.0,0.0,missing_in_erp,0,-557.2,0,
RAP037,RAPER VANIZA D/W SMALL,0.0,0.0,0.0,missing_in_erp,1.0,-570.5,0,
RAP038,RAPER VANIZA D/W LARGE,0.0,0.0,0.0,missing_in_erp,0,-592.5,0,
RAP083,BAHAR OIL SLEAVE 500ML,0.0,0.0,0.0,missing_in_erp,0,-109000.0,0,
RAP084,BAHAR OIL SLEAVE 1000ML,0.0,0.0,0.0,missing_in_erp,0,-54700.0,0,
RAP088,RAPER TOMATOO SOAP LARGE,-0.0,0.0,-0.0,missing_in_erp,868.58,-868.58,0,
RAP100,RAPER MOMIN 1KG,0.0,0.0,0.0,missing_in_erp,0,-1096.0,0,
RAP101,RAPER MOMIN 3KG,0.0,0.0,0.0,missing_in_erp,0,-1246.5,0,
RAP102,RAPER MOMIN 5KG,0.0,0.0,0.0,missing_in_erp,0,-1036.5,0,
RAP106,RAPER MONILITH GLUE BAG,0.0,0.0,0.0,missing_in_erp,0,6972.0,0,
RAP135,SUPER KARARI (NEW),0.0,0.0,0.0,missing_in_erp,3296.2,-3296.2,0,
RAP136,FAIZAN PLASTIC SMALL,0.0,0.0,0.0,missing_in_erp,1463.9,-1463.9,0,
RAP137,FAIZAN PLASTIC LARGE,0.0,0.0,0.0,missing_in_erp,84.4,-84.4,0,
RAP141,RAPER GN DETERGENT 4KG,0.0,0.0,0.0,missing_in_erp,1358.0,-2040.0,0,
RAP145,FAIZA PONIA BOPP 600/20,0.0,0.0,0.0,missing_in_erp,320.5,-320.5,0,
RAP150,RAPER BROWN GOLD SOAP,0.0,0.0,0.0,missing_in_erp,497.3,-994.74,0,
RAP161,RAPER GOLD LUNCH BOX,0.0,0.0,0.0,missing_in_erp,132.0,-132.0,0,
RAP186,RAPER ASIAN LUNCH BOX,0.0,0.0,0.0,missing_in_erp,276.0,-276.0,0,
RAP188,FUN TIME SNACKS (MAGENTA),0.0,0.0,0.0,missing_in_erp,0,0,0,
RAP189,FUN TIME SNACKS (GREEN),0.0,0.0,0.0,missing_in_erp,0,0,0,
RAP190,RAPER ASIAN LUNCH BOX 2,0.0,0.0,0.0,missing_in_erp,0,0,0,
RAP191,RAPER KAUSAR SOAP 2 COLOR NEW,0.0,0.0,0.0,missing_in_erp,0,0,0,
RAP195,RAPER SEASON CONOLA,0.0,0.0,0.0,missing_in_erp,60.0,-60.0,0,
RAP198,RAPER PHOOL COOKING OIL,0.0,0.0,0.0,missing_in_erp,90.0,-90.0,0,
RAP205,RAPER PARA PLUS,0.0,0.0,0.0,missing_in_erp,0,0,0,
RAP209,RAPER MAHFILI CLASIC RICE 5KG,0.0,0.0,0.0,missing_in_erp,0,903.0,0,
RAP220,RAPER NAFEESA LUNCH BOX 01,0.0,0.0,0.0,missing_in_erp,0,233.54,0,
RAP223,CLASSIC PLASTIC  BOPP,0.0,0.0,0.0,missing_in_erp,0,78.0,0,
RAP226,RAPER FOJI SUPREME COOKING OIL 1LT,0.0,0.0,0.0,missing_in_erp,0,0,0,
RAP228,RAPER PAK ATLAS PEDISTAL FAN,0.0,0.0,0.0,missing_in_erp,0,0,0,
RAP229,RAPER PAK ATLAS FAN BLADE,0.0,0.0,0.0,missing_in_erp,0,0,0,
RAP230,RAPER PAK ATLAS FAN STAND,0.0,0.0,0.0,missing_in_erp,0,0,0,
RAP232,RAPER GOLDEN STAR PEDISTAL FAN,0.0,0.0,0.0,missing_in_erp,0,0,0,
RAP234,RAPER GOLDEN STAR BLADE,0.0,0.0,0.0,missing_in_erp,0,0,0,
RAP235,RAPER GOLDEN STAR STAND,0.0,0.0,0.0,missing_in_erp,0,0,0,
RAP236,RAPER TAZGI GOLD BEAUTY SOAP (PURPLE),0.0,0.0,0.0,missing_in_erp,0,123.2,0,
RAP254,RAPER MERCEDES GALAXY CEILLING FAN,0.0,0.0,0.0,missing_in_erp,0,0,0,
RAP258,RAPER LARAIB ORNAGE+PEACH FRUITY SOAP,0.0,0.0,0.0,missing_in_erp,0,577.71,0,
RAP262,RAPER NISHAT TEA 450 GRAM RED,0.0,0.0,0.0,missing_in_erp,0,483.0,0,
RAP265,RAPER DIAMOND PLASTIC STICKER,0.0,0.0,0.0,missing_in_erp,0,205.0,0,
RAP274,RAPER SHINE DETERGENT  PLUS 5KG,0.0,0.0,0.0,missing_in_erp,809.0,0,0,
RAP279,RAPER DALYA RICE 5KG,0.0,0.0,0.0,missing_in_erp,1925.0,0,0,
RAP280,RAPER SAFA D/T 3KG,0.0,0.0,0.0,missing_in_erp,472.0,0,0,
RAP281,RAPER SAFA D/T 5KG,0.0,0.0,0.0,missing_in_erp,591.0,0,0,
RAP285,RAPER ITTEHAD BRAND LUNCH BOX,0.0,0.0,0.0,missing_in_erp,265.5,0,0,
RAP286,RAPER RED CHILLI MASALA (MANZAL-E-ZOUQ),0.0,0.0,0.0,missing_in_erp,506.35,0,0,
RAP305,RAPER SUPREME PLASTIC LUNCH BOX STICKER,0.0,0.0,0.0,missing_in_erp,169.0,0,0,
RAP306,RAPER STAR ASIA+DIAMOND PLASTIC LUNCH BOX,0.0,0.0,0.0,missing_in_erp,193.0,0,0,
RAP312,RAPER VIGO LUXURY SOAP SMALL,0.0,0.0,0.0,missing_in_erp,543.26,0,0,
RAP329,DELUXE TURKY b/S ROSE TOUCH,0.0,0.0,0.0,missing_in_erp,99.52,0,0,
RAP332,RAPER SUPER ENERGY BISCUIT GOOD TIME RS#5+10,0.0,0.0,0.0,missing_in_erp,386.24,0,0,
RAP334,SUPER ENERGY BISCUITS RS.10,0.0,0.0,0.0,missing_in_erp,256.18,0,0,
RAP338,RAPER SAGA WASHING POWDER 1KG (YELLOW),0.0,0.0,0.0,missing_in_erp,511.04,0,0,
RAP339,RAPER SAGA WASHING POWDER RS. 100 (YELLOW),0.0,0.0,0.0,missing_in_erp,450.25,0,0,
RAP340,RAPER SAGA WASHING POWDER RS. 50 (YELLOW),0.0,0.0,0.0,missing_in_erp,516.83,0,0,
RAP352,RAPER TAKE A BREAK BISCUIT RS.10,0.0,0.0,0.0,missing_in_erp,183.85,0,0,
RAP353,RAPER SURPRISE BISCUIT RS.10,0.0,0.0,0.0,missing_in_erp,184.0,0,0,
RAP354,RAPER BUTTER BADAM BISCUIT RS.10,0.0,0.0,0.0,missing_in_erp,180.1,0,0,
RAP355,RAPER ZEERA BISCUIT RS.10,0.0,0.0,0.0,missing_in_erp,179.35,0,0,
RAP356,RAPER CAFI BISCUIT RS.10,0.0,0.0,0.0,missing_in_erp,178.15,0,0,
RAP357,RAPER PEANUTS BISCUIT RS.10,0.0,0.0,0.0,missing_in_erp,183.65,0,0,
RAP358,RAPER MACHLI FRY SNACKS SPICY MASALA,0.0,0.0,0.0,missing_in_erp,1039.12,0,0,
RAP359,CHILLI GARLLIC SAUCE FRENCH CHOICE 9+-1,0.0,0.0,0.0,missing_in_erp,2300.95,0,0,
RAP360,RAPER CHILLI TOMATO KETCHUP 10G+-1,0.0,0.0,0.0,missing_in_erp,544.11,0,0,
RAP361,RAPER CHILLI GARLIC SAUCE 10G+-1,0.0,0.0,0.0,missing_in_erp,542.55,0,0,
RAP362,RAPER KAMAL  SPECIAL TEA 5KG,0.0,0.0,0.0,missing_in_erp,614.3,0,0,
RAP364,RAPER AL HAFEEZ SEEDS,0.0,0.0,0.0,missing_in_erp,509.87,0,0,
RAP369,RAPER SUPREME STICKER,0.0,0.0,0.0,missing_in_erp,126.4,0,0,
RAP370,RAPER DIAMOND PLASTIC STICKER,0.0,0.0,0.0,missing_in_erp,136.65,0,0,
RAP371,KAPTAN DETERGENT POWDER RS.50,0.0,0.0,0.0,missing_in_erp,551.2,0,0,
RAP373,STAND POUCH BAG 170*260 GUZZT 100,0.0,0.0,0.0,missing_in_erp,387.55,0,0,
RAP374,RAPER PURE TABLE SALT 800GRAM (SKY BLUE),0.0,0.0,0.0,missing_in_erp,1058.3,0,0,
RAP375,RAPER SAHIL HYBRID RICE SEEDS 3KG,0.0,0.0,0.0,missing_in_erp,467.85,0,0,
RAP379,RAPER HAPPY DETERGENT 2KG,0.0,0.0,0.0,missing_in_erp,0,0,0,
RAP383,RAPER AKHROT DETERGENT RS.10,0.0,0.0,0.0,missing_in_erp,6013.15,0,0,
RAP389,TRI SEAL POUCH 130*190,0.0,0.0,0.0,missing_in_erp,556.0,0,0,
RAP394,RAPER BULBUL DETERGENT RS.50,0.0,0.0,0.0,missing_in_erp,523.1,0,0,
RAP395,RAPER BULBUL DETERGENT RS.100,0.0,0.0,0.0,missing_in_erp,460.85,0,0,
RAP397,EDMORE HAIR COLOR CREAM BLACK 45,0.0,0.0,0.0,missing_in_erp,3765.0,0,0,
RAP401,PETROVA GOLD LE-600 LITHUM 500GRAM,0.0,0.0,0.0,missing_in_erp,487.9,0,0,
RAP402,RAPER GN DETERGENT POWDER 500gm,0.0,0.0,0.0,missing_in_erp,497.85,0,0,
RAP403,RAPER FOODLEY MIX PICKLES 20+-2 GRAM,0.0,0.0,0.0,missing_in_erp,553.45,0,0,
RAP405,RAPER GN DETERGENT POWDER 1KG,0.0,0.0,0.0,missing_in_erp,546.0,0,0,
RAP407,DIL PASSAND ROZAN RICE SEEDS 5KG,-0.0,0.0,-0.0,missing_in_erp,404.95,0,0,
RAP409,RAPER SUBHANI SEEDS,0.0,0.0,0.0,missing_in_erp,519.05,0,0,
RAP410,VIP WASH 1KG,0.0,0.0,0.0,missing_in_erp,495.45,0,0,
RAP414,RAPER CLEAN SPRING DETERGENT 500GM,0.0,0.0,0.0,missing_in_erp,557.35,0,0,
RAP415,RAPER CLEAN SPRING DETERGENT 1KG,0.0,0.0,0.0,missing_in_erp,497.45,0,0,
RAP423,RAPER CLEAN DAY DETERGENT 1KG,0.0,0.0,0.0,missing_in_erp,968.91,0,0,
RAP424,RAPER BULBUL LAUNDRY D/T 3KG,0.0,0.0,0.0,missing_in_erp,458.1,0,0,
RAP432,RAPER PARAS DETERGENT RS.50,0.0,0.0,0.0,missing_in_erp,534.85,0,0,
RAP433,RAPER PARAS DETERGENT 500GRAM,0.0,0.0,0.0,missing_in_erp,538.75,0,0,
RAP447,RAPER HUMBER DISHWASH LIQUID 1500GM,0.0,0.0,0.0,missing_in_erp,176.0,0,0,
RAP470,RAPER WAVY DETERGENT RS.10,0.0,0.0,0.0,missing_in_erp,0,0,0,
RAP477,RAPER CLEAN SPRING DETERGENT 2KG,0.0,0.0,0.0,missing_in_erp,457.1,0,0,
RAP478,RAPER CLEAN DAY DETERGENT 500GRAM,0.0,0.0,0.0,missing_in_erp,197.0,0,0,
RAP486,RAPER BLUE RINSE DETERGENT RS.10,0.0,0.0,0.0,missing_in_erp,314.0,0,0,
RAP491,RAPER S-3 GENUINE PARTS GREEN LARGE,0.0,0.0,0.0,missing_in_erp,280.0,0,0,
RAP495,WAVY DETERGENT POWDER,0.0,0.0,0.0,missing_in_erp,566.0,0,0,
RAP497,RAPER TURKY DETERGENT RS.50,0.0,0.0,0.0,missing_in_erp,508.0,0,0,
RAP498,RAPER TURKY DETERGENT 1KG,0.0,0.0,0.0,missing_in_erp,336.0,0,0,
RAP499,RAPER ACNECARE SHAMPO,0.0,0.0,0.0,missing_in_erp,460.0,0,0,
RAP504,SADA BAG 3 SIDE SEAL 11*17,0.0,0.0,0.0,missing_in_erp,771.0,0,0,
RAP510,ROTI RITE PREMIUM MAIDA 1KG BAG,0.0,0.0,0.0,missing_in_erp,0,0,0,
RM0006,SODA LITE,0.0,0.0,0.0,missing_in_erp,0,0,0,
RM0010,GREEN OIL BAG,0.0,0.0,0.0,missing_in_erp,0,-2762.685,227.315,
RM00194,SPECKLES YELLOW,-0.0,0.0,-0.0,missing_in_erp,0,-2859.708,140.292,
RM00195,SPECKLES ORANGE,0.0,0.0,0.0,missing_in_erp,0,-100.0,0,
RM0022,SHAMPO BASE (SLES),0.0,0.0,0.0,missing_in_erp,0,0,0,
RM0023,ETDA,0.0,0.0,0.0,missing_in_erp,0,-25.0,0,
RM0032,LEEKO,0.0,0.0,0.0,missing_in_erp,0,-442.594,307.406,
RM0035,28 CRAFT 150 GRM,0.0,0.0,0.0,missing_in_erp,0,-675.0,0,
RM0037,LEAKO,0.0,0.0,0.0,missing_in_erp,0,-175.0,0,
RM0047,Noddle Soap,0.0,0.0,0.0,missing_in_erp,0,-405425.0,0,
RM0052,LUBRIZOL LD920,0.0,0.0,0.0,missing_in_erp,0,-200.0,0,
RM0058,NOODLE (GOLD),0.0,0.0,0.0,missing_in_erp,0,-11500.0,0,
RM0060,CMC TURKISH,0.0,0.0,0.0,missing_in_erp,0,-5000.0,0,
RM0062,DELOMITE POWDER,0.0,0.0,0.0,missing_in_erp,0,-24100.0,0,
RM0069,FENTACARE TO 2 (3402.1300),0.0,0.0,0.0,missing_in_erp,0,-466.0,0,
RM0070,BASE 7AD,0.0,0.0,0.0,missing_in_erp,0,0,0,
RM0100,KAOLIN POWDER,0.0,0.0,0.0,missing_in_erp,0,-5500.0,0,
RM0169,SKIN OIL,0.0,0.0,0.0,missing_in_erp,0,-11485.0,0,
RM071,SNOW WHITE MARBLE,0.0,0.0,0.0,missing_in_erp,0,-35000.0,0,
RM074,INK DRUM,0.0,0.0,0.0,missing_in_erp,0,-1750.0,0,
RM075,ALUMINUM SULPHATE,0.0,0.0,0.0,missing_in_erp,0,-204.0,0,
RM076,SULPHURIC ACID,0.0,0.0,0.0,missing_in_erp,0,-20000.0,0,
RM078,MARBOND MB-675C,0.0,0.0,0.0,missing_in_erp,0,-724.0,0,
RM079,F PP 1155 50 KG DRUM (6A-M),0.0,0.0,0.0,missing_in_erp,0,-15.0,0,
RM084,FLEXO INK CYAN,0.0,0.0,0.0,missing_in_erp,0,0,0,
RM091,OFFSET INK BLACK,0.0,0.0,0.0,missing_in_erp,0,-60.0,0,
RM092,OFFSET INK CYAN,0.0,0.0,0.0,missing_in_erp,0,-48.0,0,
RM093,OFFSET INK MAGENTA,0.0,0.0,0.0,missing_in_erp,0,-48.0,0,
RM103,ANTI FORM,0.0,0.0,0.0,missing_in_erp,0,-5.0,0,
RM108,DOUBLE SIDE TAPE,0.0,0.0,0.0,missing_in_erp,0,-180.0,0,
RM118,GRAVUER INK TV (HT 01163),0.0,0.0,0.0,missing_in_erp,0,-75.0,0,
RM121,FLEXO INK GOLDEN YELLOW (AQF-2135),0.0,0.0,0.0,missing_in_erp,0,-25.0,0,
RM122,FLEXO INK CAPTAN RED (AQF-4358),0.0,0.0,0.0,missing_in_erp,0,-25.0,0,
RM123,GRAVURE INK COST EFFECTIVE YELLOW,0.0,0.0,0.0,missing_in_erp,0,-25.0,0,
RM124,HCL,0.0,0.0,0.0,missing_in_erp,0,-2187.0,0,
RM126,PH STICK,0.0,0.0,0.0,missing_in_erp,0,0,0,
RM132,BAHAR EMPTY PP BAG 19*31,0.0,0.0,0.0,missing_in_erp,0,-6120.0,0,
RM133,BAHAR EMPTY PP BAG 19*24,0.0,0.0,0.0,missing_in_erp,0,-10130.0,0,
RM134,PP BAG IFS 24*42,0.0,0.0,0.0,missing_in_erp,0,-8000.0,0,
RM147,PALM FATTY ACID OIL,0.0,0.0,0.0,missing_in_erp,0,-15725.0,0,
RM148,PALM ACID OIL,0.0,0.0,0.0,missing_in_erp,0,-3700.0,0,
RM168,BLEACHING CLAY,0.0,0.0,0.0,missing_in_erp,0,-6100.0,0,
RM171,FLEXO INK GREY,0.0,0.0,0.0,missing_in_erp,0,-50.0,0,
RM172,Glycerin,0.0,0.0,0.0,missing_in_erp,0,-1.0,0,
RM181,GRAVURE INK YELLOW (FTP),0.0,0.0,0.0,missing_in_erp,0,-50.0,0,
RM182,FLEXO INK D.BLACK,0.0,0.0,0.0,missing_in_erp,0,0,0,
RM183,RHODAMINE,0.0,0.0,0.0,missing_in_erp,0,-25.0,0,
RM184,YORAPINE,0.0,0.0,0.0,missing_in_erp,0,-25.0,0,
RM185,SANDLE COLOR,0.0,0.0,0.0,missing_in_erp,0,-25.0,0,
RM186,RANG KAAT,0.0,0.0,0.0,missing_in_erp,0,-100.0,0,
RM194,FRAGNANCE NEROLINE YARA YARA,0.0,0.0,0.0,missing_in_erp,0,-5.0,0,
RM195,FRAGNANCE MANGO,0.0,0.0,0.0,missing_in_erp,0,-10.0,0,
RM196,GRAVURE INK CYAN (H-LAM CRYSTAL),0.0,0.0,0.0,missing_in_erp,0,0,0,
RM197,GRAVURE INK MAGENTA (H-LAM CRYSTAL),0.0,0.0,0.0,missing_in_erp,0,-175.0,0,
RM198,GRAVURE INK CYAN (H-LAM CRYSTAL),0.0,0.0,0.0,missing_in_erp,0,-425.0,0,
RM199,GRAVURE INK YELLOW (H-LAM CRYSTAL),0.0,0.0,0.0,missing_in_erp,0,-525.0,0,
RM200,GRAVURE INK WHITE (H-LAM CRYSTAL),0.0,0.0,0.0,missing_in_erp,0,-475.0,0,
RM201,GRAVURE MEDIUM (H-LAM CRYSTAL),0.0,0.0,0.0,missing_in_erp,0,-375.0,0,
RM206,GRAVURE INK CYAN (SPECIAL H-LAM),0.0,0.0,0.0,missing_in_erp,0,-50.0,0,
RM207,GRAVURE INK MAGENTA (SPECIAL H-LAM),0.0,0.0,0.0,missing_in_erp,0,-50.0,0,
RM208,GRAVURE INK YELLOW (SPECIAL H-LAM),0.0,0.0,0.0,missing_in_erp,0,-50.0,0,
RM210,GRAVURE INK WHITE (SPECIAL H-LAM),0.0,0.0,0.0,missing_in_erp,0,-60.0,0,
RM220,S-EXL OIL,0.0,0.0,0.0,missing_in_erp,0,0,0,
RM227,WATER,0.0,0.0,0.0,missing_in_erp,0,74371.268,74371.268,
RM228,HPMC CHEMICALS,0.0,0.0,0.0,missing_in_erp,0,-25.0,0,
RM230,PIGMET BLUE,0.0,0.0,0.0,missing_in_erp,0,-100.0,0,
RM262,YELLOW ACID,0.0,0.0,0.0,missing_in_erp,0,0,0,
RM263,GREEN ACID,0.0,0.0,0.0,missing_in_erp,0,-125.0,0,
RM264,PIGMET ORANGE,0.0,0.0,0.0,missing_in_erp,0,0,0,
RM266,METAL YELLOW,0.0,0.0,0.0,missing_in_erp,0,0,0,
RM269,CBX,0.0,0.0,0.0,missing_in_erp,0,0,0,
RM281,GUM ROSIN,0.0,0.0,0.0,missing_in_erp,0,-480.0,0,
RM283,FRAGNANCE SOFT RAIN,0.0,0.0,0.0,missing_in_erp,0,0,0,
RM284,FRAGNANCE ROYAL LEATHER,0.0,0.0,0.0,missing_in_erp,0,0,0,
RM290,OPTICAL BRIGHTENING POWDER,0.0,0.0,0.0,missing_in_erp,0,-25.0,0,
RM291,OPTICAL BRIGHTENING GREEN,0.0,0.0,0.0,missing_in_erp,0,-25.0,0,
RM306,NPAC,0.0,0.0,0.0,missing_in_erp,0,-25.0,0,
RM307,N.PROPONOL,0.0,0.0,0.0,missing_in_erp,0,-25.0,0,
RM308,BRICKETS,0.0,0.0,0.0,missing_in_erp,0,-1885.0,0,
RM309,RED COLORE FOR TC,0.0,0.0,0.0,missing_in_erp,0,-2.0,0,
RS1001,RING SABOON 180/40,0.0,0.0,0.0,missing_in_erp,0,-100.0,0,
SB001,STAR EMPTY PP BAGS 19*24,0.0,0.0,0.0,missing_in_erp,0,-19985.0,0,
SCR002,MISC SCRAB FOR BOILAR,0.0,0.0,0.0,missing_in_erp,0,-3820.0,0,
SF0006,DISHWASH LIQUID,0.0,0.0,0.0,missing_in_erp,0,0,0,
SF0009,POWDER MANUAL 9AD,0.0,0.0,0.0,missing_in_erp,0,0,0,
SF0010,POWDER MANUAL 5 A.D,0.0,0.0,0.0,missing_in_erp,0,9080.0,9080.0,
SF0012,EXPORT 13 A.D,0.0,0.0,0.0,missing_in_erp,191500.03,1476559.97,1668060.0,
SF0015,10 A.D BULK PACK,-0.0,0.0,-0.0,missing_in_erp,38269.5,3512261.5,3550531.0,
SF0019,JAGMAG 17 A.D,0.0,0.0,0.0,missing_in_erp,2022.0,-2022.0,0,
SF0020,BASE POWDER 7 AD,0.0,0.0,0.0,missing_in_erp,0,0,0,
SF0022,TOILET CLEANER,0.0,0.0,0.0,missing_in_erp,0,0,0,
SF0024,NENSA POWDER,0.0,0.0,0.0,missing_in_erp,0,375.0,0,
SL003,SUPER LIFE RED 45/72,0.0,0.0,0.0,missing_in_erp,0,-75.0,0,
SL004,SUPER LIFE YELLOW 45/72,0.0,0.0,0.0,missing_in_erp,0,-80.0,0,
TB004,TAZGI BEAUTY MILKY SOAP (55/72),0.0,0.0,0.0,missing_in_erp,0,-210.0,0,
TB005,TAZGI BEAUTY GREEN SOAP (55/72),0.0,0.0,0.0,missing_in_erp,0,-198.0,0,
TB006,TAZGI BEAUTY PINK SOAP (55/72),0.0,0.0,0.0,missing_in_erp,0,-185.0,0,
TB009,TAZGI BEAUTY SOAP GREEN (120/48),0.0,0.0,0.0,missing_in_erp,0,-75.0,0,
TB015,TAZGI BEAUTY GOLD PINK 120/48,0.0,0.0,0.0,missing_in_erp,0,0,0,
TB016,TAZGI BEAUTY GOLD WHITE 120/48,0.0,0.0,0.0,missing_in_erp,0,0,0,
TB020,TAZGI BEAUTY DELUXE MILKY SOAP 120/72,0.0,0.0,0.0,missing_in_erp,0,0,0,
TB025,TAZGI BEAUTY GOLD JASMINE 140/48,0.0,0.0,0.0,missing_in_erp,0,0,0,
UCR001,RAPER GOLD GLEAM 1 LAYER,0.0,0.0,0.0,missing_in_erp,0,-57.8,0,
UCR002,RAPER SNAIL WHITE 1 LAYER,0.0,0.0,0.0,missing_in_erp,0,-100.6,0,
UCR003,2 LAYER GOLD CREAM,0.0,0.0,0.0,missing_in_erp,0,-90.65,0,
WHP001,KHADIJA PALM OIL 16KG,0.0,0.0,0.0,missing_in_erp,21000.0,-21000.0,0,
WHP004,FOJI SUPREME COOKING OIL 1LTR*5PAC,0.0,0.0,0.0,missing_in_erp,31735.0,-31735.0,0,
WHP005,FOJI COOKING OIL 900M *5LTR P3 C4 LY,0.0,0.0,0.0,missing_in_erp,20040.0,0,0,
YAS001,CARTON P3 52*55,0.0,0.0,0.0,missing_in_erp,0,0,0,
