id,code,name,product_type,warehouse_qty
7,BB001,BACHAT PP BAGS EMPTY,finished,0.0
8,BGS001,BETA GOL SOAP C1 P3 LN,finished,0.0
9,BGS002,BETA GOL JAR 20 TIKI C1 P3 LN,finished,0.0
10,BOP001,BOPP MAT 825MM 20 MICRON,finished,0.0
11,BOP002,BOPP MAT 835MM 20 MICRON,finished,0.0
12,BOP003,BOPP MAT 40MM 20 MICRON,finished,0.0
13,BOP004,BOPP MAT 90MM 20 MICRON,finished,0.0
14,BOP005,BOPP MAT 850MM 20 MICRON,finished,0.0
15,BOP006,OPP MTZ 640MM 20MICRON,finished,0.0
16,BOP007,BOPP MAT 600MM 25 MICRON,finished,0.0
17,BOP008,BOPP MAT 765MM 30MICRON,finished,0.0
18,BOP009,BOPP H/S 760MM 30 MICRON,finished,0.0
19,BOP010,BOPP PEARL 760MM 38MICRON,finished,0.0
20,BOP011,BOPP H/S 820MM 30 MICRON,finished,0.0
22,BOP013,BOPP MAT 680MM 20 MICRON (GOLD GLEAM),finished,0.0
23,BOP014,BOPP H/S 570MM 30MICRON,finished,0.0
24,BOP015,PEARL 600MM 25 MICRON,finished,0.0
25,BOP016,PEARL SKIN VATAMIN  BOPP 590MM,finished,0.0
26,BOP017,PEARL 670MM 75 MICRON,finished,0.0
27,BOP018,BOPP PRINTED 660MM 75 MICRON,finished,0.0
28,BOP019,BOPP H/S 680MM 30 MICRON,finished,0.0
29,BOP020,PEARL FEEL 670MM 25MICRON,finished,0.0
30,BOP021,BOPP TRI PACK 760MM 25MICRON,finished,0.0
31,BOP022,BOPP I PACK 760MM 25MICRON,finished,0.0
32,BOP023,BOPP H/S 920MM 30MICRON,finished,0.0
33,BOP024,BOPP MAT 820MM 20MICRON,finished,0.0
34,BOP025,BOPP MAT 590MM 15MICRON,finished,0.0
35,BOP026,BOPP H/S 610MM 30MICRON,finished,0.0
37,BOP028,BOPP 660MM 25 MICRON,finished,0.0
38,BOP029,BOPP 680MM 30 MICRON,finished,0.0
39,BOP030,BOPP I PACK 960MM 30 MICRON,finished,0.0
40,BOP031,CPP MILKY 640MM 25 MICRON,finished,0.0
41,BOP032,CPP MILKY 610MM 25 MICRON,finished,0.0
42,BOP033,BOPP 800MM 25 MICRON,finished,0.0
43,BOP034,BOPP PEARL 795MM 30 MICRON,finished,0.0
44,BOP035,PEARL570MM 38 MICRON,finished,0.0
45,BOP036,BOPP H/S 610MM 20 MICRON,finished,0.0
46,BOP037,BOPP PEARL 610MM 30MICRON,finished,0.0
47,BOP038,CPP MTZ 855MM 25MICRON,finished,0.0
48,BOP039,CPP MILKY 855MM 20MICRON,finished,0.0
49,BOP040,BOPP MATT 876MM 12MICRON,finished,0.0
50,BOP041,BOPP MATT 635MM 12MICRON,finished,0.0
51,BOP042,BOPP 1000MM 20MICRON,finished,0.0
52,BOP043,BOPP 570MM 20MICRON,finished,0.0
53,BOP044,BOPP PLAIN 825MM 20MICRON,finished,0.0
55,BOP046,BOPP SIZE 480MM 20MICRON,finished,0.0
56,BOP047,BOPP SIZE 540MM 20MICRON,finished,0.0
57,BOP048,BOPP SIZE 650MM 30MICRON,finished,0.0
58,BOP049,BOPP SIZE 910MM 20MICRON,finished,0.0
59,BOP050,BOPP SIZE 765MM 25MICRON,finished,0.0
60,BOP051,BBOPP SIZE 800MM 30MICRON,finished,0.0
63,BOP054,CPP MTLYZ 660MM 25MICRON,finished,0.0
64,BOP055,BOPP PEARL 680MM 38 MICRON,finished,0.0
65,BOP056,BOPP PEARL 840MM 38 MICRON,finished,0.0
67,BOP058,CPP MTLYZ 720MM 20MICRON,finished,0.0
68,BOP059,CPP MTLYZ 810MM 25MICRON,finished,0.0
69,BOP060,CPP MTLYZ 780MM 25MICRON,finished,0.0
71,BOP062,BOPP SIZE 480MM 30MICRON,finished,0.0
72,BOP063,BOPP SIZE 765MM 40MICRON,finished,0.0
74,BOP065,PET+CPP MTZ 260MM,finished,0.0
77,BOP068,BOPP SIZE 230MM 25 MICRON,finished,0.0
78,BOP069,CPP NATURAL 650MM 25MICRON,finished,0.0
79,BOP070,BOPP SIZE 232MM 40MICRON,finished,0.0
80,BOP071,CPP MTZ 460MM 25MICRON,finished,0.0
81,BOP072,BOPP PEARL 820MM 38MICRON,finished,0.0
98,BOPP005,BOPP PEARL 760MM 30 MICRON,finished,0.0
99,BOPP006,BOPP PEARL 765MM 30MICRON,finished,0.0
100,BOPP007,BOPP PEARL 810MM 12MICRON,finished,0.0
101,BOPP008,BOPP MTZ 660MM 20MICRON,finished,0.0
102,BOPP009,BOPP H/S 720MM 30 MICRON,finished,0.0
103,BOPP010,BOPP MTZ 670MM 20MICRON,finished,0.0
104,BOPP011,BOPP MTZ 470MM 20MICRON,finished,0.0
108,BT0003,GREEN BOTTLE CAP 35-GRM,finished,0.0
109,BT0004,BRILLO BOTTLE 475ML,finished,0.0
110,BT0005,HAPPY BOTTLE 500ML,finished,0.0
111,BT0006,EMPTY BAHAR LIQUID BOTTLE 900ML,finished,0.0
112,BT0007,EMPTY OIL BOTTLE 100ML,finished,0.0
113,BT0008,EMPTY OIL BOTTLE 250ML,finished,0.0
114,BT0010,LIQUID EMPTY BOTTLE 5KG,finished,0.0
115,BT0011,LAUNDRY LIQUID BOTTLE 500GRAMS,finished,0.0
116,BT0012,DISHWASH LIQUID EMPTY BOTTLE 1 LTR,finished,0.0
117,BT0013,BAHAR TOILET CLEANER CAP 250/500ML,finished,0.0
118,BT006,EMPTY OIL BOTTLE 500ML,finished,0.0
119,BT007,EMPTY OIL BOTTLE 170ML,finished,0.0
120,BT008,EMPTY BOTTLE BACHAT TOILET CLEANER,finished,0.0
122,BT010,EMPTY BOTTLE +CAP  HAPPY TOILET CLEANER,finished,0.0
123,BT011,BACHAT EMPTY BOTTLE DISHWASH LQUD 500ML,finished,0.0
124,BT012,EMPTY OIL BOTTLE 1000 ML,finished,0.0
126,BT014,BOTTLE VINEGAR MARYAM FOOD,finished,0.0
127,BT015,HAPPY TOILET CLEANER BOTTLE 250 ML,finished,0.0
128,BT016,PLANE PLASTIC BOTTAL+CAP,finished,0.0
129,BT017,BLEACH EMPTY BOTTAL,finished,0.0
132,BT020,RED CAP EMPTY BOTTLE 5KG,finished,0.0
133,BT021,SEAL EMPTY BOTTLE 5KG,finished,0.0
136,BTC003,BRILLO TOILET CLEANER 500ML,finished,0.0
139,BTC006,ZORO TOILET CLEANER 500/12,finished,0.0
140,BTC007,TOILET CLEANER(SAADA) 500/12,finished,0.0
141,BTC008,ETMAAD TOILET CLEANER 500/12,finished,0.0
142,BTC009,ETMAAD TOILET CLEANER 250/24,finished,0.0
144,BTC011,ARGHAWAN TOILET CLEANER 500/12,finished,0.0
146,BTC013,BRILLO TOILET CLEANER 250ML,finished,0.0
148,CC0001,CC FRUITY ORANGE (50/72) 3.6KG,finished,0.0
149,CC0002,CC FRUITY LEMON(50/72) 3.6KG,finished,0.0
150,CC0003,CC FRUITY ORANGE 100/48,finished,0.0
151,CC0004,CC FRUITY PEACH 100/48,finished,0.0
152,CC0005,CC FRUITY LEMON 100/48,finished,0.0
153,CC0006,CC PITTA SADA 150/40 6KG,finished,0.0
154,CC0007,CC BEAUTY PINK SOAP 115/48,finished,0.0
155,CC0008,CC BEAUTY GREEN SOAP 115/48,finished,0.0
156,CC0009,CC BEAUTY WHITE 115/48,finished,0.0
157,CC0010,CC BROWN 2 TIKKI DEY 250/40,finished,0.0
158,CC0011,CC LAUNDRY BROWN 2 TIKKI PACK DIE (250/40),finished,0.0
159,CC0012,CC BEAUTY MILKY SOAP 30/144,finished,0.0
160,CC0013,CC BEAUTY PINK  SOAP 30/144,finished,0.0
161,CC0014,CC BEAUTY MOISTURIZER SOAP 115/48,finished,0.0
162,CC0015,CC BROWN CHAKOR DIE 2 TIKI 245/40,finished,0.0
163,CLY001,LASHKARA W/P RS.10,finished,0.0
165,CLY003,RING D/W RS.20,finished,0.0
166,CLY004,JAGMAG DETERGENT RS. 10,finished,0.0
167,CLY005,RING D/W GOLA (SMALL),finished,0.0
168,CLY006,JAGMAG DETERGENT 1KG,finished,0.0
169,CLY007,RING D/W RS.10,finished,0.0
171,CLY009,RING D/W GOLA (MEDIUM),finished,0.0
172,CLY010,RING D/W GOLA LARGE,finished,0.0
173,CLY011,JAGMAG DETERGENT 500 GRAMS,finished,0.0
174,CLY012,JAGMAG DETERGENT 5KG,finished,0.0
175,CLY013,LASHKARA W/P 500GRAMS,finished,0.0
176,CLY014,BAHAR D/W SMALL,finished,0.0
177,CLY015,BAHAR D/W LARGE,finished,0.0
178,CLY016,TRAIN W/P 1 KG,finished,0.0
180,CLY018,TRAIN D/W RS. 10,finished,0.0
182,CLY020,TRAIN D/W SMALL,finished,0.0
183,CLY021,TRAIN D/W LONG BAR,finished,0.0
184,CLY022,TRAIN W/P RS. 10,finished,0.0
185,CLY023,TRAIN W/P 5KG,finished,0.0
186,CLY024,PAKEEZA SALT 800GRAMS,finished,0.0
187,CLY025,KHISRO TEA 500 GRAMS,finished,0.0
188,CLY026,VANIZIA SOAP CYLINDERS (LEMON),finished,0.0
190,CLY028,SHINE X GLUE 41769,finished,0.0
191,CLY029,MONILITH GLUE EP 41770,finished,0.0
192,CLY030,SAGA DISHWASH BAR SMALL,finished,0.0
193,CLY031,SAGA DISHWASH BAR MEDIUM,finished,0.0
194,CLY032,SAGA DISHWASH LONG BAR,finished,0.0
195,CLY033,SAGA DETERGENT POWER RS 10,finished,0.0
196,CLY034,SAGA DETERGENT POWDER 500 GRM,finished,0.0
197,CLY035,SAGA DETERGENT POWDER 1KG,finished,0.0
198,CLY036,BAHAR DETERGENT 1KG,finished,0.0
199,CLY037,BAHAR DETERGENT 500 GRAM,finished,0.0
200,CLY038,BAHAR DETERGENT 5KG,finished,0.0
201,CLY039,BAHAR DETERGENT RS#10,finished,0.0
202,CLY040,RAHIL DETERGENT 3 KG,finished,0.0
203,CLY041,RAHIL DETERGENT 1 KG,finished,0.0
204,CLY042,STAR DETERGENT RS#10,finished,0.0
205,CLY043,STAR DETERGENT 500 GRAM,finished,0.0
206,CLY044,STAR DETERGENT 1KG,finished,0.0
207,CLY045,SHAHZAIN SOAP,finished,0.0
208,CLY046,FLAVO FOOD HERBS SPICES - EXTRA SMALL,finished,0.0
209,CLY047,VANIZIA SOAP CYLINDERS (ORANGE),finished,0.0
210,CLY048,HARMOHNY FRUTI SOAP (LEMON),finished,0.0
211,CLY049,PAIRACON FRUTI SOAP (ORANGE),finished,0.0
212,CLY050,BACHAT DETERGENT  1KG,finished,0.0
213,CLY051,STAR DISHWASH 250 GRAM,finished,0.0
214,CLY052,STAR DISHWASH 80 GRAM,finished,0.0
215,CLY053,STAR DISHWASH 150 GRAM,finished,0.0
216,CLY054,VANIZIA SOAP CYLINDERS 155MM (ORANGE),finished,0.0
217,CLY055,VANIZIA SOAP CYLINDERS 155MM (LEMON),finished,0.0
218,CLY056,PAIRACON FRUTI SOAP 155MM (LEMON),finished,0.0
219,CLY057,BACHAT DETERGENT 500GRAM,finished,0.0
220,CLY058,BACHAT DETERGENT 375GRAM,finished,0.0
221,CLY059,BACHAT DETERGENT WHITE,finished,0.0
222,CLY060,SEASONS CANOLA 1LTR,finished,0.0
223,CLY061,SHAHZAIN LAUNDRY SOAP LARGE 250*158,finished,0.0
224,CLY062,SHAHZAIN LAUNDRY SOAP SMALL,finished,0.0
225,CLY063,ZAIFA SALT,finished,0.0
227,CLY065,BRILLO D/W 150/48,finished,0.0
228,CLY066,NOOR WASHING POWDER RS 10,finished,0.0
229,CLY067,NOOR WASHING POWDER RS 50,finished,0.0
230,CLY068,BRILLO D/W 75/72,finished,0.0
231,CLY069,SKY BEAUTY SOAP,finished,0.0
232,CLY070,KINZAY BEAUTY SOAP,finished,0.0
233,CLY071,CYLINDER SHAHZAIN SOAP PINK,finished,0.0
234,CLY072,CYLINDER TOMATO SOAP(IMRAN),finished,0.0
235,CLY073,BOXER DETERGENT 50 RS,finished,0.0
236,CLY074,BOXER DETERGENT 10 RS,finished,0.0
237,CLY075,BOXER DETERGENT  1 KG,finished,0.0
238,CLY076,BOXER DISHWASH,finished,0.0
239,CLY077,BOXER BEAUTY SOAP (SL2012299),finished,0.0
240,CLY078,BOXER BEAUTY SOAP (SL2103229),finished,0.0
241,CLY079,BOXER BEAUTY SOAP (SL2102239),finished,0.0
242,CLY080,BACHAT DISHWASH RS.10 (SL1225748),finished,0.0
243,CLY081,BACHAT DETERGENT RS.10 (L211696 C),finished,0.0
244,CLY082,HUNI DETERGENT RS10,finished,0.0
245,CLY083,HUNI DETERGENT 1KG,finished,0.0
246,CLY084,KINZY BEATY SOAP PINK NEW,finished,0.0
247,CLY085,SKY BEATY SOAP PINK NEW,finished,0.0
248,CLY086,SKY BEATY SOAP BLACK NEW,finished,0.0
249,CLY087,FOJI COOKING OIL,finished,0.0
250,CLY088,BRILLO FRUITY SOAP LEMON (SMALL),finished,0.0
251,CLY089,BRILLO FRUTY SOAP LEMON (LARGE),finished,0.0
252,CLY090,BRILLO FRUITY SOAP ORANGE (LARGE),finished,0.0
253,CLY091,BRILLO LAUNDRY SOAP,finished,0.0
254,CLY092,BRILLO PREMIUM SOAP,finished,0.0
255,CLY093,MMC SALT,finished,0.0
256,CLY094,AL FIRDOUS SALT,finished,0.0
257,CLY095,MOMIN DETERGENT 5KG(870*520),finished,0.0
258,CLY096,MOMIN DETERGENT 3KG(700*480),finished,0.0
259,CLY097,MOMIN DETERGENT 1KG(600*680),finished,0.0
260,CLY098,KARARI JOB CYLINDER,finished,0.0
261,CLY099,FAUJI TEA CYLINDER,finished,0.0
263,CLY101,BESAN CYLINDER,finished,0.0
264,CLY102,SHAHZAIN 882 SOAP,finished,0.0
265,CLY103,CYLINDER SERVIS TUBE,finished,0.0
266,CLY104,CYLINDER NAVIA 5KG,finished,0.0
267,CLY105,SHAHZAIN 1ST CLASS CYLINDER,finished,0.0
268,CLY106,SHAHZAIN SUPREME CYLINDER,finished,0.0
269,CLY107,SAGA 4 KG CYLINDER,finished,0.0
270,CLY108,BOXER DETERGENT 500 GRAM CYLINDER,finished,0.0
271,CLY109,BACHAT DETERGENT 4KG CYLINDER,finished,0.0
272,CLY110,CYLINDER BRILLO DETERGENT RS.50,finished,0.0
273,CLY111,CYLINDER BOXER NEW JOB,finished,0.0
274,CLY112,LASHKARA DETERGENT 500GRAM (NEW),finished,0.0
275,CLY113,SUPER KARARI FOOD,finished,0.0
276,CLY114,FP FAIZAN COLLECTION (LARGE),finished,0.0
277,CLY115,FP FAIZAN COLLECTION (SMALL),finished,0.0
278,CLY116,PEARLI SOAP JOB 1,finished,0.0
279,CLY117,PEARLI SOAP JOB 2,finished,0.0
280,CLY118,BAHU SOAP JOB 1,finished,0.0
281,CLY119,BAHU SOAP JOB 2,finished,0.0
282,CLY120,BAHU SOAP JOB 3,finished,0.0
283,CLY121,SPECIAL QUALITY BAHU SOAP,finished,0.0
284,CLY122,NEELUM POWER PLUS,finished,0.0
285,CLY123,NEELUM SOAP,finished,0.0
287,CLY125,GN DETERGENT POWDER,finished,0.0
288,CLY126,CNG DISHWASH BAR 20RS,finished,0.0
289,CLY127,KACHUP SASHY,finished,0.0
290,CLY128,KACHUP 2KGS,finished,0.0
291,CLY129,CNG DISHWASH BAR 10RS,finished,0.0
293,CLY131,BROWN GOLD SOAP,finished,0.0
294,CLY132,TRAIN DETERGENT 1KG NEW SIZE,finished,0.0
295,CLY133,TRAIN DETERGENT 500 GRAM (NEW),finished,0.0
296,CLY134,CHEETA DISHWASH BAR,finished,0.0
297,CLY135,FAIZA POONIA,finished,0.0
298,CLY136,SUPER BASPATI RICE,finished,0.0
299,CLY137,KAINAT 1121 STEAM  RICE,finished,0.0
300,CLY138,TRAIN SOAP 175*127,finished,0.0
301,CLY139,VENIS SOAP 175*127,finished,0.0
302,CLY140,NAVIA 500 GRAM RS.50,finished,0.0
303,CLY141,VENUS SOAP SPECIAL QUALITY,finished,0.0
304,CLY142,VENUS SOAP DRAJA AWAL,finished,0.0
305,CLY143,VENUS SOAP ALA QUALITY,finished,0.0
306,CLY144,VENUS SOAP NEW,finished,0.0
307,CLY145,VENUS SOAP NEW ADVANCE FORMULA,finished,0.0
308,CLY146,K2  SPECIAL SOAP,finished,0.0
309,CLY147,SAGA DETERGENT 200GRAM,finished,0.0
310,CLY148,TRAIN DETERGENT 10KG (725*570*4*5.20),finished,0.0
311,CLY149,TRAIN DETERGENT 20KG(825*620*4*5.2),finished,0.0
312,CLY150,FRUIT LUNCH BOX SMALL,finished,0.0
313,CLY151,FRUIT LUNCH BOX BIG,finished,0.0
314,CLY152,BIG BUTTER,finished,0.0
315,CLY153,FOJI BANASPATI,finished,0.0
316,CLY154,FOJI SUPREME COOKING OIL,finished,0.0
317,CLY155,FAIR & CARE BEAUTY SOAP LARGE,finished,0.0
318,CLY156,FAIR & CARE BEAUTY SOAP SMALL,finished,0.0
319,CLY157,MEER SPECIAL SOAP,finished,0.0
320,CLY158,MEER BROWN SOAP,finished,0.0
321,CLY159,PHOOL COOKING OIL,finished,0.0
322,CLY160,GOLD GLEAM CREAM JOB 1,finished,0.0
323,CLY161,GOLD GLEAM CREAM JOB 2,finished,0.0
324,CLY162,GOLD LUNCH BOX,finished,0.0
325,CLY163,CHILLI TOMATO,finished,0.0
326,CLY164,MINGLES PATTI,finished,0.0
327,CLY165,CHEETA DISHWASH JUMBO BAR,finished,0.0
329,CLY167,ANMOL SOAP,finished,0.0
330,CLY168,MONSTA (465*950*4*5.5),finished,0.0
331,CLY169,MINI BUTTER (450*1000*5*5.5),finished,0.0
334,CLY172,CHEETA DETERGENT 1KGS,finished,0.0
335,CLY173,CHEETA DETERGENT RS.50,finished,0.0
336,CLY174,TRAIN SOAP 1KG,finished,0.0
337,CLY175,RAHIL DETERGENT 800GRAM,finished,0.0
338,CLY176,KAUSAR SPECIAL SOAP RP#45425,finished,0.0
339,CLY177,ISLAMABAD COOKING OIL 900ML EP#44947,finished,0.0
340,CLY178,SHAHZAIN SPECIAL SOAP,finished,0.0
342,CLY180,TOFEE (STRAWBRY+MANGO+ORANGE+APPLE),finished,0.0
343,CLY181,TOFEE MAGA BUTTER,finished,0.0
346,CLY184,JAGMAG DETERGENT 250 GRAM,finished,0.0
347,CLY185,MARYINA SOAP 4 PACK,finished,0.0
349,CLY187,FUN TIME,finished,0.0
351,CLY189,TRAIN LAUNDRY SOAP,finished,0.0
352,CLY190,SAFA DISHWASH BAR 800 GRAM EP#45844,finished,0.0
353,CLY191,SAFA DISHWASH BAR 1500 GRAM EP#45821,finished,0.0
354,CLY192,NISHAT TEA 5KG,finished,0.0
355,CLY193,MAHFILI CLASIC RICE 5KG EP#45494,finished,0.0
356,CLY194,VENUS BEAUTY SOAP (JASMINE),finished,0.0
357,CLY195,VENUS BEAUTY SOAP (FLOWER),finished,0.0
358,CLY196,MERCEDES BLADE,finished,0.0
359,CLY197,TRAIN DISHWASH GOLA 300GRAM,finished,0.0
360,CLY198,NISHAT TEA 50GRAM,finished,0.0
361,CLY199,NISHAT TEA 160GRAM,finished,0.0
363,CLY201,NISHAT TEA 900GRAM,finished,0.0
366,CLY204,DOUBLE CHEETA,finished,0.0
367,CLY205,SUPER BONE 12PCS BLUE,finished,0.0
368,CLY206,PAK ATLAS CEILING FAN BODY,finished,0.0
369,CLY207,MERCEDES FANS MOTOR BODY,finished,0.0
370,CLY208,MERCEDES FAN GALAXY MODEL,finished,0.0
371,CLY209,PAK ATLAS CEILING FAN BLADE,finished,0.0
372,CLY210,FRENCH CHOICE MAYO MAZA 2LTR,finished,0.0
373,CLY211,FRENCH CHOICE+CHILLI+MAYO MAZA,finished,0.0
374,CLY212,PAK ATLAS PEDISTAL FAN (STAND COVER),finished,0.0
375,CLY213,PAK ATLAS PEDISTAL FAN (MOTOR BODY COVER),finished,0.0
376,CLY214,GOLD STAR PEDISTAL FAN (MOTOR BODY COVER),finished,0.0
377,CLY215,VENUS BEAUTY SOAP SMALL (PINK),finished,0.0
378,CLY216,VENUS BEAUTY SOAP SMALL (WHITE),finished,0.0
379,CLY217,GOLDEN STAR PEDISTAL FAN (STAND),finished,0.0
380,CLY218,GOLDEN STAR CELLING FAN (BLADE),finished,0.0
381,CLY219,GOLDEN STAR CELLING FAN (BODY),finished,0.0
382,CLY220,VENUS BEAUTY SOAP LARGE (JASMINE),finished,0.0
383,CLY221,VENUS BEAUTY SOAP LARGE (FLOWER),finished,0.0
384,CLY222,TAZGI GOLD WHITE SOAP,finished,0.0
385,CLY223,BAHAR MUSTARD OIL (LARGE),finished,0.0
386,CLY224,BAHAR MUSTARD OIL (MEDIUM),finished,0.0
387,CLY225,BAHAR MUSTARD OIL (SMALL),finished,0.0
388,CLY226,AL FIRDOUS VERMICELLI PREMIUM QUALITY (MIDIUM),finished,0.0
389,CLY227,TAZGI GOLD PINK SOAP,finished,0.0
390,CLY228,TAZGI GOLD PURPLE SOAP,finished,0.0
392,CLY230,NAFEESA PLASTIC LUNCH BOX 2,finished,0.0
394,CLY232,GOLF STAR PEDISTAL MOTER BODY (SMALL),finished,0.0
395,CLY233,GOLF STAR PEDISTAL MOTER BODY (LARGE),finished,0.0
396,CLY234,LASHKARA SPECIAL QUALITY SOAP,finished,0.0
397,CLY235,LASHKARA SOAP,finished,0.0
402,CLY240,NISHAT TEA RED LABEL 450GRAM,finished,0.0
403,CLY241,SUPER BONE 12PCS BLACK,finished,0.0
404,CLY242,GOLF STAR STAND & ROAD,finished,0.0
406,CLY244,LARAIB LEMON FRUITY SOAP,finished,0.0
407,CLY245,LARAIB PEACH +ORANGE FRUITY SOAP,finished,0.0
408,CLY246,ARGHAWAN DETERGENT 1KG,finished,0.0
410,CLY248,RAHIL DETERGENT 500GRAM,finished,0.0
413,CLY251,PURE SALT (GREEN),finished,0.0
414,CLY252,NISHAT TEA (DIBBI) BOX BOARD,finished,0.0
415,CLY253,RAHIL CTN CLY,finished,0.0
416,CLY254,ARGHAWAN CTN CLY,finished,0.0
418,CLY256,SONEX GLUE,finished,0.0
419,CLY257,MARJINA SOAP 2,finished,0.0
420,CLY258,FINE BONE CHINA 12PCS CUP SAUCER,finished,0.0
422,CLY260,SHINE PLUS D/T 5KG EP#47096,finished,0.0
423,CLY261,VENUS ALOE VERA BEAUTY SOAP (SMALL),finished,0.0
424,CLY262,HAPPY DETERGENT 1KG,finished,0.0
425,CLY263,FINE BONE CHINA 12PCS CUP SAUCER 2,finished,0.0
426,CLY264,VENUS ALOE VERA BEAUTY SOAP (LARGE),finished,0.0
428,CLY266,SAFA DETERGENT 5KG,finished,0.0
429,CLY267,SAFA ITIHAD DETERGENT 3KG,finished,0.0
430,CLY268,SAFA ITIHAD DETERGENT 1KG,finished,0.0
432,CLY270,DALYA RICE BAG 5KG,finished,0.0
433,CLY271,ITTEHAD BRAND LUNCH BOX,finished,0.0
434,CLY272,SAFA ITTEHAD (3 JOB IN ONE SET),finished,0.0
435,CLY273,HAPPY DETERGENT BAR,finished,0.0
436,CLY274,SKY WASH 1KG,finished,0.0
439,CLY277,MOMIN DETERGENT 10KG,finished,0.0
440,CLY278,MOMIN DETERGENT 20KG,finished,0.0
441,CLY279,LABEX FRUIT SOAP (LEMON+ORANGE+PEACH),finished,0.0
443,CLY281,RIM LEMON DISHWASH RS.10,finished,0.0
444,CLY282,CHEETA SERVIS COVER EP#47663,finished,0.0
445,CLY283,TOMATO SOAP SUPREME QUALITY,finished,0.0
446,CLY284,TOMATO SOAP SPARKLING BRIGHT WASH,finished,0.0
448,CLY286,LARAIB FRUITY SOAP SMALL PEACH+LEMON+ORANGE,finished,0.0
449,CLY287,TRAIN SOAP BROWN EP#47685,finished,0.0
450,CLY288,CHEETA SERVIS BOX EP#47664,finished,0.0
451,CLY289,ANMOL SOAP JOB 2,finished,0.0
452,CLY290,P.D FINE BONE CHINA 12PCS CUP SAUCER,finished,0.0
453,CLY291,TOMATO SPECIAL NAROL SOAP 2PCS,finished,0.0
454,CLY292,BRILLO DETERGENT 3KG,finished,0.0
455,CLY293,SAFA DETEERGENT 20KG,finished,0.0
456,CLY294,SAFA DETEERGENT 10KG,finished,0.0
457,CLY295,ARGHAWAN DETERGENT 20KG,finished,0.0
458,CLY296,RASHID DETERGENT 20KG,finished,0.0
459,CLY297,AL FIRDOUS VERMICELLI PREMIUM QUALITY 300GRAM,finished,0.0
461,CLY299,GLOW PLASTIC STICKER,finished,0.0
464,CLY302,SAKOON WASHING POWDER,finished,0.0
465,CLY303,PUNJAB RICE,finished,0.0
466,CLY304,AL FIRDOUS VERMICELLI PREMIUM QUALITY (LARGE),finished,0.0
467,CLY305,VIGO LUXURY SOAP SMALL,finished,0.0
468,CLY306,VIGO LUXURY SOAP MEDIUM,finished,0.0
469,CLY307,BOSTAN DETERGENT 10KG,finished,0.0
470,CLY308,BOSTAN DETERGENT 20KG,finished,0.0
471,CLY309,PURE BEST DETERGENT RS.100,finished,0.0
472,CLY310,PURE BEST DETERGENT,finished,0.0
473,CLY311,AH CERAMICS 6CUP 6SAUCER 12PCS,finished,0.0
475,CLY313,JAGMAG DETERGENT 20KG,finished,0.0
479,CLY317,AZLAN DETERGENT 20KG,finished,0.0
481,CLY319,DELUXE TURKEY BEAUTY SOAP LEMON LIME,finished,0.0
482,CLY320,DELUXE TURKEY BEAUTY SOAP JASMINE,finished,0.0
483,CLY321,DELUXE TURKEY BEAUTY SOAP ALMOND TOUCH,finished,0.0
485,CLY323,DELUXE TURKEY BEAUTY SOAP OUTER,finished,0.0
486,CLY324,DELUXE TURKEY BEAUTY SOAP ALOEVERA TOUCH,finished,0.0
487,CLY325,DELUXE TURKEY BEAUTY SOAP SKY BLUE,finished,0.0
488,CLY326,DELUXE TURKEY BEAUTY SOAP ORANGE,finished,0.0
489,CLY327,AL FIRDOUS COLOURED PASTA,finished,0.0
490,CLY328,CLEAN DAY PREMIUM DETERGENT 1KG,finished,0.0
491,CLY329,SAGA DETERGENT ULTRA CLEAN 1KG,finished,0.0
492,CLY330,SAGA DETERGENT ULTRA CLEAN RS.50,finished,0.0
493,CLY331,SAGA DETERGENT ULTRA CLEAN RS.100,finished,0.0
494,CLY332,PARAS SURF WASHING POWDER 500GM,finished,0.0
495,CLY333,PARAS SURF WASHING POWDER RS 50,finished,0.0
496,CLY334,CLEAN DAY PREMIUM DETERGENT RS.50,finished,0.0
497,CLY335,CLEAN DAY PREMIUM DETERGENT 500GRAM,finished,0.0
498,CLY336,LEMON FOR OIL REMOVAL D/W 800ML,finished,0.0
499,CLY337,LEMON FOR OIL REMOVAL D/W LIQUID 1.5L,finished,0.0
500,CLY338,SAFA ITTIHAD DISHWASH LIQUID 800GRAM,finished,0.0
501,CLY339,SAFA ITTIHAD DISHWASH LIQUID 1.5KG,finished,0.0
502,CLY340,HAPPY DETERGENT POWDER 500GRAM,finished,0.0
503,CLY341,NIKOR COOPA LOVE,finished,0.0
504,CLY342,RING SOAP SPECIAL QUALITY,finished,0.0
505,CLY343,ADVANCE AGROTECH FATE 1000GM,finished,0.0
506,CLY344,HAPPY REFINED IODIZED SALT 1KG,finished,0.0
507,CLY345,NEW SILK MIDNIGHT ORCHID MILK SOAP 100GM,finished,0.0
508,CLY346,NEW SILK SEA MINERALS MILK SOAP 100GM,finished,0.0
509,CLY347,NEW SILK PEARL GLOW MILK SOAP 100GM,finished,0.0
510,CLY348,NEW SILK SHEA BUTTER MILK SOAP 100GM,finished,0.0
511,CLY349,NEW SILK ROSE MILK SOAP 100GM,finished,0.0
512,CLY350,NEW SILK NATURAL OLIVE MILK SOAP 100GM,finished,0.0
513,CLY351,SUPER ENERGY BISCUIT GOOD TIME RS#5,finished,0.0
514,CLY352,SUPER ENERGY BISCUIT GOOD TIME RS#5+10,finished,0.0
515,CLY353,ALIZA DETERGENT 500GRAM,finished,0.0
516,CLY354,HAPPY DISHWASH LIQUID 3 COLOR,finished,0.0
517,CLY355,CHILLI GARLIC SPICY SAUCE 4KG,finished,0.0
518,CLY356,AL HAFEEZ SEEDS,finished,0.0
519,CLY357,MIX 6 VARITY BISCUITS,finished,0.0
520,CLY358,SUPER BISCUITS 6 VARITY,finished,0.0
521,CLY359,KAMAL  SPECIAL TEA 5KG,finished,0.0
522,CLY360,MACHLI FRY SNACKS SPICY MASALA,finished,0.0
523,CLY361,CHILLI GARLLIC SAUCE FRENCH CHOICE 9+-1,finished,0.0
524,CLY362,HAPPY DETERGENT 2KG,finished,0.0
525,CLY363,HAPPY DETERGENT RS.50,finished,0.0
526,CLY364,CHILLI GRALIC SAUCE 10G+-,finished,0.0
527,CLY365,WOW CHOCCLATE RS#5,finished,0.0
528,CLY366,HAPPY REFINED IODIZED SALT 800GRAM,finished,0.0
529,CLY367,TRAIN SOAP,finished,0.0
530,CLY368,SAHIL HYBRID RICE SEEDS 3KG,finished,0.0
531,CLY369,MIX CHOCOLATE 4 VARITIES,finished,0.0
534,CLY372,KAPTAN DETERGENT RS-50,finished,0.0
535,CLY373,TABLE SALT 800GRAM,finished,0.0
536,CLY374,AB RAJ HYBRID RICE SEEDS F1-5KG,finished,0.0
537,CLY375,JAGMAG DETEREGENT 10KG,finished,0.0
538,CLY376,HAPPY DETERGENT RS.10,finished,0.0
539,CLY377,SERVIS S-3 GENUNINE PARTS,finished,0.0
540,CLY378,AKHROT DETERGENT RS.10,finished,0.0
542,CLY380,YOGURT FULL CREAM 1KG,finished,0.0
543,CLY381,AL MAZHAR DW BAR LEMON POWER,finished,0.0
544,CLY382,AL MAZHAR DW BAR LONG BAR,finished,0.0
545,CLY383,BULBUL FLAWLESS LAUNDRY SOLUTION,finished,0.0
546,CLY384,BULBUL LAUNDRY D/T RS.50,finished,0.0
547,CLY385,BULBUL LAUNDRY D/T RS.100,finished,0.0
548,CLY386,BULBUL LAUNDRY D/T 3KG,finished,0.0
549,CLY387,GN DETERGENT POWDER 500GRAM,finished,0.0
550,CLY388,FOODLEY MIX PICKLES,finished,0.0
551,CLY389,PETROVA GOLD LE-600 LITHUM,finished,0.0
552,CLY390,SUBHANI SEEDS,finished,0.0
553,CLY391,GN DETERGENT POWDER 1KG,finished,0.0
555,CLY393,TABASUM CONE MEHNDI,finished,0.0
556,CLY394,VIP WASH 1KG,finished,0.0
557,CLY395,SAFA 92 ONION SEEDS 1KG,finished,0.0
558,CLY396,ROZAN SEEDS F1 5KG,finished,0.0
559,CLY397,PARAS DETERGENT,finished,0.0
560,CLY398,RAVI SUPER CROP SUPPLEMENT 3KG,finished,0.0
564,CLY402,HUMBER DETERGENT FOR AUTOMATIC MACHINE 3KG,finished,0.0
565,CLY403,HUMBER DETERGENT REMOVE TOUGH STAINS 3KG,finished,0.0
566,CLY404,HUMBER DETERGENT REMOVE TOUGH STAIN 5KG,finished,0.0
567,CLY405,HUMBER DETERGENT REMOVE TOUGH STAIN 1KG,finished,0.0
568,CLY406,HUMBER CLEAN DISHWASH LIQUID,finished,0.0
569,CLY407,PAK EGGS SIMPLY EGGRANDIZAD 12 GRADE,finished,0.0
571,CLY409,CLEAN SPRING DETERGENT 1 KG,finished,0.0
572,CLY410,CLEAN SPRING DETERGENT 500gm,finished,0.0
573,CLY411,KULFI,finished,0.0
574,CLY412,MILK  PASTEURIZED HOMOGENIZED,finished,0.0
575,CLY413,PARAS SOAP SPECIAL QUALITY,finished,0.0
576,CLY414,FLAVO FOOD HERBS SPEICES - LARGE,finished,0.0
577,CLY415,FLAVO FOOD HERBS SPEICES - MEDIUM,finished,0.0
578,CLY416,FLAVO FOOD HERBS SPEICES - SMALL,finished,0.0
579,CLY417,SERVIS GENUINE PARTS REDLINE SPROCKET DRIVE,finished,0.0
580,CLY418,SERVIS GENUINE PARTS SPROCKET DRIVEN RED LINE,finished,0.0
581,CLY419,AGRO SEED 1KG,finished,0.0
582,CLY420,K-DAILY COOK WITH LOVE - SMALL,finished,0.0
583,CLY421,K-DAILY COOK WITH LOVE - MEDIUM,finished,0.0
584,CLY422,K-DAILY COOK WITH LOVE - LARGE,finished,0.0
585,CLY423,FLAVO SALT 800GM,finished,0.0
586,CLY424,S-3 GENUNINE PARTS SMALL,finished,0.0
587,CLY425,CLEAN SPRING DETERGENT POWDER 2KG,finished,0.0
588,CLY426,SHAHRAAN DISHWASH SMALL,finished,0.0
589,CLY427,SHAHRAAN DISHWASH MEDIUM,finished,0.0
590,CLY428,DURRE MOTO PARTS 3-00-18,finished,0.0
591,CLY429,SAFA ITTIHAD BLEACHING LIQUID,finished,0.0
592,CLY430,SAFA ITTIHAD BLEACHING LIQUID 1000ML,finished,0.0
593,CLY431,HAPPY DETERGENT BAR 24PCS (CTN LAMINATION),finished,0.0
594,CLY432,HAPPY DETERGENT BAR RS.50 (NEW GREEN),finished,0.0
595,CLY433,HUMBER WHITE BLEACHING LIQUID,finished,0.0
596,CLY434,HUMBER SURFACE CLEANER  LIQUID,finished,0.0
598,CLY436,DAMBER RUBBER 70CC,finished,0.0
600,CLY438,LOVE TOFFEE 6G+-1G,finished,0.0
601,CLY439,CHEETA BICYCLE TUBE 28*1.5,finished,0.0
602,CLY440,SHAHRAN DETERGENT 1KG,finished,0.0
603,CLY441,SHAHRAN DETERGENT 500GRAM,finished,0.0
604,CLY442,SHAHRAN DETERGENT RS.10,finished,0.0
605,CLY443,SHAHRAN DETERGENT RS.50,finished,0.0
606,CLY444,SHAHRAN DETERGENT RS.100,finished,0.0
607,CLY445,EMPIRE SEEDS SMALL,finished,0.0
608,CLY446,EMPIRE SEEDS MEDIUM,finished,0.0
609,CLY447,MOTORCYCLE CHAIN & SPROCKET KIT,finished,0.0
610,CLY448,CC LAUNDRY SOAP,finished,0.0
611,CLY449,RING SOAP SPECIAL QUALITY 4PACK,finished,0.0
613,CLY451,PREMIUM MIX NIMKO,finished,0.0
614,CLY452,KICK NASWAR,finished,0.0
615,CLY453,HAZMOO CANDY,finished,0.0
616,CLY454,KAPTAN DETERGENT 1KG,finished,0.0
617,CLY455,LUCKY SNACKS,finished,0.0
619,CLY457,KAPTAN DISHWASH RS.20,finished,0.0
620,CLY458,KAPTAN DISHWASH RS.50,finished,0.0
621,CLY459,BOOST GLOW DETERGENT 1KG,finished,0.0
622,CLY460,BOOST GLOW DETERGENT 500GRAM,finished,0.0
623,CLY461,BOOST GLOW DETERGENT RS.50,finished,0.0
624,CLY462,BOOST GLOW DETERGENT RS.10,finished,0.0
625,CLY463,BOOST GLOW DETERGENT RS.20,finished,0.0
626,CLY464,BLUE SHINE DETERGENT 1KG,finished,0.0
627,CLY465,BLUE SHINE DETERGENT 500GRAM,finished,0.0
628,CLY466,BLUE SHINE DETERGENT RS.10,finished,0.0
629,CLY467,PETAL CLASSIC+SAMARA GOLD RS.50,finished,0.0
630,CLY468,S-3 GENUINE PART LARGE NEW,finished,0.0
631,CLY469,WAVY DETERGENT POWDER,finished,0.0
632,CLY470,PARADIZE FINE BONE CHINA BOX,finished,0.0
633,CLY471,TURKY GOLD DETERGENT RS.50,finished,0.0
634,CLY472,TURKY GOLD DETERGENT 1KG,finished,0.0
635,CLY473,SERVIC SIL TYRE,finished,0.0
636,CLY474,SERVIC GRAPHS 949,finished,0.0
637,CLY475,SERVIC GRAPHS 925,finished,0.0
638,CLY476,SERVIC GRAPHS 932,finished,0.0
639,CLY477,LASHKARA DETERGENT RS.50,finished,0.0
640,CLY478,LASHKARA DETERGENT RS.100,finished,0.0
641,CLY479,ACNE CARE SHAMPO,finished,0.0
643,CLY481,INSAAF SEEDS SMALL,finished,0.0
644,CLY482,INSAAF SEEDS MEDIUM,finished,0.0
645,CLY483,SERVIC GRAPHS 918,finished,0.0
647,CLY485,GHOUSIA FAN,finished,0.0
718,CPP001,CPP MTZ 735MM 25MICRON,finished,0.0
719,CPP002,CPP MTZ 740MM 20MICRON,finished,0.0
720,CPP003,CPP MTZ 915MM 25MICRON,finished,0.0
721,CT-002,"CLEAR TAP 2""",finished,0.0
722,CT001,"CLEAR TAP 2""",finished,0.0
723,CT002,"PAPER TAP 1""",finished,0.0
724,CT003,PLASTIC PACKING DORI,finished,0.0
725,CT004,PP STRAPPING ROLLS,finished,0.0
726,DR0001,SHAMPO BASE DRUM,finished,0.0
727,DSA001,DHAMA SADA CARTON,finished,0.0
728,DSN001,Dilse Nimko Big Size,finished,0.0
729,DSN002,Dilse Nimko Small Size,finished,0.0
733,DT0004,BRILLO DETERGENT 50/120,finished,0.0
734,DT0005,BRILLO DETERGENT 4KG,finished,0.0
736,DT0007,BRILLO DETERGENT 10KG 10AD,finished,0.0
737,DT0008,BRILLO DETERGENT 700/12,finished,0.0
738,DT006,BAHAR DISHWASH 85/48,finished,0.0
745,DT1007,LASHKARA DETERGENT 55/36,finished,0.0
746,DT1008,LASHKARA DETERGENT 900/10,finished,0.0
748,DT1010,LASHKARA DETERGENT PLANT 30/120,finished,0.0
749,DT1011,LASHKARA DETERGENT PLANT 4 KG/6,finished,0.0
750,DT1012,LASHKARA DETERGENT PLANT 225/24,finished,0.0
751,DT1013,LASHKARA DETERGENT PLANT 450/12,finished,0.0
752,DT1014,LASHKARA DETERGENT PLANT 55/72,finished,0.0
753,DT1015,LASHKARA DETERGENT 300/12,finished,0.0
754,DT1016,LASHKARA DETERGENT 700/5+TIKKI,finished,0.0
756,DT1018,LASHKARA DETERGENT 225/24,finished,0.0
757,DT1019,LASHKARA DETERGENT 700/12,finished,0.0
758,DT1020,LASHKARA DETERGENT PLANT 900/12 10A.D,finished,0.0
759,DT1021,LASHKARA DETERGENT PLANT 450/24 10A.D,finished,0.0
761,DT1023,LASHKARA DETERGENT 4KG 16AD,finished,0.0
762,DT1024,LASHKARA DETERGENT 70/84 PLANT,finished,0.0
763,DT1025,LASHKARA DETERGENT 800/10 10AD,finished,0.0
765,DT1027,LASHKARA DETERGENT 65/120 10AD,finished,0.0
766,DT1028,LASHKARA DETERGENT 325/12,finished,0.0
768,DT1030,LASHKARA DETERGENT 300/24 10A.D,finished,0.0
769,DT1031,LASHKARA DETERGENT 600/12 10A.D,finished,0.0
770,DT1032,LASHKARA DETERGENT 40/120 10A.D,finished,0.0
771,DT1033,LASHKARA DETERGENT (800/12),finished,0.0
772,DT1034,LASHKARA DETERGENT 70/120,finished,0.0
773,DT1035,LASHKARA DETERGENT 600/12,finished,0.0
774,DT1036,LASHKARA DETERGENT 15 KG 13A.D,finished,0.0
776,DT1038,LASHKARA DETERGENT 20KG,finished,0.0
777,DT1039,LASHKARA DETERGENT 250/24,finished,0.0
778,DT1040,LASHKARA DETERGENT 5KG 10AD,finished,0.0
779,DT1041,LASHKARA DETERGENT 230/24,finished,0.0
780,DT1042,LASHKARA DETERGENT 460/12,finished,0.0
781,DT1043,LASHKARA DETERGENT 700/15 (POWDER),finished,0.0
782,DT1044,LASHKARA DETERGENT 350/30 (POWDER),finished,0.0
783,DT1045,LASHKARA DETERGENT 50/120 (POWDER),finished,0.0
784,DT1046,LASHKARA DETERGENT 5KG (POWDER),finished,0.0
785,DT1047,LASHKARA DETERGENT 4KG (POWDER),finished,0.0
787,DT1049,LASHKARA DETEREGENT 20KG 7A.D,finished,0.0
788,DT1050,LASHKARA DETERGENT 750/10 16 A.D,finished,0.0
789,DT1051,LASHKARA DETERGENT 380/12,finished,0.0
790,DT1052,LASHKARA DETERGENT 160/24,finished,0.0
792,DT1054,LASHKARA DETERGENT 420/12,finished,0.0
797,DT1059,LASHKARA DETERGENT 700/10,finished,0.0
799,DT1061,LASHKARA DETERGENT 190/24,finished,0.0
802,DT1064,LASHKARA DETERGENT 20KG 10A.D,finished,0.0
804,DT1066,LASHKARA DETERGENT 1000GRAM,finished,0.0
806,DT1068,LASHKARA DETERGENT 5KG 7A.D,finished,0.0
807,DT1069,LASHKARA DETEREGENT 200/48,finished,0.0
808,DT1070,LASHKARA DETERGENT 225/48 10A.D,finished,0.0
809,DT1071,LASHKARA DETERGENT 450/24 10A.D,finished,0.0
810,DT1072,LASHKARA DETERGENT 25/144,finished,0.0
811,DT1073,LASHKARA DETERGENT 170/24,finished,0.0
812,DT1074,LASHKARA DETERGENT 350/12,finished,0.0
816,DT1078,LASHKARA DETERGENT 20KG 11A.D,finished,0.0
817,DT1079,LASHKARA DETERGENT 3KG 16A.D,finished,0.0
820,DT1102,BAHAR DETERGENT 60/180,finished,0.0
822,DT1104,BAHAR DETERGENT 5 KG,finished,0.0
826,DT1108,BAHAR DETERGENT 1000/15,finished,0.0
827,DT1109,BAHAR DETERGENT 1000/12,finished,0.0
830,DT1112,BAHAR DETERGENT 3KG/6 12A.D,finished,0.0
831,DT1113,BAHAR DETERGENT 225/24 10A.D,finished,0.0
832,DT1114,BAHAR DETERGENT 450/12 10A.D,finished,0.0
833,DT1115,BAHAR DETERGENT 1000/12 10A.D,finished,0.0
834,DT1116,BAHAR DETERGENT 5KG 7A.D,finished,0.0
835,DT1117,BAHAR DETERGET 4KG 10A.D,finished,0.0
836,DT1118,BAHAR DETERGET 4KG 16A.D,finished,0.0
837,DT1119,BAHAR DETERGENT 20KGS 13A.D,finished,0.0
838,DT1120,BAHAR DETERGENT 500/30,finished,0.0
839,DT1121,BAHAR DETERGENT 20KG 12A.D,finished,0.0
841,DT1123,BAHAR DETERGENT 4KG/6 10 AD,finished,0.0
842,DT1124,BAHAR DETERGENT 5KG/6 10 AD,finished,0.0
843,DT1125,BAHAR DETERGENT 20KG 7AD,finished,0.0
844,DT2001,TRAIN DETERGENT 350/24,finished,0.0
845,DT2002,LASHKARA DETEREGENT 5KG 10 AD MANUAL,finished,0.0
846,DT2003,TRAIN DETERGENT 10KG,finished,0.0
850,DT2007,TRAIN DETERGENT 5 KG N%  BAG,finished,0.0
854,DT2011,TRAIN DETERGENT 4KG/7,finished,0.0
855,DT2012,TRAIN DETERGENT 1000/10 12 A.D,finished,0.0
861,DT2018,TRAIN DETERGENT 25KG 10AD,finished,0.0
862,DT2019,TRAIN DETERGENT 500/24 10AD,finished,0.0
867,DT2024,TRAIN DETERGENT PLANT 80/120 10AD,finished,0.0
869,DT2026,TRAIN DETERGENT PLANT 70/72 10AD,finished,0.0
871,DT2028,TRAIN DETERGENT 50KG PLANT 7AD,finished,0.0
875,DT2032,TRAIN DETERGENT 4KG PLANT 13A.D,finished,0.0
878,DT2035,TRAIN DETERGENT 20KG 13A.D,finished,0.0
880,DT2037,TRAIN DETERGENT 25KG 7A.D,finished,0.0
881,DT2038,TRAIN DETERGENT 65/120 PLANT 13A.D,finished,0.0
882,DT2039,TRAIN DETERGENT 700/12 PLANT,finished,0.0
883,DT2040,TRAIN DETERGENT 30KG 10AD PLANT,finished,0.0
887,DT2044,TRAIN DETERGENT 40KG 7AD,finished,0.0
888,DT2045,Train Detergent 30kg 7AD,finished,0.0
890,DT2047,TRAIN DETERGENT 5KG 12AD,finished,0.0
893,DT2050,TRAIN DETERGENT 4KG 10AD MANUAL,finished,0.0
896,DT2053,TRAIN DETERGENT 15KG 13A.D,finished,0.0
898,DT2055,TRAIN DETERGENT 35 KG 10AD,finished,0.0
901,DT2058,TRAIN DETERGENT 25/72 10A.D,finished,0.0
902,DT2059,TRAIN DETERGENT 1000/10 13 A.D GREEN,finished,0.0
904,DT2061,TRAIN DETERGENT 5KG BAG 7A.D,finished,0.0
906,DT2063,TRAIN DETERGENT 4KG 7A.D BAG,finished,0.0
907,DT2064,TRAIN DETERGENT 360/12 12A.D,finished,0.0
909,DT2066,TRAIN DETERGENT 1000/12 13(A.D),finished,0.0
910,DT2067,TRAIN DETERGENT 500/24 13A.D,finished,0.0
911,DT2072,TRAIN DETERGENT 35KG 13A.D,finished,0.0
915,DT2076,TRAIN DETERGENT 400/24 12A.D,finished,0.0
916,DT2077,TRAIN DETERGENT 30/144 10A.D,finished,0.0
917,DT2078,TRAIN DETERGENT 1000/24 10A.D,finished,0.0
918,DT2079,TRAIN DETERGENT 30/144 12A.D,finished,0.0
920,DT2081,TRAIN DETERGENT 30/180 10AD,finished,0.0
921,DT2082,TRAIN DETERGENT 225/50 10AD,finished,0.0
922,DT2083,TRAIN DETERGENT 450/25 10AD,finished,0.0
923,DT2084,TRAIN DETERGENT 1000/15 10AD,finished,0.0
924,DT2085,TRAIN DETERGENT 500/30 10AD,finished,0.0
925,DT2086,TRAIN DETERGENT 1000/24 12A.D,finished,0.0
927,DT2088,TRAIN DETERGENT 1000/15 12AD,finished,0.0
928,DT2089,TRAIN DETERGENT 30/180 12AD,finished,0.0
930,DT2091,TRAIN DETERGENT 360/12 10AD SINDH,finished,0.0
937,DT3001,DETERGENT 20KG PLANT 10AD,finished,0.0
945,DT3009,DETERGENT 23A.D,finished,0.0
957,DT3021,DETERGENT 11 AD,finished,0.0
963,DT4001,BACHAT DETERGENT POWDER 350/12,finished,0.0
964,DT4002,BACHAT DETERGENT POWDER 180/24,finished,0.0
965,DT4003,BACHAT DETERGENT 700/12 GRMS,finished,0.0
966,DT4004,BAG BACHAT DETERGENT 375GRMS,finished,0.0
967,DT4005,BACHAT DETERGENT POWDER 50/48,finished,0.0
968,DT4006,BAG BACHAT DETERGENT 50GRMS,finished,0.0
969,DT4007,BACHAT DETERGENT 250/24,finished,0.0
970,DT4008,BACHAT DETERGENT 50/72,finished,0.0
971,DT4009,BACHAT DETERGENT 35/120,finished,0.0
972,DT4010,BOXER DETERGENT 25/204,finished,0.0
973,DT4011,BOXER DETERGENT 90/60,finished,0.0
974,DT4012,BACHAT DETERGENT 900/12,finished,0.0
975,DT4013,BOXER DETERGENT 25/120,finished,0.0
976,DT4014,BACHAT DETERGENT 1000/12,finished,0.0
977,DT4015,BACHAT DETERGENT 4KG/5,finished,0.0
978,DT4016,BACHAT DETERGENT 4KG,finished,0.0
979,DT4017,BOXER DETERGENT 500/24,finished,0.0
980,DT4018,BACHAT DETERGENT 400/12,finished,0.0
981,DT4043,ARGWAN DETERGENT 5/6 12AD,finished,0.0
984,DT5003,LASHKARA DETERGENT NO.19 50/48,finished,0.0
985,DT5004,LASHKARA DETERGENT NO.19 10KG,finished,0.0
986,DT5005,LASHKARA DETERGENT NO.19 1000/10,finished,0.0
987,DT5006,JAGMAG DETERGENT 60/72,finished,0.0
988,DT5007,LASHKARA DETERGENT NO.19 500/12,finished,0.0
993,DT5012,LASHKARA DETERGENT NO.19 360/12,finished,0.0
997,DT6004,TRAIN DETERGENT NO.19 10KG,finished,0.0
1000,DT6007,TRAIN DETERGENT NO.19 500/12,finished,0.0
1002,DT6009,TRAIN DETERGENT NO.19 360/12,finished,0.0
1007,DT7005,RAHIL DETEGENT 1KG/15,finished,0.0
1008,DT7006,RAHIL DETERGENT 15KG,finished,0.0
1009,DT7007,RAHIL DETERGENT 400/25,finished,0.0
1012,DT7010,MOMIN DETERGENT 10 KG,finished,0.0
1013,DT7011,RAHIL DETERGENT 800/12,finished,0.0
1014,DT7012,RAHIL DETERGENT 5/4 13A.D,finished,0.0
1015,DT7013,RAHIL DETERGENT 10KG 10AD,finished,0.0
1016,DT7014,RAHIL DETERGENT 5/4,finished,0.0
1019,DT7017,MOMAN DETERGENT 10KG 12.5AD,finished,0.0
1020,DT7018,ARGWAN DETERGENT 10KG 12 A.D,finished,0.0
1023,DT7021,Momin Detergent 20kg 12.5 AD,finished,0.0
1025,DT7023,MOMIN DETERGENT 10KG 10A.D,finished,0.0
1026,DT7024,RAHIL DETERGENT 3/5 13AD,finished,0.0
1027,DT7025,RAHIL DETERGENT 2/10 13A.D,finished,0.0
1031,DT7029,MOMIN DETERGENT 5KG/4 12 AD,finished,0.0
1032,DT7030,RAHIL DETERGENT 500/24 12A.D,finished,0.0
1034,DT7032,RAHIL DETERGENT 1KG/16 13A.D,finished,0.0
1035,DT7033,RAHIL DETERGENT 25KG 7AD,finished,0.0
1038,DT7036,DETERGENT 25KG 7AD,finished,0.0
1042,DT7040,MOMIN DETERGENT 5KG/5 10A.D,finished,0.0
1050,DT8005,SAFA DETERGENT 10KG,finished,0.0
1051,DT8006,BOXER DETERGENT 1000/12 18A.D,finished,0.0
1054,DT8009,SAFA DETERGENT 2/10 KG 12.5AD,finished,0.0
1058,DT8013,RASHID DETERGENT 10KG 10A.D,finished,0.0
1059,DT8014,SAFA DETERGENT 10KG 10AD MANUAL,finished,0.0
1060,DT8015,ARGHAWAN DETERGENT 4KG/8 12 AD,finished,0.0
1061,DT8016,RAHIL DETERGENT 1/10 18AD,finished,0.0
1066,DT8021,ARGHAWAN DETERGENT 4KG 7A.D,finished,0.0
1068,DT8023,RASHID DETERGENT 20KG 10A.D,finished,0.0
1069,DT8024,SAFA DETERGENT 3KG/5 12AD,finished,0.0
1070,DT8025,RAHIL DETERGENT 25KG 12.5A.D,finished,0.0
1071,DT8026,MOMIN DETERGENT 20KG 7A.D,finished,0.0
1075,DT8030,RAHIL DETERGENT 25KG 10AD,finished,0.0
1076,DT8031,ARGHAWAN DETERGENT 3KG/10 12A.D,finished,0.0
1078,DT8033,BAHARAN DETERGENT 10KG (EXPORT QUAILTY),finished,0.0
1079,DT8034,IFS DETERGENT 20KG 13AD (EXPORT),finished,0.0
1080,DT8035,IFS DETERGENT 15KG 13AD (EXPORT),finished,0.0
1081,DT8036,BOSTAN DETERGENT 10KGS,finished,0.0
1082,DT8037,BOSTAN DETERGENT 20KGS,finished,0.0
1086,DT8041,RAHIL DETERGENT 20KG 12AD,finished,0.0
1089,DT8045,RAHIL DETERGENT 2/10 12AD,finished,0.0
1090,DT8046,HUMBER DETERGENT 10KG,finished,0.0
1091,DT8047,HUMBER DETERGENT 20KG,finished,0.0
1093,DT9001,JAGMAG DETERGENT 4KG/5,finished,0.0
1094,DT9002,JAGMAG DETERGENT 800/12,finished,0.0
1095,DT9003,JAGMAG DETERGENT 850/12,finished,0.0
1096,DT9004,JAGMAG DETERGENT 75/120,finished,0.0
1097,DT9005,JAGMAG DETERGENT 400/24,finished,0.0
1098,DT9006,JAGMAG DETERGENT 5/6,finished,0.0
1102,DT9010,JAGMAG DETERGENT 70/120,finished,0.0
1103,DT9011,JAGMAG DETERGENT 40/120,finished,0.0
1104,DT9012,JAGMUG DETERGENT BASE 12 KG,finished,0.0
1105,DT9013,JAGMAG DETERGENT 30KG,finished,0.0
1106,DT9014,JAGMAG DETERGENT 500/12,finished,0.0
1107,DT9015,JAGMAG DETERGENT 250/24,finished,0.0
1109,DT9017,JAGMAG DETERGENT 25KG 10AD,finished,0.0
1110,DT9018,JAGMAG DETERGENT 3KG 18A.D,finished,0.0
1111,DT9019,JAGMAG DETERGENT 500/12,finished,0.0
1112,DT9020,JAGMAG DETERGENT 1000/6,finished,0.0
1113,DT9021,JAGMAG DETERGENT 50/72,finished,0.0
1114,DT9022,JAGMAG DETERGENT 500/12 18A.D,finished,0.0
1115,DT9023,JAGMAG DETERGENT 1000/6 18A.D,finished,0.0
1116,DT9024,JAGMAG DETERGENT 55/72,finished,0.0
1117,DT9025,JAGMAG DETERGENT 65/120,finished,0.0
1120,DT9028,JAGMAG DETERGENT 35/72 18AD,finished,0.0
1121,DT9029,JAGMAG DETERGENT 225/24 18AD,finished,0.0
1122,DT9030,JAGMAG DETERGENT 4KG 12.5 A.D,finished,0.0
1123,DT9031,JAGMAG DETERGENT 30/120 18A.D,finished,0.0
1124,DT9032,JUGMUG DETERGENT 50/120 13 A.D,finished,0.0
1125,DT9033,JAGMAG DETERGENT 1000/12 13 A.D BAG,finished,0.0
1126,DT9034,JAGMAG DETERGENT 500/24 13 A.D BAG,finished,0.0
1128,DT9036,JAGMAG DETERGENT 250/48 18.AD,finished,0.0
1129,DT9037,JAGMAG DETERGENT 150/48 18.AD,finished,0.0
1132,DT9040,JAGMAG DETERGENT 20KG 18A.D,finished,0.0
1134,DT9042,JAGMAG DETERGENT 25/120 18A.D,finished,0.0
1135,DT9043,JUGMAG DETERGENT 500GRAM 18A.D(PCS),finished,0.0
1136,DT9044,JAGMUG DETERGENT 25/180 (14 AD),finished,0.0
1139,DT9901,TRAIN DETERGENT 40KG,finished,0.0
1140,DT9902,DETERGENT 50 KG BAG,finished,0.0
1141,DT9991,DETERGENT 30 KG BAG 13A.D,finished,0.0
1145,DT99913,SAGA DETERGENT 600/12,finished,0.0
1146,DT99914,SAGA DETERGENT 60/72,finished,0.0
1147,DT99915,SAGA DETERGENT 35/120,finished,0.0
1149,DT99917,SAGA DETERGENT 4KG 14A.D,finished,0.0
1152,DT9992,DETERGENT 25 KG BAG,finished,0.0
1153,DT99920,SAGA DETERGENT 450/24,finished,0.0
1154,DT99921,SAGA DETERGENT 900/12,finished,0.0
1155,DT99922,SAGA DETERGENT 425/24,finished,0.0
1156,DT99923,SAGA DETERGENT 15KG,finished,0.0
1157,DT99924,SAGA DETERGENT 175/48,finished,0.0
1159,DT99926,SAGA DETERGENT 180/48 (YELLOW),finished,0.0
1160,DT99927,SAGA DETERGENT 360/24 (YELLOW),finished,0.0
1162,DT99929,SAGA DETERGENT 500/24 YELLOW,finished,0.0
1163,DT9993,COTTON DETERGENT 65/72,finished,0.0
1164,DT99930,SAGA DETERGENT 800/12,finished,0.0
1165,DT99931,SAGA DETERGENT 160/48 (YELLOW),finished,0.0
1168,DT99934,CLEAN DAY DETERGENT 110/60,finished,0.0
1173,DT9995,SAGA DETERGENT 700/12,finished,0.0
1174,DT9996,SAGA DETERGENT 200/36,finished,0.0
1180,DTC002,BACHAT TOILET CLEANER 250/24,finished,0.0
1181,DTC003,BOXER TOILET CLEANER 500/12,finished,0.0
1186,DTG001,SAMARA GOLD DETERGENT 500/24,finished,0.0
1187,DTG002,SAMARA GOLD DETERGENT 1000/12,finished,0.0
1201,DTJ-0001,AL JAZEERA DETERGENT 4KG 10AD,finished,0.0
1206,DTS-1002,STAR DETERGENT (500/12),finished,0.0
1207,DTS-1003,STAR DETERGENT (170/30),finished,0.0
1208,DTS-1004,STAR DETERGENT 450/24 GRAM,finished,0.0
1209,DTS-1005,STAR DETERGENT 4/4KG,finished,0.0
1210,DTS-1011,STAR DETERGENT 850 GRAM,finished,0.0
1211,DTS-1012,STAR DETERGENT 70 GRAM,finished,0.0
1212,DTS-1013,STAR DETERGENT 1000/12,finished,0.0
1213,DTS-1014,STAR DETERGENT LOSE 50KG,finished,0.0
1214,DTS-1015,STAR DETERGENT 350/24,finished,0.0
1215,DTS-1016,STAR DETERGENT 30/144,finished,0.0
1217,DTS002,SHINE ZO DETERGENT 500/24,finished,0.0
1221,DTT001,TOWER DETERGENT 30/180 12AD,finished,0.0
1222,DTT002,TOWER DETERGENT 200/50 12AD,finished,0.0
1223,DTT003,TOWER DETERGENT 400/25 12AD,finished,0.0
1224,DTT004,TOWER DETERGENT 800/15 12AD,finished,0.0
1229,DTT009,TOWER DETERGENT 4KG 16AD,finished,0.0
1237,DTT017,SKY WASH 20/144 18AD,finished,0.0
1241,DTT021,TOWER DETERGENT 4KG/6 14A.D,finished,0.0
1242,DTT022,TOWER DETERGENT 5KG/5 14A.D,finished,0.0
1248,DTT028,SKY DTERGENT 5KG 18AD,finished,0.0
1249,DTT029,TOWER DETERGENT 4KG 12A.D,finished,0.0
1250,DTT030,TOWER DETERGENT 5KG 12A.D,finished,0.0
1251,DW0001,BAHAR DISHWASH BAR 110/36,finished,0.0
1253,DW0003,BAHAR DISHWASH MLB 75/48,finished,0.0
1254,DW0004,BAHAR DISHWASH GOLA (80/36),finished,0.0
1255,DW0005,BAHAR DISHWASH 60/36,finished,0.0
1257,DW0007,BAHAR DISHWASH 150/36,finished,0.0
1258,DW008,BAHAR DISHWASH 120/24 (GOLA QUALITY),finished,0.0
1272,DW1016,TRAIN DISHWASH JUMBO 300/18 EXTRA,finished,0.0
1273,DW1017,STAR DISHWASH BAR 55/72,finished,0.0
1275,DW1019,STAR DISHWASH 250/36,finished,0.0
1280,DW1024,TRAIN DISHWASH 240/40,finished,0.0
1282,DW1026,TRAIN DISHWASH LONG BAR 300/24,finished,0.0
1291,DW2008,RING DISHWASH GOLA 80/48,finished,0.0
1293,DW2010,RING GOLA 240/24,finished,0.0
1294,DW2011,RING DISHWASH 80/48 MLB,finished,0.0
1296,DW2013,RING DISHWASH 100/36,finished,0.0
1297,DW2014,RING DISHWASH 60/48,finished,0.0
1298,DW2015,RING GOLA 300/24,finished,0.0
1299,DW2016,RING DISHWASH 120/36(Train Quality),finished,0.0
1301,DW2019,RING DISHWASH 70/72,finished,0.0
1303,DW2021,RING DISHWASH 240/18,finished,0.0
1305,DW3001,OLYMPIA NO 1 DISH WASH 80/108,finished,0.0
1306,DW3002,OLYMPIA  NO 1 DISH WASH 90/108,finished,0.0
1307,DW3003,OLYMPIA NO 1 DISH WASH 85/108,finished,0.0
1308,DW3004,OLYMPIA NO.1 DISHWASH 70/48,finished,0.0
1309,DW3005,OLYMPIA NO.1 DISHWASH 230/36,finished,0.0
1310,DW3006,OLYMPIA NO.1 DISHWASH 80/48,finished,0.0
1311,DW3007,OLYMPIA NO.1 DISHWASH 250/36,finished,0.0
1314,DW4003,BRILLO DISHWASH LIQUID 450/12,finished,0.0
1315,DW4004,BRILLO DISHWASH LIQUID 475/12 (YELLOW),finished,0.0
1316,DW4005,BRILLO DISHWASH LIQUID 475/12 (GREEN),finished,0.0
1317,DW4006,BRILLO DISHWASH LIQUID 475/12 (ORANGE),finished,0.0
1319,DW4008,BRILLO DISHWASH LIQUID 475/12 ORANGE,finished,0.0
1320,DW4009,BRILLO DISHWASH LIQUID 475ML,finished,0.0
1326,DW5004,PUNJAB LIQUID DISHWASH 475ML/12 (ORANGE),finished,0.0
1327,DW5005,PUNJAB LIQUID DISHWASH 475ML/12 (LEMON),finished,0.0
1328,DW5006,Punjab Dishwash 60/36,finished,0.0
1332,DW7004,TIGON D/W BAR 120/72,finished,0.0
1333,DW7005,TIGON D/W BAR 240/36,finished,0.0
1334,DW7006,TIGON D/W BAR 120/36,finished,0.0
1335,DW7007,TIGON D/W BAR 320/24,finished,0.0
1337,DW7009,SAGA DISHWASH 110/72,finished,0.0
1338,DW7010,SAGA DISHWASH 50/36,finished,0.0
1341,DW7013,SAGA DISHWASH 210/24 LONG BAR,finished,0.0
1342,DW7014,SAGA DISHWASH 130/36 GREEN,finished,0.0
1343,DW7015,SAGA DISHWASH 150/24 LONGBAR,finished,0.0
1345,DW7017,SAGA DISHWASH 110/36,finished,0.0
1347,DW7019,SAGA DISHWASH 55/36,finished,0.0
1348,DW7020,SAGA DISHWASH 275/32,finished,0.0
1351,DW8001,RIM DISHWASH 60/72,finished,0.0
1352,DW8002,RIM DISHWASH 120/36,finished,0.0
1353,DW8044,RAHIL DETERGENT 2/10 12AD,finished,0.0
1357,DW9004,Bachat DishWash 100/36,finished,0.0
1358,DW9005,BACHAT DISHWASH 110/36,finished,0.0
1359,DW9006,BACHAT LIQUID 500/12,finished,0.0
1361,DW9010,RAHIL DISHWASH LIQUID 475/12,finished,0.0
1363,DW9012,BOXER DISHWASH 100/48,finished,0.0
1364,DW9013,BOXER DISHWASH 140/48 16A.D,finished,0.0
1366,DW9015,LAIR DISHWASH LIQUID 900/12 LEMON,finished,0.0
1367,DW9016,LAIR DISHWASH LIQUID 900/12 ORANGE,finished,0.0
1368,DW9017,BOXER DISHWASH 200/24,finished,0.0
1369,DW9018,HAPPY LIQUID LOOSE,finished,0.0
1370,DW9019,BOXER DISHWASH LIQUID 475/12 LEMON,finished,0.0
1372,DW9021,ARGHAWAN DETERGENT 4 KG 7 AD,finished,0.0
1374,DW9023,BACHAT DISHWASH 200/36,finished,0.0
1375,DW9024,BOXER DISHWASH LIQUID 475/12 (ORANGE),finished,0.0
1378,DW9027,ARGHAWAN DISHWASH LIQUID 5KG/4,finished,0.0
1379,DW9028,BOXER DISHWASH 180/24 13.5AD,finished,0.0
1380,DW9029,BACHAT DISHWASH 60/48,finished,0.0
1381,DW9030,BAHAR DISHWASH LIQUID 5KGS,finished,0.0
1383,DW9032,BLUESTAR DISHWASH LIQUID 320/24,finished,0.0
1384,DW9033,BAHAR DISHWASH LIQUID BOTTAL 900ML,finished,0.0
1390,DWB004,TRAIN PITTA 7 KG (350/20),finished,0.0
1391,DWB005,BLACK PITTA 5.6KG (280/20),finished,0.0
1392,DWB006,TRAIN PITTA PURE SADA (75/40)3KG,finished,0.0
1393,DWB007,Train Pitta PURE SADA NOOR (175/40),finished,0.0
1394,DWB008,LASHKARA PITTA PURE SADA NOOR 150/40,finished,0.0
1405,HWL002,HANDWASH LIQUID 4KG BOTTLE,finished,0.0
1406,HWL003,HANDWASH LIQUID BULK,finished,0.0
1407,L00001,LOOSE DETERGENT POWDER,finished,0.0
1408,LD0001,TRAIN LAUNDRY DETERGENT 250/24,finished,0.0
1409,LDM001,LD NATURAL SHEET 855MM 30 MICRON,finished,0.0
1410,LDM002,LD MILKY SHEET 615MM 30MICRON,finished,0.0
1413,LDM005,LD MILKY SHEET 810MM 30 MICRON,finished,0.0
1414,LDM006,LD MILKY SHEET 645MM 30MICRON,finished,0.0
1415,LDM007,LD MILKY SHEET 705MM 50 MICRON,finished,0.0
1416,LDM008,LD MILKY SHEET 470MM 30MICRON,finished,0.0
1417,LDM009,LD MILKY SHEET 765MM 50  MICRON,finished,0.0
1422,LDM014,LD MILKY SHEET 915MM 50 MICRON,finished,0.0
1423,LDM015,LD MILKY SHEET 785MM 50 MICRON,finished,0.0
1424,LDM016,LD MILKY SHEET 910MM 50 MICRON,finished,0.0
1425,LDM017,LD MILKY SHEET 710MM 50 MICRON,finished,0.0
1426,LDM018,LD MILKY SHEET 650MM 25 MICRON,finished,0.0
1428,LDM020,LD MILKY SHEET 720MM 30 MICRON,finished,0.0
1429,LDM021,LD MILKY SHEET 765MM 30 MICRON,finished,0.0
1431,LDM023,LD MILKY SHEET 465MM 50 MICRON,finished,0.0
1432,LDM024,LD MILKY SHEET 725MM 100 MICRON,finished,0.0
1434,LDM026,LD MILKY SHEET 855MM 30MICRON,finished,0.0
1436,LDM028,LD MILKY SHEET 550MM 30MICRON,finished,0.0
1437,LDM029,LD MILKY SHEET 735MM 90 MICRON,finished,0.0
1438,LDM030,LD MILKY SHEET 910MM 30 MICRON,finished,0.0
1439,LDM031,LD MILKY SHEET 620MM 80 MICRON,finished,0.0
1440,LDM032,LD MILKY SHEET 500MM 50 MICRON,finished,0.0
1441,LDM033,LD MILKY SHEET 800MM 50 MICRON,finished,0.0
1442,LDM034,LD MILKY SHEET 480MM 50 MICRON,finished,0.0
1444,LDM036,LD NATURAL SHEET 710MM 30 MICRON,finished,0.0
1445,LDM037,LD MILKY SHEET 655MM 50 MICRON,finished,0.0
1447,LDM039,LD MILKY SHEET 790MM 30 MICRON,finished,0.0
1448,LDM040,LD MILKY SHEET 815MM 40 MICRON,finished,0.0
1449,LDM041,LD MILKY SHEET 740MM 50 MICRON,finished,0.0
1450,LDM042,LD NATURAL SHEET 810MM 30 MICRON,finished,0.0
1452,LDM044,LD NATURAL SHEET 795MM 30 MICRON,finished,0.0
1453,LDM045,LD MILKY SHEET 800MM 100 MICRON,finished,0.0
1456,LDM048,LD MILKY SHEET 625MM 30 MICRON,finished,0.0
1457,LDM049,LD NATURAL SHEET 840MM 30MIC,finished,0.0
1458,LDM050,LD MILKY SHEET 740MM 65.7MICRON,finished,0.0
1459,LDM051,LD MILKY SHEET 700MM 30 MICRON,finished,0.0
1460,LDM052,LD MILKY SHEET 470MM 65 MICRON,finished,0.0
1461,LDM053,LD MILKY SHEET 840MM 30MICRON,finished,0.0
1463,LDM055,LD MILKY SHEET 615MM 80 MICRON,finished,0.0
1464,LDM056,LD MILKY SHEET 490MM 50MICRON,finished,0.0
1465,LDM057,LD MILKY SHEET 785MM 100 MICRON,finished,0.0
1466,LDM058,LD MILKY SHEET 620MM 40MICRON,finished,0.0
1468,LDM060,LD MILKY SHEET 910MM 80 MICRON,finished,0.0
1469,LDM061,LD MILKY SHEET 800 MM 30MICRON,finished,0.0
1470,LDM062,LD NATURAL SHEET 830MM 60 MICRON,finished,0.0
1471,LDM063,LD NATURAL SHEET 430MM 30 MICRON,finished,0.0
1472,LDM064,LD MILKY SHEET 705MM 115MICRON,finished,0.0
1473,LDM065,LD NATURAL SHEET 700MM 30MICRON,finished,0.0
1474,LDM066,LD MILKY SHEET SIZE 835MM 35 MICRON,finished,0.0
1475,LDM067,LD NATURAL SHEET 800MM 30MICRON,finished,0.0
1476,LDM068,LD NATURAL SHEET 620MM 30MICRON,finished,0.0
1478,LDM070,LD MILKY SHEET SIZE 750MM 50MICRON,finished,0.0
1479,LDM071,LD MILKY SHEET SIZE 835MM 32MIC,finished,0.0
1481,LDM073,LD NATURAL SHEET 775MM 25 MICRON,finished,0.0
1482,LDM074,LD NATURAL SHEET 875MM 25 MICRON,finished,0.0
1484,LDM076,LD NATURAL SHEET 755MM 25 MICRON,finished,0.0
1485,LDM077,LD MILKY SHEET 705MM 110 MICRON,finished,0.0
1486,LDM078,LD MILKY SHEET 850MM 25 MICRON,finished,0.0
1487,LDM079,LD MILKY SHEET 755MM 25 MICRON,finished,0.0
1488,LDM080,LD NATURAL 760MM 140 MICRON,finished,0.0
1489,LDM081,LD NATURAL SHEET 725MM 30 MICRON,finished,0.0
1490,LDM082,LD NATURAL SHEET 720MM 25 MICRON,finished,0.0
1491,LDM083,LD NATURAL SHEET 620MM 25 MICRON,finished,0.0
1493,LDM085,LD MILKY SHEET 765MM 25 MICRON,finished,0.0
1497,LDM089,LD MILKY SHEET 835MM 32MICRON,finished,0.0
1498,LDM090,LD MILKY SHEET 805MM 30 MICRON,finished,0.0
1500,LDM092,LD  MILKY SHEET 680MM 60MICRON (SNAIL WHITE),finished,0.0
1501,LDM093,LD MILKY SHEET 700MM 25MICRON,finished,0.0
1502,LDM094,LD MILKY SHEET 840MM 35MICRON,finished,0.0
1503,LDM095,LD NATURAL SHEET 810MM 60MICRON,finished,0.0
1504,LDM096,LD NATURAL SHEET 540MM 30MICRON,finished,0.0
1505,LDM097,LD MILKY SHEET 480MM 30 MICRON,finished,0.0
1506,LDM098,LD MILKY SHEET 460MM 40 MICRON,finished,0.0
1507,LDM099,LD MILKY SHEET 525MM 40 MICRON,finished,0.0
1508,LDM100,LD MILKY SHEET 530MM 50 MICRON,finished,0.0
1509,LDM101,LD MILKY SHEET 540MM 40 MICRON,finished,0.0
1510,LDM102,LD MILKY SHEET 540MM 110 MICRON,finished,0.0
1511,LDM103,LD MILKY SHEET 545MM 50 MICRON,finished,0.0
1512,LDM104,LD MILKY SHEET 545MM 50 MICRON,finished,0.0
1513,LDM105,LD MILKY SHEET 565MM 55 MICRON,finished,0.0
1514,LDM106,LD MILKY SHEET 640MM 40 MICRON,finished,0.0
1515,LDM107,LD MILKY SHEET 915MM 60 MICRON,finished,0.0
1516,LDM108,LD MILKY SHEET 910MM 55 MICRON,finished,0.0
1517,LDM109,LD MILKY SHEET 455MM 55 MICRON,finished,0.0
1519,LDM111,LD NATURAL SHEET 740MM 40 MICRON,finished,0.0
1520,LDM112,LD NATURAL SHEET 740MM 140 MICRON,finished,0.0
1521,LDM113,LD NATURAL SHEET 740MM 30 MICRON,finished,0.0
1523,LDM115,LD NATURAL SHEET 865MM 30 MICRON,finished,0.0
1524,LDM116,LD NATURAL SHEET 875MM 30 MICRON,finished,0.0
1525,LDM117,LD NATURAL SHEET 805MM 30 MICRON,finished,0.0
1526,LDM118,LD MILKY SHETT 810MM 90MICRON,finished,0.0
1527,LDM119,LD MILKY SHEET 620MM 90MICRON,finished,0.0
1528,LDM120,LD NATURAL SHEET 675MM 30 MICRON,finished,0.0
1529,LDM121,LD NATURAL SHEET 735MM 125MICRON,finished,0.0
1530,LDM122,LD NATURAL SHEET 755MM 30MICRON,finished,0.0
1531,LDM123,LD MILKY SHEET 500MM 60MICRON,finished,0.0
1532,LDM124,LD MILKY SHEET 985MM 160MICRON,finished,0.0
1533,LDM125,LD MILKY SHEET 915MM 30 MICRON,finished,0.0
1536,LDM128,LD MILKY SHEET 590MM 30MICRON,finished,0.0
1537,LDM129,LD NATURAL SHEET 760MM 70MICRON,finished,0.0
1538,LDM130,LD NATURAL SHEET 610MM 130MICRON,finished,0.0
1539,LDM131,LD NATURAL SHEET 655MM 30MICRON,finished,0.0
1540,LDM132,LD MILKY SHEET 766MM 40 MICRON,finished,0.0
1541,LDM133,LD MILKY SHEET 775MM 30 MICRON,finished,0.0
1542,LDM134,LD MILKY SHEET 855MM 90 MICRON,finished,0.0
1543,LDM135,LD NATURAL SHEET 495MM 90MICRON,finished,0.0
1544,LDM136,LD NATURAL SHEET 510MM 90MICRON,finished,0.0
1545,LDM137,LD NATURAL SHEET 715MM 70MICRON,finished,0.0
1546,LDM138,LD MILKY SHEET 620MM 25 MICRON,finished,0.0
1547,LDM139,LD NATURAL SHEET 655MM 25MICRON,finished,0.0
1548,LDM140,LD NATURAL SHEET 540MM 75MICRON,finished,0.0
1549,LDM141,LD NATURAL SHEET 765MM 110MICRON,finished,0.0
1551,LDM143,LD NATURAL SHEET 740MM 135 MICRON,finished,0.0
1552,LDM144,LD NATURAL SHEET 695MM 75 MICRON,finished,0.0
1553,LDM145,LD NATURAL SHEET 495MM 50 MICRON,finished,0.0
1554,LDM146,LD MILKY SHEET 680MM 25 MICRON,finished,0.0
1555,LDM147,LD MILKY SHEET 655MM 30 MICRON,finished,0.0
1556,LDM148,LD MILKY SHEET 965MM 60MICRON,finished,0.0
1557,LDM149,LD MILKY SHEET 910MM 60MICRON,finished,0.0
1558,LDM150,LD NATURAL SHEET 810MM 70MICRON,finished,0.0
1559,LDM151,LD MILKY SHEET 735MM 100 MICRON,finished,0.0
1561,LDM153,LDN+PET SIZE 255MM,finished,0.0
1562,LDM154,LD MILKY SHEET 840MM 40MICRON,finished,0.0
1563,LDM155,LD MILKY SHEET 635MM 40 MICRON,finished,0.0
1564,LDM156,LD NATURAL SHEET 610MM 30MICRON,finished,0.0
1565,LDM157,LD MILKY SHEET 760MM 120MICRON,finished,0.0
1567,LDM159,LD MILKY SHEET 640MM 50MICRON,finished,0.0
1568,LDM160,LD NATURAL SHEET 720MM 40MICRON,finished,0.0
1569,LDM161,LD MIKY SHEET 935MM 60MICRON,finished,0.0
1570,LDM162,LD NATURAL SHEET 960MM 60MICRON,finished,0.0
1571,LDM163,LD NATURAL SHEET 924MM 50MICRON,finished,0.0
1572,LDM164,LD NATURAL SHEET 600MM 90MICRON,finished,0.0
1573,LDM165,LD NATURAL SHEET 480MM 90MICRON,finished,0.0
1574,LDM166,LD MILKY SHEET 710MM 80MICRON,finished,0.0
1575,LDM167,LD NATURAL SHEET 640MM 90 MICRON,finished,0.0
1576,LDM168,LD MILKY SHEET 675MM 90MICRON,finished,0.0
1577,LDM169,LD MILKY SHEET 910MM 150MICRON,finished,0.0
1578,LDM170,LD NATURAL SHEET 855MM 110 MICRON,finished,0.0
1579,LDM171,LD MILKY SHEET 965MM 50 MICRON,finished,0.0
1581,LDM173,LD MILKY SHEET 740MM 40MICRON,finished,0.0
1582,LDM174,LD MILKY SHEET 910MM 70MICRON,finished,0.0
1583,LDM175,LD MILKY SHEET 835MM 30MICRON,finished,0.0
1584,LDM176,LD NATURAL SHEET 660MM 100MICRON,finished,0.0
1586,LDM178,LD MILKY SHEET 510MM 70MICRON,finished,0.0
1587,LDM179,LD MILKY SHEET 760MM 130MICRON,finished,0.0
1588,LDM180,LD NATURAL SHEET 680MM 40MICRON,finished,0.0
1591,LDM183,LD MILKY SHEET610MM 40MICRON,finished,0.0
1592,LDM184,LD NATURAL SHEET 765MM 80MICRON,finished,0.0
1595,LDM187,LD NATURAL SHEET 580MM 60MICRON,finished,0.0
1596,LDM188,LD MILKY SHEET 720MM 32MICRON,finished,0.0
1597,LDM189,LD NATURAL SHEET 720MM 50MICRON,finished,0.0
1599,LDM191,LD MILKY SHEET 680MM 50MICRON,finished,0.0
1600,LDM192,LD MILKY SHEET 750MM 70MICRON,finished,0.0
1602,LDM194,LD MILKY SHEET 810MM 120MICRON,finished,0.0
1603,LDM195,LD MILKY SHEET 725MM 55MICRON,finished,0.0
1604,LDM196,LD MILKY SHEET 625MM 100MICRON,finished,0.0
1605,LDM197,LD NATURAL SHEET 680MM 50MICRON,finished,0.0
1606,LDM198,LD NATURAL SHEET 810MM 120MICRON,finished,0.0
1608,LDM200,LD NATURAL SHEET 500MM 90MICRON,finished,0.0
1610,LDM202,LD NATURAL SHEET 740MM 120MICRON,finished,0.0
1612,LDM204,LD NATURAL SHEET 580MM 120MICRON,finished,0.0
1613,LDM205,LD NATURAL SHEET 500MM 80MICRON,finished,0.0
1614,LDM206,LD NATURAL SHEET 570MM 55MICRON,finished,0.0
1615,LDM207,LD NATURAL SHEET 480MM 50MICRON,finished,0.0
1617,LDM209,LD NATURAL SHEET 780MM 65MICRON,finished,0.0
1618,LDM210,LD NATURAL SHEET 490MM 50MICRON,finished,0.0
1619,LDM211,LD MILKY SHEET 680MM 90MICRON,finished,0.0
1626,LDM218,LD MILKY SHEET 330MM 90MICRON,finished,0.0
1627,LDM219,LD MILKY SHEET 720MM 50MICRON,finished,0.0
1628,LDM220,LD MILKY SHEET 660M 50MICRON,finished,0.0
1629,LDM221,LD NATURAL SHEET 470MM 50MICRON,finished,0.0
1630,LDM222,LD NATURAL SHEET 810MM 100MICRON,finished,0.0
1633,LDM225,LD MILKY SHEET 820MM 60MICRON,finished,0.0
1634,LDM226,LD NATURAL SHEET 510MM 80MICRON,finished,0.0
1635,LDM227,LD NATURAL SHEET 860MM 30MICRON,finished,0.0
1636,LDM228,LD NATURAL SHEET 765MM 60MICRON,finished,0.0
1637,LDM229,LD MILKY SHEET 610MM 90MICRON,finished,0.0
1638,LDM230,LD NATURAL SHEET 610MM 60MICRON,finished,0.0
1639,LDM231,LD NATURAL SHEET 620MM 90MICRON,finished,0.0
1640,LDM232,LD NATURAL SHEET 780MM 100 MICRON,finished,0.0
1643,LDM235,LD NATURAL SHEET 640MM 28MICRON,finished,0.0
1644,LDM236,LD NATURAL SHEET 610MM 90MICRON,finished,0.0
1645,LDM237,LD NATURAL SHEET 910MM 50MICRON,finished,0.0
1647,LDM239,LD MILKY SHEET 460MM 75MICRON,finished,0.0
1648,LDM240,LD NATURAL SHEET 570MM 45 MICRON,finished,0.0
1649,LDM241,LD MILKY SHEET 910MM 25MICRON,finished,0.0
1650,LDM242,LD NATURAL SHEET 570MM 75MICRON,finished,0.0
1651,LDM243,LD NATURAL SHEET 610MM 75MICRON,finished,0.0
1652,LDM244,LD MILKY SHEET 540MM 70MICRON,finished,0.0
1653,LDM245,LD NATURAL SHEET 480MM 100MICRON,finished,0.0
1654,LDM246,LD NATURAL SHEET 490MM 120MICRON,finished,0.0
1655,LDM247,LD NATURAL SHEET 640MM 70MICRON,finished,0.0
1656,LDM248,LD NATURAL SHEET 680MM 80MICRON,finished,0.0
1657,LDM249,LD NATURAL SHEET 900MM 35MICRON,finished,0.0
1658,LDM250,LD NATURAL SHEET 540MM 70MICRON,finished,0.0
1675,LDTP049,TP LD 430MM 30 MICRON,finished,0.0
1676,LGM001,EID BANASPATI 900GRAM*16 PACK,finished,0.0
1677,LGM002,EID BANASPATI 450GRAM*32 PACK,finished,0.0
1678,LGM003,KORBA BANASPATI 1KG * 16PAC,finished,0.0
1679,LMR001,LEMINATION REEL,finished,0.0
1681,LS0001,TRAIN NAROL(125/40),finished,0.0
1682,LS00015,TRAIN NAROOL 15KG 375/40,finished,0.0
1683,LS0002,TRAIN SANDLI 125/40,finished,0.0
1685,LS0004,TRAIN NAROL (250/40),finished,0.0
1686,LS0005,LASHKARA SPECIAL 04PACK 08KG,finished,0.0
1687,LS0006,Train Neel 150/48,finished,0.0
1689,LS0008,TRAIN NEEL (75/24),finished,0.0
1690,LS0009,TRAIN NAROL BILAL CUP (125/40)5 KG,finished,0.0
1691,LS0010,Train Narool (200/40),finished,0.0
1692,LS0011,LASHKARA SANDALI 2 TIKKI PACK 200/40 8KG,finished,0.0
1693,LS002,LASHKARA SPECIAL 4PACK 6KG,finished,0.0
1694,LS0020,GULLI 5.6KG 140GR,finished,0.0
1695,LS010,TRAIN NAROOL DFA (250/40) 10 KG,finished,0.0
1696,LS011,TRAIN NAROOL DFA (125/40) 5KG,finished,0.0
1697,LS013,Lashkara Special 4Takki (175/40) 7kg,finished,0.0
1698,LS014,SUPER LIFE YELLOW (140/48) 6.72 KG,finished,0.0
1699,LS015,SUPER LIFE RED (140/48) 6.72 KG,finished,0.0
1700,LS016,TRAIN NAROOL DFA 200/40 WHITE GARDER,finished,0.0
1701,LS017,SKARCH BRIGHT PAD,finished,0.0
1702,LS018,Scotch Brite REGULAR,finished,0.0
1703,LS019,SKARCH BRIGHT SMALL,finished,0.0
1704,LS020,NEEL SEWER LARGE,finished,0.0
1705,LS021,STEEL WHOLE LARGE,finished,0.0
1706,LS022,LASHKARA SPECIAL 4 PACK (250/40) 10KG,finished,0.0
1707,LS023,TRAIN SANDALI GADAR (150/40) 6KG,finished,0.0
1708,LS024,TRAIN SANDLI BILAL CUP (75/40)3 KG,finished,0.0
1710,LS026,LASHKARA SANDALI 2 TIKKI PACK 175/40,finished,0.0
1711,LS027,TRAIN SANDALI BILAL CUP (175/40),finished,0.0
1712,LS028,LASHKARA NAROL DFA SADA NOOR 450/20,finished,0.0
1713,LS029,LASHKARA SANDLI BAR 80/40 3.2KG,finished,0.0
1714,MAC001,ACMA MACHINE,finished,0.0
1715,MAC002,PASTING MACHINE,finished,0.0
1722,MACH01,SACHAY PACKING MACHINE,finished,0.0
1724,MBP002,MARBLE POWDER 600 MESH,finished,0.0
1725,MES001,MES POWDER,finished,0.0
1727,MO1002,MUSTARD OIL 200ML BOTTLE,finished,0.0
1732,MO1007,MUSTARD OIL 220/24,finished,0.0
1733,MO1008,MUSTARD OIL 930/20,finished,0.0
1734,MO1009,MUSTARD OIL 420ML BOTTLE,finished,0.0
1735,MO1010,MUSTARD OIL 160/24,finished,0.0
1736,MO1011,MUSTARD OIL 190/24,finished,0.0
1740,MO1015,REFINED OIL,finished,0.0
1741,MO1016,MUSTARD OIL 430/12,finished,0.0
1742,MO1017,MUSTARD OIL 185/24,finished,0.0
1743,MPG001,MAAN PASAND BANASPATI 1KG*16PACKS,finished,0.0
1744,MPG002,MAAN PASAND BANASPATI 1/2KG*32PACKS,finished,0.0
1745,MPG003,MAAN PASAND BANASPATI 900*16PACKS,finished,0.0
1746,MSC001,MISC MAINTENANCE ITEMS,finished,0.0
1749,MZF002,MANZAL E ZOOQ FOOD CTN 1000/500GRM C3 P5 LN,finished,0.0
1751,MZF004,MANZAL E ZOQ VERMICILE CTN KHAKI C4 P5,finished,0.0
1752,NBP001,SUPER MELON 10PCS,finished,0.0
1754,NBR001,WHITE STAND POUCH BAG H#13IN & W#230MM,finished,0.0
1761,PAC006,A.H CUP & SAUCER 6 PIECE PURPLE MEDIUM BOX C4 P3 LY,finished,0.0
1762,PAC007,A.H CUP & SAUCER 4 DOZAN 4 CLR MASTER BOX C4 P3 LN,finished,0.0
1763,PAC008,A.H CUP & SAUCER 6 PIECE ROUND LARGE BOX C4 P3 LN,finished,0.0
1764,PAC009,A.H CUP & SAUCER 6 PIECE SQUARE LARGE BOX C4 P3 LY,finished,0.0
1766,PAC011,A.H 4 DOZAN MASTER SQUARE LARGE BOX C4 P3 LN,finished,0.0
1771,PAC016,A.H AISA CERAMICS 6 DOZAN BOX C4 P5 LY,finished,0.0
1772,PAC017,A.H CUP & SAUCER BLACK SMALL BOX C4 P3 LY,finished,0.0
1773,PAC018,A.H CUP & SAUCER MULTI LARGE BOX C4 P3 LY,finished,0.0
1778,PAC023,4 NO CUP & SACUER PLAN P3 LN,finished,0.0
1779,PAC024,A.H. 4NO. CUP & SOUCER CRTN C4 P3 LN,finished,0.0
1780,PAC025,A.H CUP & SAUCER NO.4 KHAKI CN P3 LN,finished,0.0
1783,PAC028,A.H CUP  & SAUCER NO.4 BOLAN M.CTN 4 DOZEN NEW,finished,0.0
1786,PAC031,A.H CUP DIBI MASTER CTN 8 DOZEN 9 & 10 NO C4 P3 LN,finished,0.0
1789,PAC034,A.H CUP DABBI CTN 6 DOZEN C4 P3 LN,finished,0.0
1790,PAC035,A.H CUP SAUCER DABBI # 9 & 10 KHAKI C1 P3 LN,finished,0.0
1791,PAC036,A.H CUP SAUCER CTN NO.9 & 10 KHAKI C1 P3 LN,finished,0.0
1792,PAC037,A.H CUP & SACUER DIBI BLUE C4 P3 LN,finished,0.0
1793,PAC038,"CUP & SAUCER DIBBI # 9,10 LARGE C4 P3 LN",finished,0.0
1794,PAC039,A.H CUP & SAUCER DIBI KHAKI 4 NO. C2 P3,finished,0.0
1795,PAC040,A.H CUP & SAUCER CTN 4 DZN KHAKI 4 NO. C2 P3,finished,0.0
1796,PAC041,A.H MUG PETI 8 DOZEN SMALL C1 P5,finished,0.0
1797,PAC042,A.H CUP & SAUCER DIBI 9 & 10 KHAKI C2 P3,finished,0.0
1798,PAC043,A.H  CUP & SAUCER CTN 9 & 10 C2 P3 KHAKI,finished,0.0
1799,PAC044,COMPASS DIBBI CUP SAUCER CP.317 NO.C4 P3,finished,0.0
1800,PAC045,SITC CTN CUP SAUCER 4 DZN CP.317 NO.KHAKI C 1 P 3,finished,0.0
1803,PAC048,COMPASS DIBBI CP-319 MIDIUM C4 P3,finished,0.0
1804,PAC049,SITC M.CTN CP-319 4 DZN KHAKI C1 P3,finished,0.0
1807,PAC052,A.H CUP & SAUCER DIBBI KHAKI SADA SMALL P3,finished,0.0
1808,PAC053,A.H CUP & SAUCER M.CTN 4 DOZAN KHAKI SADA P3,finished,0.0
1809,PAC054,COMPAS MAG DIBBI KHAKI 1 CL,finished,0.0
1810,PAC055,COMPAS MUG PETTI 8 DZN 5 PLY C1,finished,0.0
1811,PAC056,COMPAS JUICE MUG DIBBI KHAKI C1 P3,finished,0.0
1812,PAC057,SITC JUICE MUG PETTI 6 DZN KHAKI C1 P5,finished,0.0
1813,PAC058,A.H MUG DIBBI 4 COLOR 6 PCS C4 P3,finished,0.0
1814,PAC059,A.H MUG PETI 8 DOZ(CBB) C2 P5,finished,0.0
1815,PAC060,A.H CUP SAUCER DIBI MEDIUM KHAKI C1 P3,finished,0.0
1816,PAC061,A.H CUP SAUCER MASTER CTN MEDIUM KHAKI C1 P3,finished,0.0
1817,PAC062,A.H CUP & SAUCER 6 PIECE DIBBI Brown C4 P3,finished,0.0
1818,PAC063,A.H 4 DOZAN MASTER CTN Brown CUP SAUCER  C4 P3,finished,0.0
1819,PAC064,"A.H CUP & SAUCER DIBBI # 9,10 C4 P3",finished,0.0
1820,PAC065,A.H 4 DOZAN MASTER CTN 9 &10 CUP SAUCER BOX C4 P3 (UBB),finished,0.0
1821,PAC066,A.H TEA SET 14 PCS CODE NO.3 C4 P3 LY,finished,0.0
1829,PAC074,A.H TEA SET 14 PCS CODE NO.1 C4 P3 LY,finished,0.0
1836,PAC081,FINE BONE TEA SET 14PCS CTN C4 P3 LY,finished,0.0
1837,PAC082,FINE BONE TEA SET 14PCS CTN 4 IN 1 C1 P5,finished,0.0
1842,PAC087,FOAM SHEET 6*6,finished,0.0
1854,PAF003,AMIN CEILING GLAXAY BOX C4 P5 LN,finished,0.0
1860,PAF009,AMIN PEDISTAL BASE ECONOMY BOX C4 P3 LN,finished,0.0
1861,PAF010,AMIN BLADE BOX 10IN1 CN P3 LN,finished,0.0
1862,PAF011,AMIN SOLAR PEDESTAL BODY 3PLY LN C4,finished,0.0
1863,PAF012,AMIN SOLAR PEDESTAL ROD P3 LN C4,finished,0.0
1864,PAF013,AMIN SOLAR PEDESTAL BASE P3 LN C4,finished,0.0
1865,PAF014,AMIN ROD PETI T.C.P KHAKI P5 SADA,finished,0.0
1866,PAF015,AMIN ROD PETI 24 INCH  KHAKI P5 SADA,finished,0.0
1870,PAF019,AMIN ROD PETI 10 IN 1 KHAKI SADA 24INCH P5,finished,0.0
1871,PAF020,AMIN SOLAR CEILING BODY C4 P5 LN,finished,0.0
1872,PAF021,AMIN SOLAR CEILING BLADE C4 P3 LN,finished,0.0
1873,PAH001,SADA MUG DIBBI KHAKI P3,finished,0.0
1874,PAI001,PAIDAR PAYALI CTN 100 PCS C2 P3,finished,0.0
1875,PAM001,AL MUMTAZ CIELING BODY AC/DC LARGE C4 P3 LN,finished,0.0
1876,PAM002,AL MUMTAZ CIELING BLADE AC/DC C4 P3 LN,finished,0.0
1877,PAM003,AL MUMTAZ CIELING BODY AC/DC LARGE C4 P5 LN,finished,0.0
1878,PAM004,CEILING BLADE PETI 10 IN 1 WHITE PLAIN P5,finished,0.0
1879,PAM005,NEW ASIA CEILING BODY C4 P5 LY,finished,0.0
1880,PAM006,NEW ASIA CEILING BLADE C4 P3 (NEW SIZE),finished,0.0
1881,PAM007,AL MUMTAZ CEILING M.CTN 3 IN 1 C4 P5 LN,finished,0.0
1882,PAM008,NEW ASIA PADISTAL BODY C4 P5 LN,finished,0.0
1883,PAM009,NEW ASIA ROD PADISTAL C4 P3 LN,finished,0.0
1884,PAM010,NEW ASIA BASE PADISTAL C4 P3 LN,finished,0.0
1885,PAM011,LAHORE MODEL CEILING BODY C4 P5 LY,finished,0.0
1886,PAM012,FOCUS CEILING BODY C4 P5 LN,finished,0.0
1887,PAM013,FOCUS CEILING BLADE C4 P3 LN,finished,0.0
1888,PAM014,MFC CEILING BODY C4 P5 LY,finished,0.0
1889,PAM015,MFC CEILING BLADE C4 P3 LN,finished,0.0
1890,PAM016,SUPER PAK CEILING BODY C4 P5 LN,finished,0.0
1891,PAM017,SUPER PAK CEILING BLADE C4 P3 LN,finished,0.0
1895,PAM021,AKM CEILLING BLADE C4 P3,finished,0.0
1896,PAM022,INTOP CEILING  BODY C4 P5LY,finished,0.0
1897,PAM023,INTOP CEILING  BLADE C4 P3,finished,0.0
1898,PAN001,TOMATO SOAP 20 TIKKI  C3 P3,finished,0.0
1899,PAN002,TOMATO SOAP 40 TIKKI C3 P3,finished,0.0
1900,PAN003,TOMATO SOAP 20 TIKKI ORANGE C4 P3 (UNCOATED),finished,0.0
1901,PAN004,TOMATO SOAP 20 TIKKI BLUE C3 P3 (UNCOATED),finished,0.0
1902,PAN005,TOMATO SOAP 10KG 40 CAKE C4 P3,finished,0.0
1903,PAN006,TOMATO SOAP 7KG C4 P3,finished,0.0
1904,PAN007,TOAMTO SOAP 8KG C4 P3,finished,0.0
1905,PAN008,TOAMTO SOAP 9KG C4 P3,finished,0.0
1906,PAN009,TOMATO SOAP 20 TIKKI BLUE NEW SIZE C3 P3 (UNCOATED),finished,0.0
1907,PAN010,TOMATO SAOP 7KG DEY TRAIN 6KG C4 P3,finished,0.0
1908,PAN011,TOMATO SAOP 9KG DEY TRAIN 8KG C4 P3,finished,0.0
1909,PAN012,TOMATO SAOP 10KG DEY TRAIN 8KG C4 P3,finished,0.0
1910,PAN013,ANMOL SOAP 7KG 40CAKE DEY TRAIN 6KG C3 P3,finished,0.0
1911,PAN014,ANMOL SOAP 9KG 40CAKE DEY TRAIN 8KG C3 P3,finished,0.0
1912,PAN015,ANMOL SOAP 10KG 40CAKE DEY TRAIN 8KG C3 P3,finished,0.0
1913,PAS001,AISIA CERAMICS MUG DIBI KHAKI C1 P3 LN,finished,0.0
1914,PAS002,AISIA CERAMICS MUG DIBI CTN 8 DOZEN C1 P5 LN,finished,0.0
1915,PAS003,M.N CERAMICS MUG DIBI KHAKI C1 P3 LN,finished,0.0
1916,PAS004,MN CERAMICS MUG DIBI CTN 8 DOZEN C1 P5 LN,finished,0.0
1921,PAS009,MFA CUP SAUCER DIBI NO.4 C4 P3,finished,0.0
1922,PAS010,MFA CUP SAUCER M.CTN NO.4 C4 P3,finished,0.0
1926,PAW001,KAINAT 1121 STEAM RICE KHAKI P5,finished,0.0
1927,PAW002,SUPER BASPATI RICE KHAKI P5,finished,0.0
1928,PAZ001,RAHIL SABOON 36 TIKKI C4 P3 LY,finished,0.0
1930,PB0001,INNER PLASTIC BAGS,finished,0.0
1931,PB272,BOX BOARD REEL SIZE 40,finished,0.0
1932,PBB001,BOX BOARD 29*38 230 GRAM,finished,0.0
1933,PBB002,BOX BOARD 27*36  230 GRAM,finished,0.0
1934,PBB003,BOX BOARD 26*23  230 GRAM,finished,0.0
1936,PBB005,BOX BOARD 32*23 230 GRAM,finished,0.0
1938,PBB007,BOX BOARD 28*25  210 GRAM,finished,0.0
1939,PBB008,BOX BOARD 32*26  210 GRAM,finished,0.0
1941,PBB010,BOX BOARD 35*25  210 GRAM,finished,0.0
1942,PBB011,BOX BOARD 20*39  210 GRAM,finished,0.0
1943,PBB012,BOX BOARD 19*39  210 GRAM,finished,0.0
1944,PBB013,BOX BOARD 19*41  210 GRAM,finished,0.0
1945,PBB014,BOX BOARD 33.5*24.5  210 GRAM,finished,0.0
1946,PBB015,BOX BOARD 22*31  210 GRAM,finished,0.0
1947,PBB016,BOX BOARD 23*32  210 GRAM,finished,0.0
1948,PBB017,BOX BOARD 24*34  230 GRAM,finished,0.0
1949,PBB018,BOX BOARD 26*23  210 GRAM,finished,0.0
1950,PBB019,BOX BOARD 26*30 230 GRAM,finished,0.0
1951,PBB020,BOX BOARD 15*34 230 GRAM,finished,0.0
1952,PBB021,BOX BOARD 25*37 230 GRAM,finished,0.0
1953,PBB022,BOX BOARD 38*26 210 GRAM,finished,0.0
1954,PBB023,BOX BOARD 38*28 210 GRAM,finished,0.0
1956,PBB025,BOX BOARD 30*24 230 GRAM,finished,0.0
1957,PBB026,BOX BOARD 27*39 230 GRAM,finished,0.0
1958,PBB027,BOX BOARD 27*30 210 GRAM,finished,0.0
1959,PBB028,BOX BOARD 36*28 210 GRAM,finished,0.0
1960,PBB029,BOX BOARD 20*41 210 GRAM,finished,0.0
1961,PBB030,BOX BOARD 37*27 210 GRAM,finished,0.0
1962,PBB031,BOX BOARD 37*25 230 GRAM,finished,0.0
1963,PBB032,BOX BOARD 25*22 230 GRAM,finished,0.0
1965,PBB034,BOX BOARD 26*40 230 GRAM,finished,0.0
1966,PBB035,BOX BOARD 21*37 230 GRAM,finished,0.0
1967,PBB036,BOX BOARD 23*31 230 GRAM,finished,0.0
1968,PBB037,BOX BOARD 34*25 230 GRAM,finished,0.0
1969,PBB038,BOX BOARD 30*36 230 GRAM,finished,0.0
1970,PBB039,BOX BOARD 38.5*23 230 GRAM,finished,0.0
1971,PBB040,BOX BOARD 23*34 230 GRAM,finished,0.0
1972,PBB041,BOX BOARD 23*35  210 GRAM,finished,0.0
1973,PBB042,BOX BOARD 28*23  230 GRAM,finished,0.0
1974,PBB043,BOX BOARD 29*34  230 GRAM,finished,0.0
1975,PBB044,BOX BOARD 26*38  230 GRAM,finished,0.0
1976,PBB045,BOX BOARD 27*35  230 GRAM,finished,0.0
1977,PBB046,BOX BOARD 29*24  230 GRAM,finished,0.0
1978,PBB047,BOX BOARD 33*25  230 GRAM,finished,0.0
1979,PBB048,BOX BOARD 32*28  230 GRAM,finished,0.0
1980,PBB049,BOX BOARD 17*41 230 GRAM,finished,0.0
1981,PBB050,BOX BOARD 17*39 230 GRAM,finished,0.0
1982,PBB051,BOX BOARD 25*23 230 GRAM,finished,0.0
1983,PBB052,BOX BOARD 31*23 230 GRAM,finished,0.0
1984,PBB053,BOX BOARD 22*28 230 GRAM,finished,0.0
1985,PBB054,BOX BOARD 31.5*26 230 GRAM,finished,0.0
1986,PBB055,BOX BOARD 28.5*41 230 GRAM,finished,0.0
1987,PBB056,BOX BOARD 26*35 230 GRAM,finished,0.0
1989,PBB058,BOX BOARD 31.5*25 230 GRAM,finished,0.0
1990,PBB059,BOX BOARD 35*27 230 GRAM,finished,0.0
1991,PBB060,BOX BOARD 36*29 230 GRAM,finished,0.0
1992,PBB061,BOX BOARD 30*28 230 GRAM,finished,0.0
1993,PBB062,BOX BOARD 29*35 230 GRAM,finished,0.0
1994,PBB063,BOX BOARD 24*35 230 GRAM,finished,0.0
1995,PBB064,BOX BOARD 25*26 230 GRAM,finished,0.0
1996,PBB065,BOX BOARD 25*40 230 GRAM,finished,0.0
1997,PBB066,BOX BOARD 32*26 230 GRAM,finished,0.0
2000,PBB069,BOX BOARD 22*31 230 GRAM,finished,0.0
2001,PBB070,BOX BOARD 34*28 230 GRAM,finished,0.0
2003,PBB072,BOX BOARD 36*28 230 GRAM,finished,0.0
2004,PBB073,BOX BOARD 25*31 230 GRAM,finished,0.0
2005,PBB074,BOX BOARD 37*27 230 GRAM,finished,0.0
2006,PBB075,BOX BOARD 25*39 230 GRAM,finished,0.0
2007,PBB076,BOX BOARD 28*38 230 GRAM,finished,0.0
2008,PBB077,BOX BOARD 33*24 230 GRAM,finished,0.0
2009,PBB078,BOX BOARD 18*35 230 GRAM,finished,0.0
2010,PBB079,BOX BOARD 21*31 230 GRAM,finished,0.0
2011,PBB080,BOX BOARD 28*28 230 GRAM,finished,0.0
2012,PBB081,BOX BOARD 28*24  230 GRAM,finished,0.0
2013,PBB082,BOX BOARD 28*33 230 GRAM,finished,0.0
2014,PBB083,BOX BOARD 18*38 210 GRAM,finished,0.0
2015,PBB084,BOX BOARD 17*38 230 GRAM,finished,0.0
2017,PBB086,BOX BOARD 19*39.5 210 GRAM,finished,0.0
2019,PBB088,BOX BOARD 23*32.5 210 GRAM,finished,0.0
2020,PBB089,BOX BOARD 34*24.5 210 GRAM,finished,0.0
2021,PBB090,BOX BOARD 35*24 210 GRAM,finished,0.0
2022,PBB091,BOX BOARD 22*33 230 GRAM,finished,0.0
2023,PBB092,BOX BOARD 22*35 230 GRAM,finished,0.0
2024,PBB093,BOX BOARD 23*30 230 GRAM,finished,0.0
2025,PBB094,BOX BOARD 28*34 230 GRAM,finished,0.0
2026,PBB095,BOX BOARD 32*25 230 GRAM,finished,0.0
2027,PBB096,BOX BOARD 33*28 230 GRAM,finished,0.0
2028,PBB097,BOX BOARD 39*23 230 GRAM,finished,0.0
2029,PBB098,BOX BOARD 19*39.5 230 GRAM,finished,0.0
2030,PBB099,BOX BOARD 19*40 230GRAM,finished,0.0
2031,PBB100,BOX BOARD 19*41 230GRAM,finished,0.0
2032,PBB101,BOX BOARD 18*38 230 GRAM,finished,0.0
2033,PBB102,BOX BOARD 22*30 230 GRAM,finished,0.0
2034,PBB103,BOX BOARD 16*32 210 GRAM,finished,0.0
2035,PBB104,BOX BOARD 32*31 210 GRAM,finished,0.0
2036,PBB105,BOX BOARD 16*38 210 GRAM,finished,0.0
2037,PBB106,BOX BOARD 17*30 210 GRAM,finished,0.0
2038,PBB107,BOX BOARD 17*37 210 GRAM,finished,0.0
2039,PBB108,BOX BOARD 19*28 250 GRAM,finished,0.0
2040,PBB109,BOX BOARD 17*30 250 GRAM,finished,0.0
2041,PBB110,BOX BOARD 21*34 230 GRAM,finished,0.0
2042,PBB111,BOX BOARD 18*37 120 GRAM,finished,0.0
2043,PBB112,BOX BOARD 22*25 230 GRAM,finished,0.0
2044,PBB113,BOX BOARD 25*32 230 GRAM,finished,0.0
2045,PBB114,BOX BOARD 31*26 230 GRAM,finished,0.0
2046,PBB115,BOX BOARD 26*37 230 GRAM,finished,0.0
2047,PBB116,BOX BOARD 27*38 230 GRAM,finished,0.0
2048,PBB117,BOX BOARD 35*28 210 GRAM,finished,0.0
2050,PBB120,BOX BOARD 25*45.5 230 GRAM,finished,0.0
2051,PBB121,BOX BOARD 29*38 210 GRAM,finished,0.0
2052,PBB122,BOX BOARD 31*20 230 GRAM,finished,0.0
2053,PBB123,BOX BOARD 27*34 230 GRAM,finished,0.0
2054,PBB124,BOX BOARD 26.5*28 250 GRAMS,finished,0.0
2055,PBB125,BOX BOARD 26*27 250 GRAMS,finished,0.0
2056,PBB126,BOX BOARD 32.5*45 250 GRAMS,finished,0.0
2057,PBB127,BOX BOARD 28*28 250 GRAMS,finished,0.0
2058,PBB128,BOX BOARD 38*26 230 GRAM,finished,0.0
2059,PBB129,BOX BOARD 29*31 230 GRAM,finished,0.0
2060,PBB130,BOX BOARD 27*30 230 GRAM,finished,0.0
2061,PBB131,BOX BOARD 25*29 230 GRAM,finished,0.0
2064,PBB134,BOX BOARD 33.5*24.5  230 GRAM,finished,0.0
2065,PBB135,BOX BOARD 23*28 230GRM,finished,0.0
2066,PBB136,BOX BOARD 23*32.5 230 GRAM,finished,0.0
2067,PBB137,BOX BOARD 24*33 230 GRM,finished,0.0
2068,PBB138,BOX BOARD 23*36 230 GRM,finished,0.0
2069,PBB139,BOX BOARD 23*40.5 230 GRM,finished,0.0
2070,PBB140,BOX BOARD 25*36 230 GRM,finished,0.0
2071,PBB141,BOX BOARD 28.5*35 230 GRM,finished,0.0
2072,PBB142,BOX BOARD 23.5*31 230 GRM,finished,0.0
2073,PBB143,BOX BOARD 24.5*36.5 230 GRM,finished,0.0
2074,PBB144,BOX BOARD 22.5*35.5 230 GRM,finished,0.0
2075,PBB145,BOX BOARD 24.5*34.5 230 GRM,finished,0.0
2076,PBB146,BOX BOARD 27*35 230GRM,finished,0.0
2077,PBB147,BOX BOARD 27*33 230 GRM,finished,0.0
2078,PBB148,BOX BOARD 27*24 230 GRM,finished,0.0
2079,PBB149,BOX BOARD 28*22 230 GRM,finished,0.0
2080,PBB150,BOX BOARD 25*35 230 GRAM,finished,0.0
2081,PBB151,BOX BOARD 34*26 230 GRAM,finished,0.0
2082,PBB152,BOX BOARD 26*33 230 GRAM,finished,0.0
2083,PBB153,BOX BOARD 24*36 230 GRAM,finished,0.0
2084,PBB154,BOX BOARD 16*38 230 GRAM,finished,0.0
2085,PBB155,BOX BOARD 17*38  210 GRAM,finished,0.0
2088,PBB158,BOX BOARD REEL SIZE 28 210 GRAM,finished,0.0
2090,PBB160,BOX BOARD 22.5 * 30 210 GRAM,finished,0.0
2091,PBB161,BOX BOARD 29*29 250 GRAM,finished,0.0
2092,PBB162,BOX BOARD 24*22 210 GRAM,finished,0.0
2093,PBB163,BOX BOARD 25*22 210 GRAM,finished,0.0
2094,PBB164,BOX BOARD 26*31 210 GRAM,finished,0.0
2095,PBB165,BOX BOARD 27*37 210 GRAM,finished,0.0
2097,PBB167,BOX BOARD 28*35 210 GRAM,finished,0.0
2098,PBB168,BOX BOARD 25*28 210 GRAM,finished,0.0
2099,PBB169,BOX BOARD 19*28 210 GRAM,finished,0.0
2100,PBB170,BOX BOARD 24*32 210 GRAM,finished,0.0
2101,PBB171,BOX BOARD 24*35 210 GRAM,finished,0.0
2102,PBB172,BOX BOARD 29*41 210 GRAM,finished,0.0
2103,PBB173,BOX BOARD 21*34 210 GRAM,finished,0.0
2104,PBB174,BOX BOARD 29*35 210 GRAM,finished,0.0
2105,PBB175,BOX BOARD 39*29  210 GRAM,finished,0.0
2106,PBB176,BOX BOARD 22*31 210 GRAM,finished,0.0
2107,PBB177,BOX BOARD 35*25 230 GRAM,finished,0.0
2108,PBB178,BOX BOARD 33*26 210 GRAM,finished,0.0
2110,PBB180,BOX BOARD REEL SIZE 48 180 GRAM,finished,0.0
2111,PBB181,BOX BOARD REEL SIZE 49 180 GRAM,finished,0.0
2112,PBB182,BOX BOARD REEL SIZE 28 180 GRAM,finished,0.0
2113,PBB184,BOX BOARD REEL SIZE 20 200 GRAM,finished,0.0
2115,PBB186,BOX BOARD 25*36 210 GRAM,finished,0.0
2116,PBB187,BOX BOARD 27*32 210 GRAM,finished,0.0
2117,PBB188,BOX BOARD 22.5*33 210 GRAM,finished,0.0
2118,PBB189,BOX BOARD 22*38 210 GRAM,finished,0.0
2119,PBB190,BOX BOARD 26*40 210 GRAM,finished,0.0
2120,PBB191,BOX BOARD 26*33 210GRAM,finished,0.0
2121,PBB192,BOX BOARD 21*32 210 GRAM,finished,0.0
2122,PBB193,BOX BOARD 27*22 230 GRAM,finished,0.0
2123,PBB194,BOX BOARD 29*34 210 GRAM,finished,0.0
2125,PBB196,BOX BOARD REEL SIZE 34,finished,0.0
2126,PBB197,BOX BOARD REEL SIZE 51,finished,0.0
2128,PBB199,BOX BOARD 24*30 230 GRAM,finished,0.0
2130,PBB201,BOX BOARD 21*37 210 GRAM,finished,0.0
2131,PBB202,BOX BOARD 25*30 230 GRAM,finished,0.0
2132,PBB203,BOX BOARD 23*40 210 GRAM,finished,0.0
2133,PBB204,BOX BOARD 38*23 210 GRAM,finished,0.0
2134,PBB205,BOX BOARD 25*37 210 GRAM,finished,0.0
2135,PBB206,BOX BOARD 36*24 210 GRAM,finished,0.0
2136,PBB207,BOX BOARD 22*32 210 GRAM,finished,0.0
2137,PBB208,BOX BOARD 27*40 210 GRAM,finished,0.0
2138,PBB209,BOX BOARD REEL SIZE 50 190GRAM (S.E),finished,0.0
2140,PBB211,BOX BOARD 24*22 230 GRAM,finished,0.0
2141,PBB212,BOX BOARD 26*35 210 GRAM,finished,0.0
2143,PBB214,BOX BOARD 17*41 210 GRAM,finished,0.0
2144,PBB215,BOX BOARD 19*34 210 GRAM,finished,0.0
2145,PBB216,BOX BOARD REEL SIZE 49,finished,0.0
2148,PBB219,BOX BOARD 24*36 210GRAM,finished,0.0
2149,PBB220,BOX BOARD 30*36 210GRAM,finished,0.0
2150,PBB221,BOX BOARD 19*31 230GRAM,finished,0.0
2153,PBB224,BOX BOARD REEL SIZE 28 190 GRAM (S.E),finished,0.0
2154,PBB225,BOX BOARD 27*31 210GRAM,finished,0.0
2155,PBB226,BOX BOARD 26*38 210GRAM,finished,0.0
2157,PBB228,BOX BOARD 30*26 230 GRAM,finished,0.0
2159,PBB230,BOX BOARD 18*35 210 GRAM,finished,0.0
2160,PBB231,BOX BOARD 28*37 210GRAM,finished,0.0
2161,PBB232,BOX BOARD 38*28.5 210GRAM,finished,0.0
2163,PBB234,BOX BOARD 20*40 230 GRAM,finished,0.0
2164,PBB235,BOX BOARD 28*30 230 GRAM,finished,0.0
2165,PBB236,BOX BOARD REEL SIZE 25 190 GRAM (S.E),finished,0.0
2168,PBB239,BOX BOARD 22*41 230 GRAM,finished,0.0
2169,PBB240,BOX BOARD 31*27 230 GRAM,finished,0.0
2170,PBB241,BOX BOARD 27*37 230 GRAM,finished,0.0
2171,PBB242,BOX BOARD 22.5*33 230GRAM,finished,0.0
2172,PBB243,BOX BOARD SIZE 28*39 GRAM,finished,0.0
2174,PBB245,BOX BOARD 26*41 230GRAM,finished,0.0
2176,PBB247,BOX BOARD 28*39.5 230GRAM,finished,0.0
2178,PBB249,BOX BOARD 22*34 230 GRAM,finished,0.0
2179,PBB250,BOX BOARD 23*40 230 GRAM,finished,0.0
2182,PBB253,BOX BOARD REEL SIZE 29.5 190 GRAM,finished,0.0
2183,PBB254,BOX BOARD REEL SIZE 27.5 190 GRAM,finished,0.0
2185,PBB256,BOX BOARD REEL SIZE 18 190 GRAM,finished,0.0
2186,PBB257,BOX BOARD REEL SIZE 22.5,finished,0.0
2187,PBB258,BOX BOARD REEL SIZE 28.5,finished,0.0
2189,PBB260,BOX BOARD 21*32 230 GRAM,finished,0.0
2191,PBB262,BOX BOARD 24*23 230GRAM,finished,0.0
2192,PBB263,BOX BOARD 23*41 230GRAM,finished,0.0
2194,PBB265,BOX BOARD REEL SIZE 32,finished,0.0
2196,PBB267,BOX BOARD 28*31 230 GRAM,finished,0.0
2198,PBB269,BOX BOARD 21*31 210 GRAM,finished,0.0
2199,PBB270,BOX BOARD 36*29 210 GRAM,finished,0.0
2200,PBB271,BOX BOARD REEL SIZE 23.5,finished,0.0
2201,PBB272,BOX BOARD REEL SIZE 52,finished,0.0
2204,PBB276,BOX BOARD 29.5*37 230GRAM,finished,0.0
2205,PBB277,BOX BOARD 29.5*34 230GRAM,finished,0.0
2206,PBB278,BOX BOARD 16*40 230GRAM,finished,0.0
2208,PBB280,BOX BOARD 19*35 230 GRAM,finished,0.0
2209,PBB281,BOX BOARD 24*26 250GRAM,finished,0.0
2210,PBB282,BOX BOARD 21*40 250GRAM,finished,0.0
2211,PBB283,BOX BOARD 20*40 250GRAM,finished,0.0
2212,PBB284,BOX BOARD 23*40.5 250 GRAM,finished,0.0
2213,PBB285,BOX BOARD REEL SIZE 36,finished,0.0
2214,PBB286,BOX BOARD 25*24 250GRAM,finished,0.0
2215,PBB287,BOX BOARD 38*23 250GRAM,finished,0.0
2216,PBB288,BOX BOARD 26*32 250GRAM,finished,0.0
2219,PBB291,BOX BOARD REEL SIZE 32.5,finished,0.0
2220,PBB292,BOX BOARD 29*39 230GRAM,finished,0.0
2221,PBB293,BOX BOARD 38*24 250GRAM,finished,0.0
2222,PBB294,BOX BOARD 28*25 250GRAM,finished,0.0
2223,PBB295,BOX BOARD 27*23.5 250GRAM,finished,0.0
2224,PBB296,BOX BOARD 19*40.5 230GRAM,finished,0.0
2225,PBB297,BOX BOARD 38*28 230GRAM,finished,0.0
2226,PBB298,BOX BOARD 36*24 230 GRAM,finished,0.0
2227,PBB299,BOX BOARD 28*26 230GRAM,finished,0.0
2228,PBB300,BOX BOARD 27*23 250GRAM,finished,0.0
2229,PBB301,BOX BOARD 38*29 230GRAM,finished,0.0
2231,PBB303,BOX BOARD 26*34 230GRAM,finished,0.0
2232,PBB304,BOX BOARD 35*28 230GRAM,finished,0.0
2233,PBB305,BOX BOARD 24*40 230GRAM,finished,0.0
2234,PBB306,BOX BOARD 30*40  210 GRAM,finished,0.0
2235,PBB307,BOX BOARD 23*41 210 GRAM,finished,0.0
2237,PBB309,BOX BOARD 30*34 230 GRAM,finished,0.0
2238,PBB310,BOX BOARD 27*24 250GRAM,finished,0.0
2239,PBB311,BOX BOARD 22*37 230GRAM,finished,0.0
2240,PBB312,BOX BOARD 24*32 230GRAM,finished,0.0
2269,PBD002,PLASTIC DRUM BLUE DEMAGE,finished,0.0
2276,PBP001,SUPER SUPREME COOKIES 24 HALF ROLL,finished,0.0
2277,PBP002,SUPER SUPREME COOKIES 24 SNACK PACK,finished,0.0
2278,PBP003,SUPER SUPREME COOKIES 24 TICKY PACK,finished,0.0
2279,PBP004,SUPER SUPREME COOKIES 18 TICKY PACK,finished,0.0
2280,PBP005,RICH ALMOND COOKIE 24 BOX TICKY PACK,finished,0.0
2281,PBP006,ONESTO MIX NIMKO,finished,0.0
2282,PBP007,RICH ALMOND COOKIE 24 BOX SNACK PACK,finished,0.0
2283,PBP008,SUPER SUPREME COOKIES 18 PCS SNACK PACK,finished,0.0
2285,PC0002,PAPER CONE 3*98.5,finished,0.0
2286,PC0003,PLASTIC CONE,finished,0.0
2287,PCR001,CORRUGATION ROLL SIZE 19,finished,0.0
2288,PCR002,CORRUGATION ROLL SIZE 20,finished,0.0
2289,PCR003,CORRUGATION ROLL SIZE 21,finished,0.0
2290,PCR004,CORRUGATION ROLL SIZE 23,finished,0.0
2291,PCR005,CORRUGATION ROLL SIZE 24,finished,0.0
2292,PCR006,CORRUGATION ROLL SIZE 25,finished,0.0
2293,PCR007,CORRUGATION ROLL SIZE 26,finished,0.0
2294,PCR008,CORRUGATION ROLL SIZE 27,finished,0.0
2295,PCR009,CORRUGATION ROLL SIZE 29,finished,0.0
2296,PCR010,CORRUGATION ROLL SIZE 29.5,finished,0.0
2297,PCR011,CORRUGATION ROLL SIZE 30,finished,0.0
2298,PCR012,CORRUGATION ROLL SIZE 31,finished,0.0
2299,PCR013,CORRUGATION ROLL SIZE 34,finished,0.0
2300,PCR014,CORRUGATION ROLL SIZE 35,finished,0.0
2301,PCR015,CORRUGATION ROLL SIZE 36,finished,0.0
2302,PCR016,CORRUGATION ROLL SIZE 37,finished,0.0
2303,PCR017,CORRUGATION ROLL SIZE 38,finished,0.0
2304,PCR018,CORRUGATION ROLL SIZE 38.5,finished,0.0
2305,PCR019,CORRUGATION ROLL SIZE 22,finished,0.0
2306,PCR020,CORRUGATION ROLL SIZE 28,finished,0.0
2307,PCR021,CORRUGATION ROLL SIZE 17,finished,0.0
2308,PCR022,CORRUGATION ROLL SIZE 33,finished,0.0
2309,PCR023,CORRUGATION ROLL SIZE 18,finished,0.0
2310,PCR024,CORRUGATION ROLL SIZE 32,finished,0.0
2311,PCR025,CORRUGATION ROLL SIZE 33.5,finished,0.0
2312,PCR026,CORRUGATION ROLL SIZE 31.5,finished,0.0
2313,PCR027,CORRUGATION ROLL SIZE 12,finished,0.0
2314,PCR028,CORRUGATION ROLL SIZE 13,finished,0.0
2315,PCR029,CORRUGATION ROLL SIZE 14,finished,0.0
2316,PCR030,CORRUGATION ROLL SIZE 10,finished,0.0
2317,PCR031,CORRUGATION ROLL SIZE 16,finished,0.0
2318,PCR032,CORRUGATION ROLL SIZE 15,finished,0.0
2319,PCR033,CORRUGATION ROLL SIZE 11,finished,0.0
2320,PCR034,CORRUGATION ROLL SIZE 52 PLANT,finished,0.0
2321,PCR035,CORRUGATION ROLL SIZE 50,finished,0.0
2322,PCR036,CORRUGATION ROLL SIZE 53,finished,0.0
2323,PCR037,CORRUGATION ROLL SIZE 41,finished,0.0
2324,PCR038,CORRUGATION ROLL SIZE 42,finished,0.0
2325,PCR039,CORRUGATION ROLL SIZE 54,finished,0.0
2326,PCR040,CORRUGATION ROLL SIZE 44,finished,0.0
2327,PCR041,CORRUGATION ROLL SIZE 48,finished,0.0
2328,PCR042,CORRUGATION ROLL SIZE 19.5,finished,0.0
2329,PCR043,CORRUGATION ROLL SIZE 39,finished,0.0
2330,PCR044,CORRUGATION ROLL SIZE 49,finished,0.0
2331,PCS012,SHANDAR PAYALA CTN 60 PCS C4 P3 LN,finished,0.0
2339,PDF007,DECENT CEILING BODY PERFECT BOX C4 P5 LY,finished,0.0
2347,PDF015,DECENT SUPER POWER PEDISTAL BODY GREEN C4 P5 LY,finished,0.0
2357,PDF025,DECENT SUPER POWER BASE GREEN BOX  C4 P3 LN,finished,0.0
2367,PDF035,CROWN STAR ANTIQUE CELING BODY C4 P5 LY,finished,0.0
2368,PDF036,DECENT CEILING BODY CARRO MODEL BOX C4 P5 LY,finished,0.0
2369,PDF037,DECENT CEILING BODY H.R CARRO MODEL BOX C4 P5 LY,finished,0.0
2370,PDF038,DECENT CEILING BODY CROWN STAR CARRO MODEL BOX C4 P5 LY,finished,0.0
2373,PDF041,G.M MODEL CEILING BODY CARRO P5 C4 LY,finished,0.0
2376,PDF044,"CARRO PEDISTAL BODY DECENT 24"" P5 C4 LY",finished,0.0
2380,PDF048,DECENT SUPER SHAYAN CEILING BODY AC/DC C4 P5 LY,finished,0.0
2381,PDF049,DECENT SUPER SHAYAN CEILING BLADE C4 P3 LN,finished,0.0
2382,PDF050,DECENT PERFECT CEILING BODY C4 P5 LY,finished,0.0
2383,PDF051,G.M ANTIQUE CELLING BODY C4 P5 LY,finished,0.0
2384,PDF052,G.M DELUX CEILING BODY C4 P5 LY,finished,0.0
2385,PDF053,DECENT LAHORE MODEL CEILING BODY P5 C4 LY,finished,0.0
2386,PDF054,DECENT LAHORE MODEL CEILING BLADE P3 C4 LN,finished,0.0
2387,PDF055,DECENT MCTN BLADE LAHORE MODEL (WHITE PLAIN) P3,finished,0.0
2388,PDF056,BLADE DECENT SHAYAN GREEN P3 C4,finished,0.0
2389,PDF057,DECENT SHAYAN BODY GREEN C4 P5 LY,finished,0.0
2390,PDF058,DECENT CROWN BODY C4 P5 LY,finished,0.0
2391,PDF059,DECENT CROWN BLADE C4 P3,finished,0.0
2394,PDF062,BLADE PETI CARRO MODEL 10 IN1 SADA KHAKI P3,finished,0.0
2395,PDF063,DECENT SUPER SHAYAN NEW BODY C4 P5 LY,finished,0.0
2396,PDF064,DECENT SUPER SHAYAN NEW BLADE C4 P3,finished,0.0
2397,PDF065,ALJADEED CLASSIC DELUXE CEILING BODY C4 P5 LY,finished,0.0
2398,PDF066,DECENT MAGNUM CEILING BODY C4 P5 LY,finished,0.0
2399,PDF067,DECENT MAGNUM CEILING BLADE C4 P3,finished,0.0
2400,PDF068,DECENT CEILLING BODY AC/DC RED C4 P5 LY,finished,0.0
2401,PDF069,DECENT CEILLING BLADE AC/DC RED C4 P3 LN,finished,0.0
2402,PDF070,DECENT BODY CEILLING SAPHIRE MODEL C4 P5 LY,finished,0.0
2403,PDF071,DECENT BLADE CEILLING SAPHIRE MODEL C4 P3,finished,0.0
2406,PDF074,DECENT SOLAR PEDISTAL BODY C4 P5,finished,0.0
2407,PDF075,DECENT SOLAR PEDISTAL ROD C4 P3,finished,0.0
2408,PDF076,DECENT SOLAR PEDISTAL BASE C4 P3,finished,0.0
2410,PDF078,DECENT CROWN CEILLING  BODY (ANTEEK SIZE)C4 P5 LY,finished,0.0
2411,PDF079,DECENT CROWN CEILLING  BLADE SMALL C4 P3,finished,0.0
2412,PDF080,CEILING  BODY SADA P5,finished,0.0
2413,PDF081,CEILLING BLADE SADA P3,finished,0.0
2416,PDF084,CEILLING M.CTN 3IN1 KHAKI SADA P5,finished,0.0
2419,PDF087,LG CEILLING BODY DEY CRISTAL C4 P5,finished,0.0
2420,PDF088,CROWN STAR PLUS OVATE CEILLING BODY C4 P5 LY,finished,0.0
2433,PDS005,SANYO CEILING BODY C4 P5 (W/O LM),finished,0.0
2434,PDS006,SANYO CEILING BLADE C4 P3 LN,finished,0.0
2437,PDS009,H.L CEILING BODY C4 P5 LY,finished,0.0
2438,PDS010,H.L CEILING BLADE C4 P3 LN,finished,0.0
2439,PDS011,DFC CEILING BODY 5P 4CLR WITHOUT LAMINATION,finished,0.0
2440,PDS012,DANISH FAN LAHORE MODEL CEILING BODY C4 P5 LY,finished,0.0
2441,PDS013,DANISH FAN LAHORE MODEL CEILING BLADE C4 P3,finished,0.0
2449,PEC001,SADA MUG DIBI KHAKI P3 LN,finished,0.0
2450,PER008,AL FIRDOUSE TIKKA MACRONI 2 IN 1 P5 C2,finished,0.0
2451,PES001,SCHOOL SHOES BOX 265*165*100 C4 P3,finished,0.0
2452,PES002,EASTERN M.CTN 515*420*285 KHAKI C1 P5,finished,0.0
2453,PES003,SAGE SHOES BOX 265*165*100,finished,0.0
2454,PES004,SAGE SHOES M.CTN 12 PCS 515*420*285 KHAKI 5PLY 1 CLR,finished,0.0
2457,PET003,PET SIZE 715MM 12 MICRON,finished,0.0
2458,PET004,PET SIZE 620MM 12 MICRON,finished,0.0
2469,PET015,PET SIZE 650MM 12 MICRON,finished,0.0
2471,PET017,PET SIZE 840MM 12MICRON,finished,0.0
2472,PET018,PET SIZE 870MM 12MICRON,finished,0.0
2475,PET021,PET SIZE 535MM 12 MICRON,finished,0.0
2477,PET023,PET SIZE 800MM 12 MICRON,finished,0.0
2480,PET026,M.PET SIZE 765MM 12 MICRON,finished,0.0
2481,PET027,PET SIZE 550MM 12 MICRON,finished,0.0
2482,PET028,M.PET 680 (GOLD GLEAM),finished,0.0
2484,PET030,PET SIZE 915MM 12 MICRON,finished,0.0
2485,PET031,PET SIZE 760MM 12 MICRON,finished,0.0
2486,PET032,PET SIZE 850MM 12 MICRON,finished,0.0
2487,PET033,PET SIZE 935MM 12 MICRON,finished,0.0
2488,PET034,PET SIZE 525MM 12 MICRON,finished,0.0
2489,PET035,WINDOW PET 735MM 12 MICRON,finished,0.0
2491,PET037,M.PET SIZE 435MM 12 MICRON,finished,0.0
2493,PET039,PET SIZE 570MM 12 MICRON,finished,0.0
2494,PET040,PET SIZE 965MM 12 MICRON,finished,0.0
2496,PET042,M.PET SIZE 610MM 12 MICRON,finished,0.0
2497,PET043,M.PET SIZE 755MM 12 MICRON,finished,0.0
2498,PET044,HOLO M.PET 700MM 12MICRON,finished,0.0
2499,PET045,HOLO M.PET 500MM 12MICRON,finished,0.0
2500,PET046,HOLO M.PET 765MM 12MICRON,finished,0.0
2501,PET047,PET SIZE 852MM 12 MICRON,finished,0.0
2502,PET048,PET SIZE 860MM 12 MICRON,finished,0.0
2503,PET049,M.PET SIZE 570MM 12 MICRON,finished,0.0
2504,PET050,M.PET SIZE 510MM 12 MICRON,finished,0.0
2505,PET051,M.PET SIZE 480MM 12 MICRON,finished,0.0
2506,PET052,M.PET SIZE 810MM 12 MICRON,finished,0.0
2507,PET053,M.PET SIZE 635MM 12 MICRON,finished,0.0
2509,PET055,M.PET SIZE 720MM 12 MICRON,finished,0.0
2511,PET057,M.PET SIZE 1015MM 12MICRON,finished,0.0
2512,PET058,PET SIZE 880MM 12MICRON,finished,0.0
2513,PET059,PET SIZE 770MM 12MICRON,finished,0.0
2514,PET060,PET SIZE 775MM 12MICRON,finished,0.0
2515,PET061,PET SIZE 735MM 12MICRON,finished,0.0
2517,PET063,PET SIZE 580MM 12MICRON,finished,0.0
2518,PET064,PET SIZE 685MM 12MICRON,finished,0.0
2519,PET065,PET SIZE 655MM 12MICRON,finished,0.0
2520,PET066,PET SIZE 770MM 15MICRON,finished,0.0
2521,PET067,M.PET SIZE 520MM 12MICRON,finished,0.0
2522,PET068,M.PET SIZE 920MM 12MICRON,finished,0.0
2523,PET069,M.PET SIZE 625MM 12MICRON,finished,0.0
2524,PET070,PET SIZE 500MM 12MICRON,finished,0.0
2525,PET071,PET SIZE 795MM 12MICRON,finished,0.0
2526,PET072,PET SIZE 802MM 12MICRON,finished,0.0
2527,PET073,PET SIZE 900MM 12MICRON,finished,0.0
2528,PET074,PET SIZE 815MM 12MICRON,finished,0.0
2529,PET075,PET SIZE 635MM 12 MICRON,finished,0.0
2530,PET076,PET SIZE 590MM 12MICRON,finished,0.0
2531,PET077,M.PET SIZE 780MM 12MICRON,finished,0.0
2532,PET078,M.PET SIZE 820MM 12MICRON,finished,0.0
2533,PET079,PET SIZE 465MM 12MICRON,finished,0.0
2534,PET080,M.PET SIZE 890MM 12MICRON (HOLOGRAPIC),finished,0.0
2535,PET081,PET SIZE 750MM 12MICRON,finished,0.0
2536,PET082,M.PET SIZE 460MM 12MICRON,finished,0.0
2537,PET083,M.PET SIZE 620MM 12MICRON,finished,0.0
2546,PFR002,AL FIRDOUS MACARONI C3 P1 LN,finished,0.0
2547,PFR003,AL FIRDOUS ELBOW MACARONI  CLASSIC KHAKI C2 P5 LN,finished,0.0
2549,PFR005,AL FIRDOUS MACARONI PREMIUM 400 GRAM C2 P5 LN,finished,0.0
2552,PFR008,AL FIRDOUS BRILLO SPIRAL CTN C1 P3,finished,0.0
2555,PFR011,AL FIRDOUS VERMICELLI KHAKI SADA P5,finished,0.0
2559,PGB004,PAKISTANI JUICER DIBBI KHAKI SADA P3,finished,0.0
2561,PGB006,L.L SAIDA PAKISTANI JUICER MUG J-3 M.CTN KHAKI C1 P3,finished,0.0
2562,PGB007,MUG CHINA JUICER DIBBI EXPORT KHAKI P5,finished,0.0
2563,PGB008,PAKISTANI JUICER MAG DIBI KHAKI 5 PLY (EXPORT),finished,0.0
2564,PGB009,KOLI DIBBI KHAKI SADA P3,finished,0.0
2565,PGB010,SHAFQAT TARDERS MUG CTN 96PCS KHAKI C1 P3,finished,0.0
2567,PGB012,MUG SHAPE CTN 96PCS LOSE PACKING C1 P3,finished,0.0
2568,PGB013,GREEN MUG SHAPE CTN 96PCS LOSE PACKING C1 P3,finished,0.0
2569,PGB014,MUG SHAPE DIBI KHAKI SADA,finished,0.0
2570,PGB015,STC MUG SHAPE PETI KHAKI CI P3,finished,0.0
2573,PGB018,LL SAIDA CTN 96PCS MUG SHAPE LOSE KHAKI C1 P3,finished,0.0
2574,PGB019,LEMON SHAPE CUP SAUCER DIBBI C4 P3,finished,0.0
2575,PGB020,LEMON SHAPE SAUCER PACKING SADA P3,finished,0.0
2576,PGB021,LEMON SHAP CUP SAUCER M.CTN 4 DOZEN KHAKI C1 P3,finished,0.0
2578,PGB023,J3-M.CTN-EXPORT MUG KHAKI C1 P5,finished,0.0
2579,PGB024,J4-M.CTN-EXPORT MUG KHAKI C1 P5,finished,0.0
2580,PGB025,BOWL DIBBI LARGE SADA P3,finished,0.0
2581,PGB026,SMALL BOWL DIBBI KHAKI SADA P3,finished,0.0
2582,PGB027,GREEN BOWL CTN 6 DOZEN KHAKI SMALL C1 P3,finished,0.0
2583,PGB028,GREEN BOWL CTN 6 DOZEN KHAKI LARGE C1 P3,finished,0.0
2584,PGB029,MUG PETI KHAKI GREEN BONE CHINA 96PC LOSE C1 P3,finished,0.0
2586,PGB031,CHINA SHAPE (DEY-MUG SHAPE) CTN 96PCS LOSE PACKING C1 P3,finished,0.0
2587,PGB032,L.L SAIDA (DEY-MUG SHAPE) CTN 96PCS LOSE PACKING C1 P3,finished,0.0
2588,PGB033,EXPORT CTN P5 16X27,finished,0.0
2589,PGB034,EXPORT CTN P5 13X32,finished,0.0
2590,PGB035,EXPORT CTN P5 22*34,finished,0.0
2591,PGB036,EXPORT CTN P5 23*34,finished,0.0
2592,PGB037,EXPORT CTN P5 19X35,finished,0.0
2593,PGB038,SMALL PAYALI DIBBI KHAKI SADA P3,finished,0.0
2594,PGB039,SADA CTN 96PCS DIE MUG SHAPE LOSE P3,finished,0.0
2597,PGB042,MUG SHAPE SAUCER PACKING SADA P3,finished,0.0
2598,PGB043,MUG CTN CHIRAGH SMALL 60PCS KHAKI C1 P3,finished,0.0
2599,PGB044,GREEN BONE CUP SAUCER DIBBI C4 P3,finished,0.0
2600,PGB045,BOLLAN CUP SAUCER DIBBI C4 P3,finished,0.0
2601,PGB046,GREEN BONE CUP SAUCER M.CTN 4 DOZEN C1 P3,finished,0.0
2602,PGB047,BOLAN CUP SAUCER M.CTN 4 DOZEN KHAKI C1 P3,finished,0.0
2604,PGB049,MILK POT DABBI SADA P3,finished,0.0
2605,PGB050,SUGAR POT DABBI SADA P3,finished,0.0
2606,PGB051,PAKISTANI JUICER MUG J-3 M.CTN SADA KHAKI C1 P3,finished,0.0
2607,PGB052,J-3 GREEN LOSE MUG CTN 60PCS C1 P3,finished,0.0
2608,PGB053,GREEM MUG SHAPE CUP SAUCER M.CTN KHAKI C1 P3,finished,0.0
2609,PGB054,J-4 GREEN MUG CTN LOSE 60PCS KHSKI C1 P3,finished,0.0
2610,PGB055,J-5 MUG M.CTN 60PCS LOSE GREEN KHAKI C1 P3,finished,0.0
2611,PGB056,J-5 MUG M.CTN 60PCS LOSE L.L SAIDA KHAKI C1 P3,finished,0.0
2612,PGB057,LL SAIDA 96PCS MUG CTN LOSE SMALL KHAKI C1 P3,finished,0.0
2613,PGB058,SADA 96PCS MUG CTN LOSE SMALL KHAKI C1 P3,finished,0.0
2618,PGB063,GREEN COFFEE MUG J-4 M.CTN 2DOZAN C1 P3,finished,0.0
2619,PGB064,PAKISTANI COFFEE MUG DIBBI KHAKI C1 P3,finished,0.0
2674,PGF016,GUJRAT CEILING BODY LAHORE MODEL C4 P5 LY,finished,0.0
2675,PGF017,TESCO  CEILING BODY  BOX C4 P5 LY,finished,0.0
2676,PGF018,TESCO CEILING BLADE C4 P3 LN,finished,0.0
2678,PGF020,GUJRAT CEILING BLADE BLUE C4 P3,finished,0.0
2689,PGF031,GUJRAT BRACKET BODY C4 P5,finished,0.0
2690,PGF032,GUJRAT BRACKET GUARD CTN 18INCH C4 P5,finished,0.0
2691,PGF033,SOLAR PEDISTAL BODY C4 P3 LY,finished,0.0
2697,PGH006,GHOUSIA PEDISTAL BODY C4 P5 LY,finished,0.0
2704,PGH013,PRADO MARVE CEILLING BODY C4 P5 LY,finished,0.0
2705,PGH014,IBS CEILLING BODY ICON C4 P5 LY,finished,0.0
2706,PGH015,HLC PEDISTAL BODY C4 P5 LY,finished,0.0
2709,PGH018,MISHAL PEDISTAL BODY C4 P5 LY,finished,0.0
2715,PGN001,GN DETERGENT KHADKI 500/24 P5,finished,0.0
2716,PGN002,GN DETERGENT KHADKI 1000/12 P5,finished,0.0
2717,PGS001,LAER SOAP LEMON 48 PCS,finished,0.0
2718,PGS002,LAER SOAP ORANGE 48 PCS,finished,0.0
2719,PGS003,LAER SOAP STRAWBERRY  48 PCS,finished,0.0
2720,PGS004,LAER SOAP PINK KHAKI C1 P3 LN,finished,0.0
2721,PGS005,LAER SOAP PEACH  48 PCS,finished,0.0
2722,PGS006,LEAR LIQUID LEMON 1 LTR / 12 C4 P3 LN,finished,0.0
2723,PGS007,LEAR LIQUID ORANGE 1 LTR / 12 C4 P3 LN,finished,0.0
2724,PGT001,SONIC STAR CEILLING BODY C4 P5 LY,finished,0.0
2725,PGT002,SONIC STAR CEILLING BLADE C4 P3 LN,finished,0.0
2726,PGT003,SONIC STAR BLADE PETTI C1 P5,finished,0.0
2727,PGT004,PAK ATLAS CEILLING BLADE C4 P3 LY,finished,0.0
2729,PGT006,PAK ATLAS ROD WRAPER C4 LY,finished,0.0
2730,PGT007,PAK ATLAS BASE WRAPER C4 LY,finished,0.0
2731,PGT008,PAK ATLAS T.C.P P/F BODY C4 P3 LY,finished,0.0
2734,PGT011,BLADE PETI LARGE KHAKI P5,finished,0.0
2735,PGT012,GOLDEN STAR TCP PEDISTAL BODY C4 P3 LY,finished,0.0
2736,PGT013,ROD PETTI 10PCS LARGE C1 P5,finished,0.0
2737,PGT014,ROD PETTI 10PCS MEDIUM C1 P5,finished,0.0
2738,PGT015,ROD PETTI 10PCS SMALL C1 P5,finished,0.0
2739,PGT016,SONIC STAR PEDISTAL BODY TCP C4 P3 LY,finished,0.0
2740,PGT017,SONIC STAR PEDISTAL ROD WRAPER TCP C4 P3 LY,finished,0.0
2741,PGT018,SONIC STAR PEDISTAL BASE WRAPER TCP C4 P3 LY,finished,0.0
2742,PGT019,GULF STAR PEDISTAL BODY C4 P3 LY,finished,0.0
2743,PGT020,GULF STAR PEDISTAL MOTOR M.CTN 4IN1 C4 P5 LY,finished,0.0
2744,PGT021,GULF STAR ROD WRAPER C4 LY,finished,0.0
2745,PGT022,GULF STAR BASE  WRAPER C4 LY,finished,0.0
2746,PGT023,GOLDEN STAR ROD WRAPER C4 LY,finished,0.0
2747,PGT024,GOLDEN STAR BASE WRAPER C4 LY,finished,0.0
2749,PGT026,"A STAR PEDISTAL BODY 24"" C4 P3 LY",finished,0.0
2750,PGT027,A STAR PEDISTAL BODY M.CTN 4IN1 C4 P5 LY,finished,0.0
2751,PGT028,"A STAR PEDISTAL BASE 24"" C4 P3 LY",finished,0.0
2752,PGT029,"A STAR PEDISTAL ROD WRAPER 24"" C4",finished,0.0
2753,PGT030,"METRO GULF PEDISTAL BODY 24"" C4 P3 LY",finished,0.0
2754,PGT031,"METRO GULF PEDISTAL BASE 24"" C4 P3 LY",finished,0.0
2755,PGT032,"METRO GULF PEDISTAL ROD WRAPER 24"" C4",finished,0.0
2756,PGT033,METRO GULF M.CTN 4IN1 PEDISTAL MOTER C4 P5 LY,finished,0.0
2757,PGT034,"GOLDEN STAR PEDISTAL BODY 24"" C2 P5 LY",finished,0.0
2758,PGT035,"GOLDEN STAR PEDISTAL ROD WRAPER 24"" C2",finished,0.0
2759,PGT036,"GOLDEN STAR PEDISTAL BASE 24"" C2 P3",finished,0.0
2760,PHA001,FINE-1 KHAKI C1 P5,finished,0.0
2761,PHA002,50MM KHAKI CTN 5-PLY,finished,0.0
2762,PHA003,7 STAR KHAKI CTN 5-PLY BLACK,finished,0.0
2763,PHA004,7 STAR KHAKI CTN 5-PLY RED,finished,0.0
2764,PHA005,7 STAR KHAKI CTN 5-PLY BROWN,finished,0.0
2765,PHA006,STAR LEMON BAR 72 TIKKI KHAKI C2 P3,finished,0.0
2766,PHA007,STAR LEMON BAR 48 TIKKI KHAKI C2 P3,finished,0.0
2767,PHA008,STAR LEMON LONGBAR 36 TIKKI KHAKI C2 P3,finished,0.0
2768,PHA009,FINE 1 CTN NEW SIZE KHAKI C1 P5,finished,0.0
2770,PHI001,HONEY ICE CREAM SADA P3,finished,0.0
2771,PHS001,TURKEY BEAUTY SOAP 48 PIECES,finished,0.0
2774,PHS004,SHINE DETERGENT EMPTY CTN RS.100,finished,0.0
2777,PIA001,SAFA DISHWASH LIQUID 800G*12 C4 P5 LY,finished,0.0
2778,PIA002,SAFA DISHWASH LIQUID 1500G*8 C4 P5 LY,finished,0.0
2779,PIA003,HUMBER DISHWASH LIQUID 1500G*8 C4 P5 LY,finished,0.0
2780,PIA004,HUMBER DETERGENT 1KG*12PACK  C4 P5 LY,finished,0.0
2784,PIC003,ICE CREAM SHEET 11.5*8.5,finished,0.0
2786,PIF002,IKEA CEILING CAPRY BODY BOX C4 P5 LY,finished,0.0
2787,PIF003,"IKEA CEILING MODEL 1,2 BODY BOX C4 P5 LY",finished,0.0
2789,PIF005,IKEA CEILING DELUX BLADE BOX C4 P3 LN,finished,0.0
2793,PIF009,IKEA BLADE LARGE BOX 10IN1 C1 P3 LN,finished,0.0
2794,PIF010,"IKEA PEDISTAL BODY24"" BOX C4 P5 LY",finished,0.0
2796,PIF012,IKEA REHAN T.C.P PEDISTAL BODY BOX C4 P3 LN,finished,0.0
2798,PIF014,IKEA T.C.P PEDISTAL ROD BOX C4 P3 LN,finished,0.0
2805,PIF021,AFSAR CEILING BODY CAPRI MODEL C4 P5,finished,0.0
2806,PIF022,AFSAR UNIVERSAL BLADE C4 P3,finished,0.0
2807,PIF023,AFSAR CEILING BODY KARACHI MODEL C4 P5 PLY,finished,0.0
2811,PIS004,PAKEEZA SALT 600GRAM C5 P5 LN,finished,0.0
2813,PIS006,UNIVERS SALT C4 P5 LN,finished,0.0
2814,PIS007,ZAIFA SALT CTN 5 PLY 4 CL KHAKI,finished,0.0
2815,PIS008,RAPER ZAIFA SALT 800GRAM,finished,0.0
2820,PIT001,SUPER CLASS PIYALI 100PCS C4 P3 LN,finished,0.0
2821,PIT002,SUPER CLASS PAYALI CTN SADA KHAKI P3,finished,0.0
2822,PIT003,SUPER CLASS PAYALI CTN KHAKI 2C P5,finished,0.0
2824,PKC-001,J 03 MUG CTN 5 DOZEN KHAKI C1 P3,packaging,0.0
2825,PKC002,APPLE STAR MUG CARTON 5 DOZ KHAKI C1P3,packaging,0.0
2826,PKC003,MCT MUG CARTON 5 DOZ KHAKI C1P3,packaging,0.0
2827,PKC004,KOLI DABI SADA KHAKI P3,packaging,0.0
2828,PKC005,APPLE STAR M-80 MUG PATTI 8 DOZAN P3 C1,packaging,0.0
2829,PKC006,MCT M-80 MUG PATTI 8 DOZAN P3 C1,packaging,0.0
2831,PKC008,PORTLAND CUP SAUCER DIBI 4CLR 3PLY,packaging,0.0
2832,PKC009,PORTLAND CUP SAUCER M.CTN 4DZN KHAKI C1 P3,packaging,0.0
2833,PKC010,GRAY'S POTTERY  CUP SAUCER DIBI 4CLR 3PLY,packaging,0.0
2834,PKF001,MINI BUTTER TOFFEE 24 BOXES,packaging,0.0
2835,PKF002,BIG BUTTER TOFFEE 24 BOXES,packaging,0.0
2836,PKF003,MIX FLAVORS CHEW 1*18*200,packaging,0.0
2837,PKF004,MONSTA CHEW TOFFEE,packaging,0.0
2838,PKF005,MULTI HOCOS,packaging,0.0
2839,PKF006,FLAVOURED ROLLER,packaging,0.0
2843,PKS004,LASHKARA DETERGENT 400/12 C4 P3 LN,packaging,0.0
2844,PKS005,LASHKARA DETERGENT 200/24 CTN C4 P5 LN,packaging,0.0
2845,PKS006,LASHKARA DETERGENT 55/72 CTN C4 P3 LN,packaging,0.0
2846,PKS007,LASHKARA DETERGENT 55/48 CTN C4 P3 LN,packaging,0.0
2847,PKS008,PUNJAB DISHWASH 120/36 CTN C4 P3 LN,packaging,0.0
2848,PKS009,RING DISHWASH 120/36 CTN C4 P3 LN,packaging,0.0
2850,PKS011,TRAIN DISHWASH 60/72 CTN C4 P3 LN,packaging,0.0
2851,PKS012,PUNJAB DISHWASH 130/72 CTN C4 P3 LN,packaging,0.0
2852,PKS013,RING DISHWASH 60/72 CTN C4 P3 LN,packaging,0.0
2853,PKS014,RIM DISHWASH 60/72 CTN C4 P3 LN,packaging,0.0
2854,PKS015,PUNJAB DISHWASH 60/36 CTN C4 P3 LN,packaging,0.0
2855,PKS016,TAIGON DISHWASH 130/36 CTN C4 P3 LN,packaging,0.0
2856,PKS017,TRAIN LONG BAR 390/24 CTN C4 P3 LN,packaging,0.0
2857,PKS018,RING GOLA DISHWASH 180/36 CTN C4 P3 LN,packaging,0.0
2858,PKS019,RING DISHWASH 300/24 CTN C2 P3 LN,packaging,0.0
2859,PKS020,RING GOLA DISHWASH 140/36 CTN C4 P3 LN,packaging,0.0
2860,PKS021,BRILLO DISHWSH 90/72 CTN C4 P3 LN,packaging,0.0
2861,PKS022,AROOJ DISHWASH 300/24 CTN C4 P3 LN,packaging,0.0
2862,PKS023,AROOJ DISHWASH LONG BAR 300/24 CTN C4 P3 LN,packaging,0.0
2863,PKS024,RING DISHWASH 140/48 CTN C4 P3 LN,packaging,0.0
2864,PKS025,TRAIN DETERGENT 1KG/12 CTN C2 P5 LN,packaging,0.0
2865,PKS026,TRAIN DETERGENT 500/24 CTN C2 P5 LN,packaging,0.0
2866,PKS027,TAIGON DISHWASH 120/36 CTN C4 P3 LN,packaging,0.0
2867,PKS028,TAIGON DISHWASH 24 PCS CTN C4 P3 LN,packaging,0.0
2868,PKS029,BRILLO DISHWASH LIQ LEMON CTN C4 P3 LN,packaging,0.0
2869,PKS030,BRILLO DISHWASH LIQ ORANGE CTN C4 P3 LN,packaging,0.0
2870,PKS031,BRILLO DISHWASH 204/48 CTN C4 P3 LN,packaging,0.0
2871,PKS032,RAHIL 1 KG/15 CTN C4 P5 LY,packaging,0.0
2872,PKS033,RAHIL 800/12 CTN C4 P5 LY,packaging,0.0
2873,PKS034,RAHIL 3 KG/5 CTN C4 P5 LY,packaging,0.0
2874,PKS035,BRILLO DISHWASH LIQ GREEN CTN C4 P3 LN,packaging,0.0
2875,PKS036,CARTOON HAPPY DISHWASH LIQUID (LEMON),packaging,0.0
2876,PKS037,CARTOON HAPPY DISHWASH LIQUID (ORANGE),packaging,0.0
2877,PKS038,CARTOON HAPPY DISHWASH LIQUID (GREEN),packaging,0.0
2878,PKS039,RIM DISH 120/36 BOX C4 P3 LN,packaging,0.0
2879,PKS040,PUNJAB DISHWASH 120/96 CTN C4 P3 LN,packaging,0.0
2880,PKS041,TIEGON DISH 72 PCE P3 C4 LN,packaging,0.0
2881,PKS042,TRAIN DETERGENT 12 PACK C1 P5 LN,packaging,0.0
2882,PKS043,TRAIN DETERGENT 24 PACK C1 P5 LN,packaging,0.0
2883,PKS044,RING DISHWASH GOLA 125/36 C3 P3 LN,packaging,0.0
2884,PKS045,BACHAT DISHWASH 120/36 C4 P3 LN,packaging,0.0
2885,PKS046,Bachat BLEECH 630/12 C4 P3 LN,packaging,0.0
2886,PKS047,Bachat 500/12 C4 P3 LN,packaging,0.0
2887,PKS048,JAGMAG DETERGENT CRTN 280GRAM C4 P3 LN,packaging,0.0
2888,PKS049,JAGMAG DETERGENT CRTN 140 GRAM C4 P3 LN,packaging,0.0
2889,PKS050,BAHAR DISHWASH 240/24 C4 P3 LN,packaging,0.0
2890,PKS051,BAHAR DISHWASH 120/36 C4 P3 LN,packaging,0.0
2891,PKS052,BACHAT DISHWASH 240/36 C4 P3 LN,packaging,0.0
2892,PKS053,BACHAT DETERGENT 50/48,packaging,0.0
2893,PKS054,GB VERMICELLI C1 P3 LN,packaging,0.0
2894,PKS055,BAHAR RAPESEED OIL C4 P3 LN,packaging,0.0
2895,PKS058,JAGMAG DETERGENT 1000/12  NEW  C4 P3 LN,packaging,0.0
2896,PKS059,TRAIN DETERGENT 200GRAM P3,packaging,0.0
2897,PKS060,COTTON DETERGENT C4 P3 LN 72PCS,packaging,0.0
2898,PKS061,TRAIN DESHWASH 48 TIKKI C4 P3 LN,packaging,0.0
2899,PKS062,RING DISHWASH 48 TIKKI C2 P3 LN,packaging,0.0
2900,PKS063,TRAIN LONG BAR 24 TIKKI C2 P3 LN,packaging,0.0
2901,PKS064,CTNS LASHKARA DETERGENT 325/12,packaging,0.0
2902,PKS065,CTNS LASHKARA DETERGENT 700/5,packaging,0.0
2903,PKS066,JAGMAG 60/72 SASHAY CRTNS,packaging,0.0
2904,PKS067,CARTOON TRAIN DETERGENT 25/72,packaging,0.0
2905,PKS068,TRAIN DETERGENT 30 PACK C1 P5 LN,packaging,0.0
2906,PKS069,TRAIN DETERGENT 15 PACK C1 P5 LN,packaging,0.0
2907,PKS070,TRAIN 24 PACK KHAKI C1 P5 LN,packaging,0.0
2908,PKS071,JAGMAG 120 PACK C1 P5 LN,packaging,0.0
2909,PKS072,TRAIN 120 PACK KHAKI C1 P5 LN,packaging,0.0
2910,PKS073,GB VERMICELLI C1 P3 LN BOX BORAD,packaging,0.0
2911,PKS074,SAGA DETERGENT 12 PCS  C1 P5 LN,packaging,0.0
2912,PKS075,SAGA DISH 150/36 BOX C4 P3 LN,packaging,0.0
2913,PKS076,SAGA DETERGENT C4 P3 LN 72PCS,packaging,0.0
2914,PKS077,SAGA DISHWASH 120/72 CTN C4 P3 LN,packaging,0.0
2915,PKS078,SAGA DETERGENT 24 PACK KHAKI C1 P5 LN,packaging,0.0
2916,PKS079,SAGA DISH 75/36 C4 P3 LN,packaging,0.0
2917,PKS080,TRAIN DISHWASH JUMBO 300/24 C4 P3 LN,packaging,0.0
2918,PKS081,SAGA DISHWASH LIQ ORANGE CTN C4 P3 LN,packaging,0.0
2919,PKS082,JAGMAG DETERGENT 1000/12 KHAKI C1 P5 LN,packaging,0.0
2920,PKS083,PHOOL COOKING OIL 5LTR C4 P3 LN,packaging,0.0
2921,PKS084,KHAYYAM COOKING OIL 12LTRS C4 P3 LN,packaging,0.0
2922,PKS085,A.K COOKING OIL 900ML C4 P3,packaging,0.0
2923,PKS086,ISLAMABAD COOKING OIL 900ML C4 P3,packaging,0.0
2924,PKS087,AWAMI COOKING OIL C4 P3,packaging,0.0
2925,PKS088,ROSHAN COOKING OIL 900ML 12PACK,packaging,0.0
2926,PKS089,ZEENAT COOKING OIL,packaging,0.0
2927,PKS090,MAGIC CLEANER C4 P3 LN,packaging,0.0
2928,PKS091,BACHAT NIEL CTNS C2 P3 LN 200ML/24,packaging,0.0
2929,PKS092,TRAIN DETERGENT 55/48 CTN C4 P3 LN,packaging,0.0
2930,PKS093,RING MINI LONG BAR DISHWASH 48 pcs C2 P3 LN,packaging,0.0
2931,PKS094,BOXER HAND WASH C2 P5 LN KHAKI,packaging,0.0
2932,PKS095,BOXER DISHWASH 48 pcs C2 P3 LN KHAKI,packaging,0.0
2933,PKS096,BOXER DETERGENT 12 PCS KHAKI C2 P5 LN,packaging,0.0
2934,PKS097,JAGMAG DETERGENT 24 pcs KHAKI C1 P5 LN,packaging,0.0
2935,PKS098,FOJI COOKING OIL 5 LTR P3 C4 LY,packaging,0.0
2936,PKS099,PHOOL COOKING OIL 5 LTR P3 C4 LY,packaging,0.0
2937,PKS100,CARTOON LIQUID SIMPLE,packaging,0.0
2938,PKS101,BAHAR OIL CARTOON 12 BOTTLE,packaging,0.0
2939,PKS102,KHAKI SADA CTN P5,packaging,0.0
2940,PKS103,CARTON BACHAT DETERGENT 1KG/12,packaging,0.0
2942,PKS256,CARTOON PUNJAB LIQUID DISHWASH 500ML/12 (LEMON),packaging,0.0
2943,PKS257,CARTOON PUNJAB LIQUID DISHWASH 500ML/12 (ORANGE),packaging,0.0
2944,PKS258,LASHKARA 70/84 CRTN,packaging,0.0
2945,PKS259,TRAIN DETERGENT 24 PACK C1 P5 LN,packaging,0.0
2946,PKS260,PLAIN CTN P3,packaging,0.0
2947,PKS262,PLAIN CTN P3,packaging,0.0
2948,PKS263,PLAIN CTN P5,packaging,0.0
2949,PKS264,RAHIL LIQUID LEMON 1 LTR / 12 C4 P3 LN,packaging,0.0
2950,PKS265,BAHAR OIL CARTOON 6 BOTTLE,packaging,0.0
2951,PKS266,RAHIM GHEE 900/16 CTN C4 P5 LN,packaging,0.0
2952,PKS267,Fuel Tank CTN P5 Khaki,packaging,0.0
2953,PKS268,RAHIM GHEE 450/32 CTN C4 P5 LN,packaging,0.0
2954,PKS269,RAHIM GHEE 400/32 CTN C4 P5 LN,packaging,0.0
2955,PKS270,RAHIM GHEE 200/64 CTN C4 P5 LN,packaging,0.0
2956,PKS271,RAHIM GHEE 800/16 CTN C4 P5 LN,packaging,0.0
2958,PKS273,RAHIM GHEE 225*64,packaging,0.0
2959,PKS274,RAHIM GHEE 250*64,packaging,0.0
2960,PKS275,AITMAD GHEE 450/32,packaging,0.0
2961,PKS276,AITMAD GHEE 900/16,packaging,0.0
2962,PKS277,AITMAD GHEE 250 GRM,packaging,0.0
2963,PKS278,RAHIM GHEE 450 GRM*20,packaging,0.0
2964,PKS279,RAHIM GHEE 900 GRM*20,packaging,0.0
2965,PKS280,RAHIM GHEE 225 GRM*20,packaging,0.0
2966,PKS281,RAHIM GHEE 1KG*20,packaging,0.0
2967,PKS282,RAHIM GEE 500*32,packaging,0.0
2968,PKS283,AITMAD GHEE 225*64,packaging,0.0
2969,PKS284,RAHIM GHEE 500 GRM*20,packaging,0.0
2970,PKS286,BOXER LIQUID DISHKHAKI,packaging,0.0
2971,PKS287,BRILLO DISH WASH 72,packaging,0.0
2972,PKS291,BRILLO TOILET CLEANER 500ML P3,packaging,0.0
2973,PKS292,BRILLO TOILET CLEANER 250ML P3,packaging,0.0
2974,PKS293,MOMIN DETERGENT 5KG P5 CTN,packaging,0.0
2975,PKS294,MOMIN DETERGENT 3KG P5 CTN,packaging,0.0
2976,PKS295,MOMIN DETERGENT 1KG P5 CTN,packaging,0.0
2977,PKS296,ZORO TOILET CLEANER 500 ML,packaging,0.0
2978,PKS297,GLUE CTN C1 P5,packaging,0.0
2979,PKS298,SADA GLUE CTN KHAKI P5 (NEW SIZE),packaging,0.0
2980,PKS299,RING DISHWASH 70/36 EMPTY CTN,packaging,0.0
2982,PKS301,BACHAT TOILET CLEANER 250/24 CTN,packaging,0.0
2983,PKS302,BACHAT TOILET CLEANER 500/12 CTN,packaging,0.0
2984,PKS303,BOXER TOILET CLEANER 500/12 CTN,packaging,0.0
2985,PKS304,AITAMAD TOILET CLEANER 12 PCS,packaging,0.0
2986,PKS305,BRILLO DISH WASH 100/48 CARTON,packaging,0.0
2987,PKS306,BAHAR DISH WASH LIQUID LEMON,packaging,0.0
2988,PKS307,BAHAR DISH WASH LIQUID ORANGE,packaging,0.0
2989,PKS308,MEHAK VERMICELLI,packaging,0.0
2991,PKS310,ARHAWAN  LIQUID CTN 900/12,packaging,0.0
2992,PKS311,LASHKARA 1KG NEW,packaging,0.0
2993,PKS312,ARGHAWAN TOILET CLEANER C4 P3,packaging,0.0
2994,PKS313,TRAIN DISHWASH 180/24PCS,packaging,0.0
2995,PKS314,BOXER DISHWASH 24PCS,packaging,0.0
2996,PKS317,TRIAN DETERGENT 24 PAC C1 P3,packaging,0.0
2997,PKS318,RAHIL TOILET CLEANER C4 P3,packaging,0.0
2998,PKS320,BAHAR OIL CARTON 48 BOTTLE,packaging,0.0
2999,PKS321,BAHAR DISHWASH 48 TIKKI P3,packaging,0.0
3000,PKS322,HAPPY LUNDRY BAR 48 TIKKI P3,packaging,0.0
3001,PKS323,SKY WASH 1KG/12,packaging,0.0
3002,PKS324,SKY WASH 500/24,packaging,0.0
3003,PKS325,SKY WASH 240/30,packaging,0.0
3004,PKS326,SKY WASH 120/60,packaging,0.0
3005,PKS327,CTN BAHAR TOILET CLANER 500ML P3,packaging,0.0
3006,PKS328,CTN SKY WASH SHASAY P5,packaging,0.0
3007,PKS329,HAPPY DETERGENT 1KG,packaging,0.0
3009,PKS331,HAPPY DETERGENT 500GRAM,packaging,0.0
3010,PKS332,HAPPY DETERGENT RS.50,packaging,0.0
3011,PKS333,LASHKARA DETERGENT 180/48 P5,packaging,0.0
3012,PKS334,SAGA DISHWASH  24PCS,packaging,0.0
3013,PKS335,TRAIN DISHWASH GOLA 24PCS 4CLR P3V,packaging,0.0
3021,PKT001,POUCH BOX KHAKI CN P5 LN,packaging,0.0
3022,PKT002,BOTTLE BOX KHAKI CN P3 LN,packaging,0.0
3023,PKT003,TIGER 9 GROUT PLAN P5 LN,packaging,0.0
3024,PKT004,SUPER 9 GROUT CTN C 2 P 5 (CBB),packaging,0.0
3025,PKT005,WR 9-500 CTN C4 P5 LY,packaging,0.0
3026,PKT006,WP 9-750 CTN C4 P5 LY,packaging,0.0
3031,PLG001,MARJINA SOAP 6KG,finished,0.0
3032,PLG002,MARJINA SOAP 7KG,finished,0.0
3033,PLG003,MARJINA SOAP 8KG,finished,0.0
3034,PLG004,LARAIB FRUITY SOAP LEMON 48PCS C4 P3,finished,0.0
3035,PLG005,LARAIB FRUITY SOAP ORANGE 48PCS C4 P3,finished,0.0
3036,PLG006,LARAIB FRUITY SOAP PEACH 48PCS C4 P3,finished,0.0
3038,PLG008,LARAIB FRUITY SOAP LEMON 72PCS C4 P3,finished,0.0
3039,PLG009,LARAIB FRUITY SOAP ORANGE 72PCS C4 P3,finished,0.0
3040,PLG010,LARAIB FRUITY SOAP PEACH 72PCS C4 P3,finished,0.0
3041,PLG011,VIGO LUXERY SOAP CTN 48  KHAKI C1 P3,finished,0.0
3042,PLG012,VIGO LUXERY SOAP 72 PCS KHAKI C1 P3,finished,0.0
3044,PLR001,"LEMINATION REEL 7""",finished,0.0
3045,PLR002,"LEMINATION REEL 10""",finished,0.0
3046,PLR003,"LEMINATION REEL 19""",finished,0.0
3047,PLR004,"LEMINATION REEL 22""",finished,0.0
3048,PLR005,"LEMINATION REEL 23""",finished,0.0
3049,PLR006,"LEMINATION REEL 24""",finished,0.0
3050,PLR007,"LEMINATION REEL 26.5""",finished,0.0
3051,PMA001,PURE SALT COTTON KHAKI 800 GRAM,finished,0.0
3052,PMA002,SALT COTTON FOODLEY IODIZE KHAKI 18 PC,finished,0.0
3053,PMA003,SUPER GOLD SALT,finished,0.0
3054,PMA004,SOZO SALT CARTON 400 GRAM P5 C2,finished,0.0
3055,PMA005,SULMAN SALT 800 GRAM,finished,0.0
3056,PMA006,PURE SALT CTN 400 GRAM,finished,0.0
3058,PMA008,PURE VINEGAR 12 BOTTAL C4 P5,finished,0.0
3059,PMA009,PURE VINEGAR 24 BOTTAL C4 P5,finished,0.0
3060,PMA010,PURE MASALA CTN 144 PCS C4 P3,finished,0.0
3064,PMA014,SOZO SALT KHAKI 800 GRAM,finished,0.0
3065,PMA015,PURE SALT CTN KHAKI 600GRAM,finished,0.0
3066,PMA016,SULMAN MIX ACHAR C4 P3,finished,0.0
3067,PMA017,PURE MIX PICKLE 2KG 6PCS P5 LN C1,finished,0.0
3068,PMA018,PURE MIX PICKLE 1KG 12PCS P5 C1,finished,0.0
3069,PMA019,TRAY ACHAR MIX SMALL C1 P3,finished,0.0
3070,PMA020,TRAY ACHAR MIX LARGE C1 P3,finished,0.0
3072,PMA022,FOODLY ACHAR MIX CTN 3 PLY C 4,finished,0.0
3074,PMA024,FOODLY MIX PICKLE 2KG 6PCS P5 LN C1,finished,0.0
3075,PMA025,FOODLY VERMICILLI 140/320GRAM C4 P5,finished,0.0
3076,PMA026,FOODLY VERMICILLI 100/140GRAM C4 P5,finished,0.0
3077,PMA027,FOODLY VINEGAR 1000MLX12 C4 P5,finished,0.0
3078,PMA028,FOODLY VINEGAR 500MLX24 C4 P5,finished,0.0
3080,PMC001,MONILITH GLUE SADA CTN P5,finished,0.0
3081,PMC002,SHINEX GLUE CTN C4 P5,finished,0.0
3082,PMC003,SADA GLUE CTN KHAKI P5,finished,0.0
3083,PMC004,SONEX GLUE CTN C4 P5 (12*11*7),finished,0.0
3084,PMC005,MUGHAL GERMAN GLUE CTN C3P5,finished,0.0
3085,PMC006,MUGHAL BINDER CTN C2 P5,finished,0.0
3096,PMF006,TAJ CEILING BODY C4 P5 LY,finished,0.0
3097,PMF007,TAJ CEILING BLADE C1 P3 LN,finished,0.0
3098,PMF008,MERCEDES BLADE LARGE C4 P3 LN,finished,0.0
3102,PMF012,MERCEDES PEDISTAL ROD 24'' GREEN P5 C4 LN,finished,0.0
3103,PMF013,MERCEDES PEDISTAL BASE 24'' GREEN P5 C4 LN,finished,0.0
3104,PMF014,MERCEDES PEDISTAL BASE 24'' BLUE  P5 C4 LN,finished,0.0
3105,PMF015,MERCEDES PEDISTAL ROD 24'' BLUE  P5 C4 LN,finished,0.0
3111,PMF021,MERCEDES BLADE SMALL UNIVERSEL SADA,finished,0.0
3112,PMF022,MERCEDEZ BLADE BOX SMALL 10IN1 KHAKI SADA P5 LN,finished,0.0
3113,PMF023,UNIQUE CEILLING BODY C4 P5 LY,finished,0.0
3114,PMF024,MERCEDEZ CEILING BODY AC/DC BLUE NEW,finished,0.0
3119,PMF085,DECENT RF AC/DC CEILLING BODY C4 P5 LY,finished,0.0
3120,PMF086,DECENT RF AC/DC CEILLING BLADE C4 P3,finished,0.0
3121,PMH001,MED HOUSE 1LT PLANE P5,finished,0.0
3125,PMH005,5LT CAN PRINTED,finished,0.0
3138,PMT002,MAGNET TILE GRAOUT BT CN P3 LN,finished,0.0
3139,PMT003,MAGNET TILE GRAOUT BOX C4 P5 LN,finished,0.0
3140,PMW001,MOOLI WASHING POWDER 1KG*10 PACKS,finished,0.0
3141,PNR001,NAVIA FACEWASH,finished,0.0
3142,PNR002,NAVIA FACEWASH  OXY WHITE,finished,0.0
3143,PNR003,NAVIA FACEWASH MEN,finished,0.0
3144,PNR004,NAVIA FACEWASH NEEM,finished,0.0
3145,PNR005,RAPER NAVIA 5KG,finished,0.0
3146,PNR006,RAPER NAVIA RS.50,finished,0.0
3147,PNT001,NISHAT TEA 85 GRAM,finished,0.0
3152,PNT006,NISHAT TEA 25 GRAM 180PCS KHAKI C1 P3,finished,0.0
3153,PNT007,NISHAT TEA 10 GRAM 200PCS KHAKI C1 P3,finished,0.0
3154,POL001,CARTON OLYMPIA NUM#1 80/48,finished,0.0
3155,POL002,CARTON OLYMPIA NUM#1 280/36,finished,0.0
3157,POS001,FAMILY SIZE PIZZA BOX C4 P3,finished,0.0
3159,POS003,MEDIUM SIZE PIZZA BOX C4 P3,finished,0.0
3160,PP0001,DETERGENT PACKING 20KG,finished,0.0
3161,PP0002,DETERGENT PACKING 10 KG,finished,0.0
3169,PP0010,EMPTY BAG BRILLO3 KG,finished,0.0
3170,PP0011,PLASTIC BAG BACHAT DETERGENT,finished,0.0
3173,PP0014,SAFA DETERGENT EMPTY BAG 20KG,finished,0.0
3177,PP0018,HOME CARE BRAND PP BAG EMPTY,finished,0.0
3178,PP0019,LASHKARA PP BAG 18*29,finished,0.0
3186,PP0027,BAHAR DETERGENT EMPTY BAG 5KG,finished,0.0
3187,PP0028,RAHIL EMPTY PP BAGS 20KG (WHITE),finished,0.0
3189,PP0030,LASHKARA PP BAG 19*31,finished,0.0
3190,PP0031,LASHKARA PP BAG 19*24,finished,0.0
3193,PP0034,BAHAR EMPTY PP BAG 19/24,finished,0.0
3194,PP0035,BAHAR EMPTY PP BAG 19/31,finished,0.0
3195,PP0036,SAGA EMPTY BAG  3KG,finished,0.0
3196,PP0037,TRAIN PP BAG 5KG,finished,0.0
3197,PP0038,STAR EMPTY PP BAGS 19*24,finished,0.0
3202,PP0043,Rahil Empty Bag 2kg,finished,0.0
3204,PP0045,KAMIL 5KG EMPTY BAG,finished,0.0
3205,PP0046,MOMIN 5KG EMPTY BAG,finished,0.0
3206,PP0047,EMPTY LASHKARA DETERGENT BAG 3KG,finished,0.0
3207,PP0048,EMPTY BAHAR DETERGENT BAG 3KG,finished,0.0
3209,PP0050,TRAIN PP BAG 22*37 (BASE BAGS),finished,0.0
3210,PP0051,EMPTY BAG KAMIL 20KG,finished,0.0
3211,PP0052,STAR EMPTY BAGS 30/144,finished,0.0
3212,PP0053,STAR EMPTY BAGS 350/24,finished,0.0
3213,PP0054,STAR EMPTY BAGS 4KG/4,finished,0.0
3214,PP0055,STAR EMPTY BAGS 1KG/12,finished,0.0
3215,PP0056,SAFA EMPTY BAG 3KG,finished,0.0
3216,PP0057,TRAIN EMPTY BAG 19*30 (25KG),finished,0.0
3217,PP0058,SAGA EMPTY PP BAG (40KG) WHITE 22*36,finished,0.0
3218,PP0059,ARGHAWAN EMPTY BAG 3KG,finished,0.0
3219,PP0060,SADA PP BAG 40KG (22*36),finished,0.0
3220,PP0061,SADA PP BAG 20KG (24*18),finished,0.0
3221,PP0062,PP BAG 25*42 (WITHOUT PRINTING),finished,0.0
3222,PP0063,PP BAG 18*28 (WITHOUT PRINTING),finished,0.0
3223,PP0064,PP BAG IFS PRINTING,finished,0.0
3224,PP0065,TOWER DETERGENT EMPTY PP BAG 19*26,finished,0.0
3225,PP0066,TOWER DETERGENT EMPTY PP BAG 19*24,finished,0.0
3226,PP0067,TOWER DETERGENT EMPTY PP BAG 18*25,finished,0.0
3227,PP0068,TOWER DETERGENT EMPTY BAG 20KG,finished,0.0
3228,PP0069,TOWER DETERGENT EMPTY BAG 10KG,finished,0.0
3229,PP0070,BAHARAN DETERGENT EMPTY BAG 10KG,finished,0.0
3231,PP0072,EMPTY BAG BOSTAN DETERGENT 10KGS,finished,0.0
3232,PP0073,EMPTY BAG BOSTAN DETERGENT 20KGS,finished,0.0
3233,PP0074,PP BAG PRINT IFS 10KG,finished,0.0
3234,PP0075,PP BAG PRINT IFS 20KG,finished,0.0
3235,PP0076,PP BAG SPECKLES 18*29,finished,0.0
3236,PP0077,PP BAG IFS BASE BAG 23*41,finished,0.0
3237,PP0078,EMPTY BAG NARGES DETERGENT 20KG,finished,0.0
3238,PP0079,EMPTY BAG SAFA DETERGENT 1KG,finished,0.0
3239,PP0080,TOWER EMPTY BAG RS.100 (18*25) C4 PRINTED,finished,0.0
3240,PP0081,TOWER EMPTY BAG RS.50 (18*25) C4 PRINTED,finished,0.0
3241,PP0082,TOWER EMPTY BAG RS.10 (18*25) C4 PRINTED,finished,0.0
3242,PP0083,TOWER EMPTY BAG 800GRAM (18*25) C4 PRINTED,finished,0.0
3243,PP0084,TOWER EMPTY BAG 1KG (18*25) C4 PRINTED,finished,0.0
3244,PP0085,TOWER EMPTY BAG 500GRAM (18*27) C4 PRINTED,finished,0.0
3245,PP0086,TRAIN EMPTY BAG 4KG,finished,0.0
3246,PP0087,BASE EMPTY BAG (LIGHTER DENSITY),finished,0.0
3247,PP0088,EMPTY BAG HUMBER WASHING POWDER 20KG,finished,0.0
3248,PP0089,WAVY EMPTY BAG PACKING RS.10,finished,0.0
3249,PP037,TRAIN PP BAG 5KG,finished,0.0
3250,PP038,BAG BACHAT DETERGENT 800GRAM,finished,0.0
3251,PP039,BAG BACHAT DETERGENT 375GRAM,finished,0.0
3252,PP040,TRAIN 5KG YELLOW,finished,0.0
3253,PP041,RAHIL 800GRM,finished,0.0
3254,PP042,RAHIL 500GRAM,finished,0.0
3257,PP045,RAHIL 1KG,finished,0.0
3258,PP046,RAPER SAFA DETERGENT  500GRAM,finished,0.0
3259,PP047,ARGHAWAN 1KG,finished,0.0
3260,PP048,HUMBER 10KG,finished,0.0
3261,PPB001,POLYTHIN BAG 12*48,finished,0.0
3262,PPB002,POLYTHIN BAG 18*28,finished,0.0
3263,PPB003,POLYTHIN BAG 21*33,finished,0.0
3264,PPB004,POLYTHIN BAG 24*36,finished,0.0
3265,PPB005,POLYTHENE BAG 19*35,finished,0.0
3266,PPB006,POLYTHENE BAG 15*18,finished,0.0
3267,PPB007,POLYTHENE BAG 17*29,finished,0.0
3268,PPB008,POLYTHENE BAG 24*46,finished,0.0
3269,PPB009,POLYTHENE BAG 15*23,finished,0.0
3270,PPB010,POLYTHENE BAG 8*14,finished,0.0
3271,PPB011,POLYTHENE BAG 20*30,finished,0.0
3272,PPB012,POLYTHENE BAG 30*50,finished,0.0
3273,PPC001,PUNJAB COOKING OIL 12 PCS 1Ltr,finished,0.0
3274,PPC002,PUNJAB BANASPATI 12 PCS 1KG,finished,0.0
3275,PPC003,PUNJAB BANASPATI 1KG*16,finished,0.0
3276,PPC004,PUNJAB BANASPATI 1/2KG*32,finished,0.0
3277,PPC005,DAWAT BANASPATI 1KG 16PAC,finished,0.0
3278,PPC006,PUNJAB BANASPATI 24 PCS 1/2KG,finished,0.0
3279,PPC007,PUNJAB BANASPATI 1/4KG*64 PACK,finished,0.0
3280,PPC008,PUNJAB COOKING OIL 1LT*16PACK,finished,0.0
3281,PPC009,PUNJAB BANASPATI 1/4KG 48PACK,finished,0.0
3282,PPC010,PUNJAB COOKING OIL 1/2 24PAC,finished,0.0
3283,PPC011,WALI COOKING OIL 1KG*12PAC,finished,0.0
3284,PPC012,SEASON  BANASPATI 1KG*16,finished,0.0
3285,PPC013,WALI COOKING OIL 1KG /16 PCS,finished,0.0
3286,PPC014,WALI COOKING OIL (KHAKI SADA CTN),finished,0.0
3287,PPC015,SEASON CANOLA 1LTR 5PAC,finished,0.0
3288,PPC016,PUNJAB BANASPATI 12 PCS 1KG (BOX BOARD),finished,0.0
3289,PPC017,PUNJAB COOKING OIL 1LTR*12PACK (BOX BOARD),finished,0.0
3290,PPC018,WALI COOKING OIL 1 KG* 12 PACK (BOX BOARD),finished,0.0
3292,PPD002,P.D CUP & SAUCER DIBBI 6 PCS BOLAN LARGE C4 P3 LN,finished,0.0
3295,PPD005,P.D TEA SET 26 PCS C4 P3 LY,finished,0.0
3297,PPD007,CUP DIBI SADA (TEA SET) P3,finished,0.0
3298,PPD008,TEA SET 26PCS KHAKI P3 (4PCS SET),finished,0.0
3299,PPD009,TEA POT SADA BOX P3,finished,0.0
3300,PPD010,SONASHI CUP SAUCER DIBI BLUE C4 P3,finished,0.0
3301,PPD011,SONASHI CUP SAUCER DIBI MUG SHAPE C4 P3,finished,0.0
3302,PPD012,SONASHI CUP SAUCER DIBI BLACK SMALL C4 P3,finished,0.0
3303,PPD013,SONASHI CUP SAUCER DIBI GREY (BOLAN) C4 P3,finished,0.0
3304,PPD014,P.D TEA SET 14PCS MASTER CTN  C4 P3 LY,finished,0.0
3305,PPD015,SAUCER PACKING,finished,0.0
3306,PPD016,P.D CUP & SAUCER DIBBI 6 PCS JAAM C4 P3 LY,finished,0.0
3307,PPD017,BONE CHINA TEA SET 14 PCS M.CTN C4 P3 LY,finished,0.0
3310,PPD020,CUP DIBBI 17PCS (TEA SET) KHAKI SADA,finished,0.0
3311,PPD021,SUGHAR POT SADA DIBBI KHAKI P3,finished,0.0
3312,PPD022,MILK POT SADA DIBBI KHAKI P3,finished,0.0
3313,PPD023,PLAIN PACKING KHAKI P3,finished,0.0
3314,PPD024,SAUCER PACKING SADA P3,finished,0.0
3315,PPD025,TEA POT PACKING CODE#1,finished,0.0
3316,PPD026,P-D TEA SET 17 PCS M-CTN KHAKI P-7 C-1,finished,0.0
3317,PPD028,LARGE SIZE PIZZA BOX C4 P3,finished,0.0
3318,PPD029,PD 24PCS TEA SET M.CTN KHAKI C1 P3,finished,0.0
3319,PPD030,PLATE PACKING SADA,finished,0.0
3320,PPD031,PAYALI PACKING SADA,finished,0.0
3321,PPD032,PARTION SADA,finished,0.0
3328,PPK001,SADA DIBBI EGGS P3,finished,0.0
3333,PR0003,PAPER REEL SIZE 18 (F & SF),finished,0.0
3344,PR0014,PAPER REEL SIZE 31.5 (F & SF),finished,0.0
3346,PR0016,PAPER REEL SIZE 20 (F & SF),finished,0.0
3352,PR0022,PAPER REEL SIZE 14 (F & SF),finished,0.0
3353,PR0023,PAPER REEL SIZE 15 (F & SF),finished,0.0
3355,PR0025,PAPER REEL SIZE 33.5 (F & SF),finished,0.0
3359,PR0029,PAPER REEL SIZE 16 (F & SF),finished,0.0
3360,PR0030,PAPER REEL SIZE 17 (TEST LINER),finished,0.0
3364,PR0034,PAPER REEL SIZE 29 (KRAFT),finished,0.0
3365,PR0035,PAPER REEL SIZE 35 (TEST LINER),finished,0.0
3366,PR0036,PAPER REEL SIZE 36 (TEST LINER),finished,0.0
3367,PR0037,PAPER REEL SIZE 37 (TEST LINER),finished,0.0
3369,PR0039,PAPER REEL SIZE 38.5 (F & SF),finished,0.0
3370,PR0040,PAPER REEL SIZE 27.5 (F & SF),finished,0.0
3371,PR0041,PAPER REEL SIZE 34.5 (TEST LINER),finished,0.0
3374,PR0044,PAPER REEL SIZE 31 (TEST LINER),finished,0.0
3375,PR0045,PAPER REEL SIZE 24 (TEST LINER),finished,0.0
3376,PR0046,PAPER REEL SIZE 22 (TEST LINER),finished,0.0
3379,PR0049,PAPER REEL SIZE 25 (KRAFT),finished,0.0
3380,PR0050,PAPER REEL SIZE 29.5 (KRAFT),finished,0.0
3381,PR0051,PAPER REEL SIZE 22.5 (F & SF),finished,0.0
3382,PR0052,PAPER REEL SIZE 13 (F & SF),finished,0.0
3383,PR0053,PAPER REEL SIZE 31 (F & SF),finished,0.0
3384,PR0054,PAPER REEL SIZE 36.5 (F & SF),finished,0.0
3385,PR0055,PAPER REEL SIZE 26 (KRAFT),finished,0.0
3387,PR0057,PAPER REEL SIZE 27 (KRAFT),finished,0.0
3393,PR0063,PAPER REEL SIZE 58 (F & SF),finished,0.0
3394,PR0064,PAPER REEL SIZE 49 (F & SF),finished,0.0
3396,PR0066,PAPER REEL SIZE 53 (F & SF),finished,0.0
3398,PR0068,PAPER REEL SIZE 53 (W.T.L 150 GRAM),finished,0.0
3399,PR0069,PAPER REEL SIZE 51 (KRAFT),finished,0.0
3400,PR0070,PAPER REEL SIZE 49 (KRAFT),finished,0.0
3401,PR0071,PAPER REEL SIZE 48 (W.T.L 150 GRAM),finished,0.0
3402,PR0072,PAPER REEL SIZE 55 (TEST LINER),finished,0.0
3404,PR0074,PAPER REEL SIZE 54 (F & SF),finished,0.0
3406,PR0076,PAPER REEL SIZE 44 (W.T.L 150 GRAM),finished,0.0
3408,PR0078,PAPER REEL SIZE 48 (CMP),finished,0.0
3409,PR0079,PAPER REEL SIZE 42 (CMP),finished,0.0
3411,PR0081,PAPER REEL SIZE 56 (F & SF),finished,0.0
3412,PR0082,PAPER REEL SIZE 24 (KRAFT),finished,0.0
3413,PR0083,PAPER REEL SIZE 17 (KRAFT),finished,0.0
3414,PR0084,PAPER REEL SIZE 61 (F & S.F),finished,0.0
3415,PR0085,PAPER REEL SIZE 54.5 (F & S.F),finished,0.0
3416,PR0086,PAPER REEL SIZE 12 (CMP),finished,0.0
3417,PR0087,PAPER REEL SIZE 52 (CMP),finished,0.0
3420,PR0090,PAPER REEL SIZE 57 (F & S.F),finished,0.0
3421,PR0091,PAPER REEL SIZE 50 (F & S.F),finished,0.0
3422,PR0092,PAPER REEL SIZE 41 (F & S.F),finished,0.0
3423,PR0093,PAPER REEL SIZE 210 (F & S.F),finished,0.0
3424,PR0094,PAPER REEL SIZE 52 (TEST LINER),finished,0.0
3425,PR0095,PAPER REEL SIZE 51 (TEST LINER),finished,0.0
3426,PR0096,PAPER REEL SIZE 41 (TEST LINER),finished,0.0
3427,PR0097,PAPER REEL SIZE 56 (TEST LINER),finished,0.0
3428,PR0099,PAPER REEL SIZE 60 (F & SF),finished,0.0
3429,PR0100,PAPER REEL SIZE 51 (HSF),finished,0.0
3430,PR0101,PAPER REEL SIZE 52 (HSF),finished,0.0
3431,PR0102,PAPER REEL SIZE 50 (KRAFT),finished,0.0
3432,PR0103,PAPER REEL SIZE 11 (F & S.F),finished,0.0
3433,PR0104,PAPER REEL SIZE 60 (TEST LINER),finished,0.0
3434,PR0105,PAPER REEL SIZE 57 (TEST LINER),finished,0.0
3435,PR0106,PAPER REEL SIZE 30 (KRAFT),finished,0.0
3436,PR0107,PAPER REEL SIZE 53 (KRAFT),finished,0.0
3438,PR0109,PAPER REEL MIX SIZE,finished,0.0
3439,PR0110,PAPER REEL SIZE 20 (TEST LINER),finished,0.0
3440,PR0111,PAPER REEL SIZE 18(TEST LINER),finished,0.0
3441,PR0112,PAPER REEL SIZE 31 (KRAFT),finished,0.0
3443,PR0114,PAPER REEL SIZE 40 (KARFT),finished,0.0
3444,PR0115,PAPER REEL SIZE 54 (TEST LINER),finished,0.0
3445,PR0116,PAPER REEL SIZE 50 (TEST LINER),finished,0.0
3446,PR0117,PAPER REEL SIZE 53 (TEST LINER),finished,0.0
3447,PR0118,PAPER REEL SIZE 32 (KRAFT),finished,0.0
3448,PR0119,PAPER REEL SIZE 42 (KRAFT),finished,0.0
3449,PR0120,PAPER REEL SIZE 12 (S.SF),finished,0.0
3450,PR0121,PAPER REEL SIZE 48 (KRAFT),finished,0.0
3452,PR0123,PAPER REEL SIZE 40 (F & SF),finished,0.0
3453,PR0124,PAPER REEL SIZE 49 (CMP),finished,0.0
3454,PR0125,PAPER REEL SIZE 51 (CMP),finished,0.0
3458,PR0129,PAPER REEL SIZE 49 (TEST LINER),finished,0.0
3462,PR0133,PAPER REEL SIZE 45 (CMP),finished,0.0
3464,PR0135,PAPER REEL SIZE 22 (CMP),finished,0.0
3465,PR0136,PAPER REEL SIZE 23 (CMP),finished,0.0
3468,PR0139,PAPER REEL SIZE 30 (CMP),finished,0.0
3469,PR0140,PAPER REEL SIZE 32 (CMP),finished,0.0
3470,PR0141,PAPER REEL SIZE 39 (CMP),finished,0.0
3472,PR0144,PAPER REEL SIZE 46 (CMP),finished,0.0
3473,PR0145,PAPER REEL SIZE 45 (F & SF),finished,0.0
3474,PR0146,PAPER REEL SIZE 31 (CMP),finished,0.0
3475,PR0147,PAPER REEL SIZE 11 (CMP),finished,0.0
3477,PR0149,PAPER REEL SIZE 25 (MKLB 150),finished,0.0
3478,PR0150,PAPER REEL SIZE 40 (CMP),finished,0.0
3479,PR0160,PAPER REEL SIZE 23 (TEST LINER),finished,0.0
3480,PR0161,PAPER REEL SIZE 50 (MKLB 150),finished,0.0
3481,PR0162,PAPER REEL SIZE 26 (PK165 A),finished,0.0
3482,PR0163,PAPER REEL SIZE 23 (KRAFT),finished,0.0
3483,PR0164,PAPER REEL SIZE 27 (H.S.F),finished,0.0
3484,PR0165,PAPER REEL SIZE 28 (H.S.F),finished,0.0
3485,PR0166,PAPER REEL SIZE 50.5 (TEST LINER),finished,0.0
3486,PR0167,PAPER REEL SIZE 51.5 (TEST LINER),finished,0.0
3487,PR0168,PAPER REEL SIZE 18 (KRAFT),finished,0.0
3488,PR0169,PAPER REEL SIZE 52 (KRAFT),finished,0.0
3489,PR0170,PAPER REEL SIZE 34 (KRAFT),finished,0.0
3490,PR0171,PAPER REEL SIZE 22 (KRAFT),finished,0.0
3492,PR0173,PAPER REEL SIZE 44 (KRAFT),finished,0.0
3493,PR0174,PAPER REEL SIZE 40.5 (F & SF),finished,0.0
3494,PR0175,PAPER REEL SIZE 24.5 (F & SF),finished,0.0
3495,PR0176,PAPER REEL SIZE 33.5 (F & SF),finished,0.0
3504,PR098,PAPER REEL SIZE 10 (F & SF),finished,0.0
3508,PRA004,RAHIL 400 GRM DETERGENT C4 P5 LY,finished,0.0
3509,PRA005,RAHIL DISHWASH  LIQUID C4 P3 LN,finished,0.0
3510,PRA006,RAHIL DETERGENT 5KG CTN C4 P5 LY,finished,0.0
3511,PRA007,RAHIL DETERGENT 5KG/4 CTN C4 P5 LY,finished,0.0
3512,PRA008,RAHIL EMPTY CARTON 800/15,finished,0.0
3514,PRC002,7-STAR BONE MUG CTN 8DOZAN NO.8 KHAKI C1 P3,finished,0.0
3515,PRC003,PERFECT BONE MUG CTN 8DOZAN NO.8 KHAKI C1 P3,finished,0.0
3516,PRC004,POSH BONE MUG CTN 8DOZAN NO.8 KHAKI C1 P3,finished,0.0
3517,PRC005,POSH BONE MUG CTN 8DOZAN NO.9/10 KHAKI C1 P3,finished,0.0
3518,PRC006,PERFECT BONE MUG CTN 8DOZAN NO.9/10 KHAKI C1 P3,finished,0.0
3522,PRC010,7STAR MUG M.CTN 8DOZAN NO.16 C1 P3,finished,0.0
3524,PRC012,PREFECT MUG M.CTN 8DOZAN NO.16 C1 P3,finished,0.0
3526,PRC014,PREFECT MUC CTN 96PCS NO.15 C1 P3,finished,0.0
3527,PRC015,POSH MUC CTN 96PCS NO.15 C1 P3,finished,0.0
3534,PRC022,7 STAR MUG M.CTN 96 PCS #22 C1 P3,finished,0.0
3535,PRC023,POSH MUG M.CTN 96 PCS #22 C1 P3,finished,0.0
3536,PRC024,PERFECT  MUG M.CTN 96 PCS #22 C1 P3,finished,0.0
3537,PRC025,ROCKSON MUG M.CTN 96 PCS #22 C1 P3,finished,0.0
3538,PRC026,ROCKSON MUG M.CTN 96PCS NO.87 C1 P3,finished,0.0
3539,PRC027,ROCKSON MUG M.CTN 96PCS NO.15 C1 P3,finished,0.0
3541,PRC029,ROCKSON MUG M.CTN 96PCS NO.9*10 C1 P3,finished,0.0
3542,PRC030,KESAR MUG M.CTN 96PCS NO.22 C1 P3,finished,0.0
3545,PRC033,KESAR MUG M.CTN 96PCS NO.15 C1 P3,finished,0.0
3546,PRC034,ROSKSON MUG M.CTN 96PCS NO.22 C1 P3,finished,0.0
3547,PRC035,KESAR MUG M.CTN 96PCS NO.9*10 C1 P3,finished,0.0
3548,PRC036,ROCKSON MUG M.CTN 96PCS NO#8 C1 P3,finished,0.0
3549,PRC037,KESAR MUG M.CTN 96PCS NO#8 C1 P3,finished,0.0
3550,PRC038,KESAR MUG M.CTN 96PCS NO#87 C1 P3,finished,0.0
3551,PRC039,ROCKSON MUG M.CTN 96PCS NO#16 C1 P3,finished,0.0
3552,PRC040,KESAR MUG M.CTN 96PCS NO#16 C1 P3,finished,0.0
3568,PSC001,SHANDAR MUG 8 DOZAN BOX NO. 62 C4 P3 LN,finished,0.0
3569,PSC002,MOHSIN CHINA MUG 8 DOZAN BOX NO. 62 C4 P3 LN,finished,0.0
3570,PSC003,SHANDAR MUG 8 DOZAN BOX NO.100 C4 P3 LN,finished,0.0
3571,PSC004,MOHSIN CHINA MUG 8 DOZAN BOX NO.100 C4 P3 LN,finished,0.0
3572,PSC005,SHANDAR MUG 8 DOZAN BOX NO.101 C4 P3 LN,finished,0.0
3573,PSC006,MOHSIN CHINA MUG 8 DOZAN BOX NO.101 C4 P3 LN,finished,0.0
3574,PSC007,SHANDAR CERAMICS BONE MUG 8 DOZAN BOX C4 P3 LN,finished,0.0
3575,PSC008,MOHSIN CHINA CERAMICS BONE MUG 8 DOZAN BOX C4 P3 LN,finished,0.0
3576,PSC009,SHANDAR PIYALI CTN 100pcs KHAKI SADA P3,finished,0.0
3577,PSC010,SHANDAR PIYALI CTN 100pcs C4 P3 LN,finished,0.0
3578,PSC011,SHANDAR PAYALA CTN 50 PCS C4 P3 LN,finished,0.0
3579,PSC012,SHANDAR PAYALA CTN 60 PCS C4 P3 LN,finished,0.0
3580,PSC013,SHANDAR PAYALA CTN 60PCS KHAKI SADA P3 LN,finished,0.0
3581,PSC014,MOHSIN COLLECTION PAYALI CTN KHAKI C2 P3,finished,0.0
3582,PSE001,SR5 ENGINE OIL CTN C2 P5,finished,0.0
3583,PSF001,SHIMLA SALT CTN C4 P5 LN,finished,0.0
3584,PSF002,BHAROSA BANASPATI 1KG 16PACKS,finished,0.0
3585,PSF003,FRESH FRY BANASPATI 900GRAM 16PACK,finished,0.0
3587,PSG002,CTN SAMARA GOLD KHAKI 500GRAM,finished,0.0
3588,PSG003,CTN SAMARA GOLD KHAKI RS.50,finished,0.0
3589,PSG004,CTN PETAL CLASSIC KHAKI 1KG,finished,0.0
3593,PSM002,VANEEZA FRUTI SOAP ORANGE 48PCS C4 P3 LN,finished,0.0
3597,PSM006,PAIRACON FRUTI SOAP ORANGE 48PCS C4 P3 LN,finished,0.0
3601,PSM010,VANEEZA FRUTI SOAP ORANGE 72PCS C4 P3 LN,finished,0.0
3602,PSM011,VANEEZA FRUTI SOAP PEACH 72PCS C4 P3 LN,finished,0.0
3603,PSM012,VANEEZA FRUTI SOAP JASMINE 72PCS C4 P3 LN,finished,0.0
3604,PSM013,PAIRACON FRUTI SOAP LEMON 72PCS C4 P3 LN,finished,0.0
3605,PSM014,PAIRACON FRUTI SOAP ORANGE 72PCS C4 P3 LN,finished,0.0
3606,PSM015,PAIRACON FRUTI SOAP PEACH 72PCS C4 P3 LN,finished,0.0
3607,PSM016,PAIRACON FRUTI SOAP JASMINE 72PCS C4 P3 LN,finished,0.0
3612,PSM021,VANEEZA LAMON 48 TES LINER C2 P3 LN,finished,0.0
3613,PSM022,VANEEZA ORANGE 48 TEST LINER C2 P3 LN,finished,0.0
3614,PSM023,VANEEZA LEMON 72 TEST LINER C2 P3 LN,finished,0.0
3615,PSM024,VANEEZA 72 ORANGE TEST LINER C2 P3 LN,finished,0.0
3616,PSM026,VENIZA FRUITY ORANGE 72 PCS C2 P3 LN(CBB),finished,0.0
3617,PSM027,VENIZA BEAUTY 48 PCS JASMINE C2 P3 LN(CBB),finished,0.0
3618,PSM028,VENIZA BEAUTY 72 PCS JASMINE C2 P3 LN(CBB),finished,0.0
3619,PSM029,VENIZA FRUITI 48 PCS LEMON C2 P3 LN(CBB),finished,0.0
3620,PSM030,VENIZA BEAUTY 48 PCS ORANGE C2 P3 LN(CBB),finished,0.0
3621,PSM031,HARMONI JASMINE 48 TIKI C2 P3 LN,finished,0.0
3622,PSM032,HARMONI JASMIN 72 TIKI C2 P3 LN,finished,0.0
3623,PSM033,VANIZA BEAUTY SOAP 48PCS KHAKI C1 P3 LN,finished,0.0
3624,PSM034,VANIZA BEAUTY SOAP 48PCS KHAKI NEW SIZE C1 P5 LN,finished,0.0
3625,PSM035,KINZY BEAUTY SOAP 48PCS KHAKI C1 P3,finished,0.0
3626,PSM036,SKY BEAUTY SOAP 48PCS KHAKI C1 P3,finished,0.0
3627,PSM037,LAIBA FRUITY SOAP (LEMON) 144 PCS C4 P3,finished,0.0
3628,PSM038,LAIBA FRUITY SOAP (LEMON) 48 PCS C4 P3,finished,0.0
3629,PSM039,LAIBA FRUITY SOAP (ORANGE) 144 PCS C4 P3,finished,0.0
3630,PSM040,LAIBA FRUITY SOAP (ORANGE) 48 PCS C4 P3,finished,0.0
3631,PSM041,RANI FRUITY SOAP LEMON 72 PCS C4 P3 LN,finished,0.0
3632,PSM042,RANI FRUITY SOAP ORANGE 72 PCS C4 P3 LN,finished,0.0
3633,PSM043,RANI FRUITY SOAP LEMON 48 PCS C4 P3 LN,finished,0.0
3634,PSM044,RANI FRUITY SOAP ORANGE 48 PCS C4 P3 LN,finished,0.0
3635,PSM045,RANI FRUITY SOAP PEACH 72 PCS C4 P3,finished,0.0
3636,PSM046,VANIZA FRUITY SOAP PEACH 72 PCS C4 P3,finished,0.0
3637,PSM047,RANI FRUITY SOAP PEACH 48PCS C3 P4,finished,0.0
3638,PSM048,VEZEL BEAUTY SOAP 48PCS KHAKI C1 P3,finished,0.0
3640,PSM050,VEZEL BEAUTY SOAP 48PCS C2 P5 KHAKI,finished,0.0
3646,PSM25,VENIZA FRUITY LEMON 72 PCS C2 P3 LN(CBB),finished,0.0
3647,PSN001,SHAHZAIN LAUNDRY SOAP#1 C2 P3,finished,0.0
3648,PSN002,SHAHZAIN LAUNDRY SOAP#2 C2 P3,finished,0.0
3649,PSN003,SHAHZAIN LAUNDRY SOAP#3 C2 P3,finished,0.0
3650,PSN004,SHAHZAIN LAUNDRY SOAP#4 C2 P3,finished,0.0
3651,PSN005,SHAHZAIN LAUNDRY SOAP#5 C2 P3,finished,0.0
3652,PSN006,SHAHZAIN LAUNDRY SOAP#6 C2 P3,finished,0.0
3653,PSN007,ZARYAN SOAP SMALL C3 P3,finished,0.0
3654,PSN008,ZARYAN SOAP LARGE C3 P3,finished,0.0
3655,PSN009,SHAHZAIN LAUNDRY SOAP#7 C2 P3,finished,0.0
3656,PSN010,SHAHZAIN LAUNDRY SOAP#8 LARGE C2 P3,finished,0.0
3657,PSN011,SHAHZAIN LAUNDRY SOAP DEY ZARYAN 40 TIKKI C3 P3,finished,0.0
3658,PSN012,SHAHZAIN LAUNDRY SOAP MC-10 C3 P3,finished,0.0
3659,PSN013,SHAHZAIN SOAP 10*7.4*7 C3 P3,finished,0.0
3660,PSN014,HAMID SOAP DEY CODE NO.8 C3 P3,finished,0.0
3661,PSN015,HAMID SOAP 20TIKKI C3 P3,finished,0.0
3662,PSN016,HAMID SOAP LARGE C3 P3,finished,0.0
3663,PSN017,SHAHZAIN SOAP DEY ZARYAN C3 P3,finished,0.0
3664,PSN018,SHAHZAIN 20 TIKKI C3 P3,finished,0.0
3665,PSN019,K2 SPECIAL SOAP 65 CODE C2 P3,finished,0.0
3666,PSN020,K2 SPECIAL CODE NO.1 C2 P3,finished,0.0
3667,PSN021,K2 SPECIAL CODE NO.2 C2 P3,finished,0.0
3668,PSN022,K2 SPECIAL CODE NO.143 C2 P3,finished,0.0
3669,PSN023,SAEED LAUNDRY C3 P3,finished,0.0
3670,PSN024,K-2 LAUNDRY SOAP DEY CODE NO#8 C2 P3,finished,0.0
3671,PSN025,SHAHZAIN LAUNDRY SOAP CODE MC#01 C2 P3,finished,0.0
3672,PSN026,SHAHZAIN LAUNDRY SOAP CODE MC#2 C2 P3,finished,0.0
3673,PSN027,AQUA LAUNDRY SOAP (DEY NO.65 OLD) C2 P3,finished,0.0
3674,PSN028,ZARYAN LAUNDRY SOAP CODE NO#65 C2 P3,finished,0.0
3675,PSN029,SHAHZAIN LAUNDRY SOAP CODE NO.65 C2 P3,finished,0.0
3676,PSN030,SHAHZAIN SOAP DEY TRAIN (10*5.5*5) C2 P3,finished,0.0
3677,PSN031,SHAHZAIN SOAP DEY K-2 CODE#1 C2 P3,finished,0.0
3678,PSN032,SHAHZAIN SOAP CODE#M-6 C2 P3,finished,0.0
3679,PSN033,ZARYAN SOAP DEY K-2 CODE#1 C2 P3,finished,0.0
3680,PSN034,SHAHZAIN SOAP CODE#MC-4 C2 P3,finished,0.0
3681,PSN035,ZARYAN SOAP CODE#MC-8 C2 P3,finished,0.0
3682,PSN036,ZARYAN SOAP CODE#MC-9 C2 P3,finished,0.0
3683,PSN037,SHAHZAIN SOAP MC-11 (GULF SIZE) C2 P3,finished,0.0
3684,PSN038,SHAHZAIN SOAP MC-13 (DEY RING NO.140) C3 P3,finished,0.0
3685,PSN039,SHAHZAIN SOAP MC-15 C3 P3,finished,0.0
3686,PSN040,SHAHZAIN SOAP MC-14 C3 P3,finished,0.0
3687,PSN041,AZADI SOAP 20 TIKKI C2 P3,finished,0.0
3688,PSN042,KAUSAR SOAP CODE#1 C2 P3,finished,0.0
3689,PSN043,ZARYAN SOAP C2 P3,finished,0.0
3690,PSN044,KAUSAR SOAP C3 P3,finished,0.0
3691,PSN045,ZARYAN SOAP DEY AZADI SOAP C2 P3,finished,0.0
3692,PSN046,SHAHZAIN SOAP SMALL C2 P3,finished,0.0
3693,PSN047,EHSAN LAUNDRY SOAP DEY K-1 C2 P3,finished,0.0
3694,PSN048,KAUSAR LAUNDRY SOAP (BLUE) C2 P3,finished,0.0
3695,PSN049,KAUSAR LAUNDRY SOAP (YELLOW) C2 P3,finished,0.0
3696,PSN050,ZAIN SOAP CODE-143 C4 P3,finished,0.0
3697,PSN051,NAVEED SOAP CODE-143 C4 P3,finished,0.0
3698,PSN052,K-2 SOAP DIE ZARYAN  C2 P3,finished,0.0
3699,PSN053,K-2 SOAP DIE SHAZAIN MC-2  C2 P3,finished,0.0
3700,PSN054,KAUSAR SABOON  4PACK  SMALL  C3 P3,finished,0.0
3701,PSN055,ZARYAN SOAP DEY CODE NO.8 C2 P3,finished,0.0
3702,PSN056,ZARYAN SOAP DEY CODE NO.143 C2 P3,finished,0.0
3703,PSN057,ZARYAN SOAP DEY MC-2 C2 P3,finished,0.0
3704,PSN058,ZARYAN SOAP DEY CODE NO.2 C2 P3,finished,0.0
3705,PSN059,NAVEED SOAP DEY CODE NO.8 C4 P3,finished,0.0
3706,PSN060,ZAIN SOAP DEY CODE NO.8 C4 P3,finished,0.0
3707,PSN061,KAUSAR SOAP 4PACK LARGE C3 P3,finished,0.0
3708,PSN062,SHAHZAIN SOAP 4PACK DEY KAUSAR C4 P3,finished,0.0
3709,PSN063,SHAHZAIN SOAP 4PACK SMALL DEY KAUSAR C4 P3,finished,0.0
3710,PSN064,K-2 LAUNDRY SOAP CODE#7 C2 P3,finished,0.0
3711,PSN065,WAQAS SOAP CODE#143 C2 P3,finished,0.0
3712,PSN066,SHAHZAIN SOAP 4PACK SMALL DEY KAUSAR C4 P3,finished,0.0
3713,PSN067,K2 SOAP 20 TIKKI BROWN C2 P3,finished,0.0
3714,PSN068,SHAHZAIN SOAP CODE#002 C2 P3,finished,0.0
3715,PSN069,SHAHZAIN SOAP CODE#020 C2 P3,finished,0.0
3716,PSR001,N-DURE SHOE BOX SIZE 320*215*120MM WALK DIFFERENT,finished,0.0
3717,PSR002,N-DURE SHOE BOX SIZE 320*215*120MM LAMINATION,finished,0.0
3718,PSR003,N-DURE SHOE BOX SIZE 320*200*115MM LAMINATION,finished,0.0
3719,PSR004,N-DURE SHOE BOX SIZE 310*160*115MM LAMINATION,finished,0.0
3720,PSR005,N-DURE SHOE BOX SIZE 280*150*110MM LAMINATION,finished,0.0
3721,PSR006,SHOE BOX DONCARLOS SIZE 320*190*125MM,finished,0.0
3722,PSR007,SHOE BOX SERVIS SIZE 290*190*110MM,finished,0.0
3723,PSR008,SHOE BOX SERVIS SIZE 280*150*110MM,finished,0.0
3724,PSR009,CHEETA A-4 (ARMY JOGGER) BOX SIZE 320*190*125 MM,finished,0.0
3725,PSR010,CARTON 5 PLY 655*570*320MM 24P SSC,finished,0.0
3726,PSR011,SHOE BOX SERVIS SIZE 340*185*120 RED/WHITE,finished,0.0
3727,PSR012,CARTON 7PLY WATER PROOF711*660*368MM,finished,0.0
3728,PSR013,SHOE BOX LIZA 280*150*110 RED/WHITE,finished,0.0
3729,PSR0135,PAPER REEL SIZE 22 (CMP),finished,0.0
3730,PSR014,CARTON 5 PLY 680*645*370MM,finished,0.0
3731,PSR015,SHOE BOX LIZA 290*190*110 RED/WHITE,finished,0.0
3732,PSR016,CARTON SHEET 5PLY SIZE 690MM * 395MM,finished,0.0
3733,PSR017,CARTON 7-PLY 650*415*350MM,finished,0.0
3734,PSR018,CARTON 5PLY 705*660*325MM 24P SSC,finished,0.0
3736,PSR020,CARTON 5-PLY 740*370*335 SERVIS LOGO,finished,0.0
3737,PSR021,CARTON 5PLY 620*585*290 SSC,finished,0.0
3738,PSR022,SADA CARTON 640*620*600 P5,finished,0.0
3739,PSR023,CARTON 5 PLY 680* 570*350mm,finished,0.0
3740,PSR024,CARTON 5 PLY 570*570*350MM,finished,0.0
3741,PSR025,CARTON 5 PLY 570*460*350MM,finished,0.0
3742,PSR026,CARTON 540*500*350 SADA,finished,0.0
3743,PSR027,CARTON 570*500*320 SADA,finished,0.0
3744,PSR028,SHOE BOX LEATHER NO.1/2(SNR-4) 310*160*115MM,finished,0.0
3745,PSR029,CARTON 5-PLY 740*450*335MM 12 SSC,finished,0.0
3747,PSR031,CARTON 5-PLY 680*400*310MM 12P SSC,finished,0.0
3750,PSR034,CARTON 5-PLY 645*400*340MM ARMY JOGGER,finished,0.0
3752,PSR036,CARTON 565*460*345 WITH SERVIS LOGO,finished,0.0
3753,PSR037,CARTON 5 PLY 770*400*335MM 12 P SSC LOGO,finished,0.0
3754,PSR038,CARTON 5 PLY 680*320*300MM 12P SSC LOGO,finished,0.0
3755,PSR039,CARTON 5-PLY 590*460*325MM SERVIS LOGO,finished,0.0
3756,PSR040,CARTON 5PLY 620*420*330MM SERVIS LOGO,finished,0.0
3757,PSR041,CARTON 5PLY 420*260*350MM,finished,0.0
3758,PSR042,CARTON 5PLY 430*380*345MM,finished,0.0
3759,PSR043,CARTON 5-PLY 540*540*350MM,finished,0.0
3761,PSR045,CARTON 5-PLY 710*420*340MM,finished,0.0
3762,PSR046,CARTON 5-PLY 570*420*320MM,finished,0.0
3763,PSR047,CARTON 5-PLY 645*560*370MM SERVIS LOGO,finished,0.0
3766,PSR050,CARTON 5PLY 570*570*320MM,finished,0.0
3767,PSR051,CARTON 5PLY 380*380*350MM,finished,0.0
3768,PSR052,CARTON 5-PLY 570*510*300,finished,0.0
3769,PSR054,CARTON 5-PLY 670*580*350,finished,0.0
3770,PSR055,CARTON 5-PLY 720*500*345MM WITH SERVIS LOGO,finished,0.0
3772,PSR057,DONCARLOS 335*235*120MM BLACK,finished,0.0
3773,PSR058,SHOE BOX SIERRA CHEEPER 350*330*125 WHITE,finished,0.0
3774,PSR059,CARTON 7PLY 560*390*370MM GLOBE,finished,0.0
3775,PSR060,CARTON 610*645*360 SERVIC LOGO,finished,0.0
3776,PSR061,CARTON 7 PLY ANTI SKID 680*655*375 MM,finished,0.0
3777,PSR062,CARTON 7PLY 780*410*340MM JOGGER CHEETAH SIZE,finished,0.0
3778,PSR063,CARTON 7PLY PRINTED ANTI SKID 670*645*365MM SIZE 8,finished,0.0
3779,PSR064,PLAIN CTN 711*660*368MM P5 KHAKI,finished,0.0
3780,PSR065,CARTON 7-PLY 680*645*370MM DESERT SHOES,finished,0.0
3782,PSR067,CARTON 5PLY  570*570*320MM EXPORT,finished,0.0
3783,PSR068,CARTON 5-PLY 460*290*320MM EXPORT,finished,0.0
3784,PSR069,CARTON 5-PLY EXPORT 670*500*350 MM,finished,0.0
3785,PSR070,CARTON 5-PLY EXPORT 595*500*320 MM,finished,0.0
3786,PSR071,CARTON 5-PLY EXPORT 875*365*320,finished,0.0
3787,PSR072,CARTON 7-PLY 680*645*370 PAF ZIPPER PRINTED,finished,0.0
3788,PSR073,CARTON 7-PLY 645*400*335MM PAF PRINTED 10 PAIR,finished,0.0
3789,PSR074,CARTON 5-PLY EXPORT 570*570*320,finished,0.0
3790,PSR075,CARTON 5-PLY EXPORT 580*540*350,finished,0.0
3791,PSR076,CARTON 5-PLY 670*500*350 SADA,finished,0.0
3792,PSR077,CARTON 5-PLY EXPORT 680*540*355,finished,0.0
3793,PSR078,CARTON 5-PLY EXPORT 570*380*310,finished,0.0
3794,PSR079,CARTON 5-PLY EXPORT 540*300*350,finished,0.0
3795,PSR080,CARTON 5-PLY EXPORT 680*350*320,finished,0.0
3796,PSR081,CARTON 5-PLY EXPORT 460*380*310,finished,0.0
3797,PSR082,CARTON 5-PLY EXPORT 460*290*320,finished,0.0
3798,PSR083,CARTON 5-PLY EXPORT 800*540*355,finished,0.0
3800,PSR085,CARTON 7-PLY 680*645*370 10PAIRS TURBAT,finished,0.0
3801,PSR086,CARTON EXPORT 5-PLY 680*460*320,finished,0.0
3802,PSR087,CARTON EXPORT 5-PLY 560*460*310,finished,0.0
3803,PSR088,CARTON EXPORT 5-PLY 540*540*355,finished,0.0
3804,PSR089,CARTON EXPORT 5-PLY 570*500*330,finished,0.0
3805,PSR090,CARTON EXPORT 5-PLY 500*460*330,finished,0.0
3806,PSR091,CARTON EXPORT 5-PLY 460*460*320,finished,0.0
3807,PSR092,CARTON EXPORT 5-PLY 540*460*355,finished,0.0
3808,PSR093,CARTON UNPRINTED 5-PLY 740*450*335MM,finished,0.0
3809,PSR094,CARTON EXPORT 5-PLY 800*640*350,finished,0.0
3810,PSR095,CARTON 7-PLY 680*645*370 SADA,finished,0.0
3811,PSR096,CARTON 5-PLY 620*480*330 WITH SERVIS LOGO,finished,0.0
3812,PSR097,CARTON 5-PLY 645*480*365 SADA,finished,0.0
3814,PSR099,CARTON 5-PLY EXPORT 460*200*310 PLAIN,finished,0.0
3815,PSR100,CARTON 5-PLY 645*610*360MM SADA,finished,0.0
3816,PSR101,CARTON 7-PLY 560*390*370MM PRINTED BLOCK ONE SIDE,finished,0.0
3817,PSR102,CARTON 5-PLY 590*510*360 SHAHKAM LOGO,finished,0.0
3818,PSR103,CARTON 5-PLY 670*400*360 ONE SIDE PRINTED,finished,0.0
3819,PSR104,CARTON 5-PLY 670*540*350 ONE SIDE PRINTED,finished,0.0
3820,PSR105,CARTON 5-PLY 635*400*360 SERVICE LOGO (KFC),finished,0.0
3821,PSR106,CARTON 5-PLY 645*380*350 ONE SIDE PRINTED BRAND NUMBER,finished,0.0
3823,PSR108,CARTON 5-PLY 610*153*526 WITH SERVIS LOGO,finished,0.0
3825,PSR110,CARTON 5-PLY 645*510*355 SADA,finished,0.0
3827,PSR112,CARTON 7-PLY 620*480*320 SADA,finished,0.0
3828,PSR113,CARTON 7-PLY 670*455*355 SADA,finished,0.0
3829,PSR114,CARTON 7-PLY 710*540*320 SADA,finished,0.0
3830,PSR115,CARTON 5-PLY 950*410*350 SADA,finished,0.0
3831,PSR116,CARTON 5-PLY 960*410*355 SADA,finished,0.0
3834,PSR119,CARTON 5-PLY 660*620*300 WITH SSC LOGO,finished,0.0
3836,PSR121,SERVIS CHEETA 320*215*120 TOP+BOTTOM LM,finished,0.0
3837,PSR122,CARTON 5PLY 680*500*330 SERVIS LOGO,finished,0.0
3838,PSR123,CARTON 5PLY 440*260*205 SERVIS LOGO,finished,0.0
3839,PSR124,CARTON 5PLY 645*510*365  UNPRINTED,finished,0.0
3841,PSR126,SERVIS CHEETA 320*175*120 TOP+BOTTOM LM,finished,0.0
3843,PSR128,SADA CORTOON 5P 679x455x359,finished,0.0
3844,PSR129,SERVIS TOP+BOTTOM 320*175*120,finished,0.0
3845,PSR130,SERVIS TOP+BOTTOM 320*215*120,finished,0.0
3846,PSR131,CARTON 5PLY 555*495*325 WITH SERVIS LOGO,finished,0.0
3847,PSR132,CATON 5-PLY 540*530*340 SERVIS LOGO,finished,0.0
3850,PSR135,CARTON 5 PLY 650*380*300MM  SSC,finished,0.0
3851,PSR136,CARTON 5 PLY 620*340*300MM SSC,finished,0.0
3853,PSR138,CARTON 5 PLY 650*380*300 SERVIC LOGO,finished,0.0
3854,PSR139,CARTON 5-PLY 650*450*295 WITH SERVIC LOGO,finished,0.0
3856,PSR141,CARTON 5-PLY 645*680*370 UNPRINTED,finished,0.0
3857,PSR142,CARTON 5-PLY 730*500*335 WITH SERVIS LOGO,finished,0.0
3858,PSR143,CARTON 5-PLY 650*290*320 WITH SSC LOGO,finished,0.0
3860,PSR145,CARTON 5-PLY 620*500*320 WITH SERVIS LOGO,finished,0.0
3862,PSR147,CARTON 5PLY  760*400*360 SERVIS LOGO,finished,0.0
3891,PSS002,TARZGI FRUTI SOAP ORANGE 48 PCS C4 P3 LN,finished,0.0
3902,PSS003,TAZGI FRUTI SOAP PEACH 48 PCS C4 P3 LN,finished,0.0
3924,PSS005,TAZGI FRUTI SOAP ORANGE 72 PCS NEW SIZE C4 P3 LN,finished,0.0
3935,PSS006,TAZGI FRUTI SOAP PEACH 72 PCS NEW SIZE C4 P3 LN,finished,0.0
3939,PSS007,TAZGI BEAUTY SOAP JASMINE 72 PCS C4 P3 LN,finished,0.0
3941,PSS009,NISMA BEAUTY SOAP JASMINE 72PCS C4 P3 LN,finished,0.0
3942,PSS010,NISMA FRUTI SOAP ORANGE 48PCS C4 P3 LN,finished,0.0
3943,PSS011,NISMA FRUTI SOAP PEACH 48PCS C4 P3 LN,finished,0.0
3944,PSS012,NISMA FRUTI SOAP LEMON 48PCS C4 P3 LN,finished,0.0
3945,PSS013,NISMA FRUTI SOAP LEMON 72PCS NEW SIZE C4 P3 LN,finished,0.0
3946,PSS014,NISMA FRUTI SOAP ORANGE 72PCS NEW SIZE C4 P3 LN,finished,0.0
3947,PSS015,NISMA FRUTI SOAP PEACH 72PCS NEW SIZE C4 P3 LN,finished,0.0
3950,PSS018,TRAIN NAROL 790 C2 P3 LN,finished,0.0
3953,PSS021,PUNJAB NAROL 792 C2 P3 LN,finished,0.0
3955,PSS023,TRAIN NAROL 794 C2 P3 LN,finished,0.0
3956,PSS024,TRAIN NAROL 796 C2 P3 LN,finished,0.0
3958,PSS026,TRAIN NO.024 C2 P3 LN,finished,0.0
3965,PSS033,TRAIN NAROL BLUE 9KG (TRAIN MARKA) C2 P3 LN,finished,0.0
3966,PSS034,TRAIN SPECIAL 20 TIKKI 017 C4 P3 LN,finished,0.0
3969,PSS037,TRAIN 36 TIKKI 051 C2 P3 LN,finished,0.0
3975,PSS043,TRAIN SANDALI NO.5 C3 P3 LN,finished,0.0
3976,PSS044,TRAIN SANDALI NO.6 C3 P3 LN,finished,0.0
3979,PSS047,TRAIN NO.C-112 C4 P3 LN,finished,0.0
3980,PSS048,FEROZA C4 P3 LN,finished,0.0
3981,PSS049,TRAIN NO.C-112 C4 P5 LN,finished,0.0
3982,PSS050,FEROZA C4 P5 LN,finished,0.0
3988,PSS056,TRAIN RAHEEL 20 TIKKI NO.149 C4 P3 LN,finished,0.0
3990,PSS058,TRAIN SARHAD 40 TIKKI C2 P3 LN,finished,0.0
3991,PSS059,SAUD SABON SIZE TRAIN C-145 40 TIKKI C2 P3 LN,finished,0.0
3994,PSS062,TRAIN NO.62 C4 P5 LN,finished,0.0
3996,PSS064,TRAIN NAROWAL C4 P3 LN,finished,0.0
3997,PSS065,TRAIN SIALKOT LARGE C4 P3 LN,finished,0.0
3998,PSS066,TRAIN BUTKHELA C4 P3 LN,finished,0.0
3999,PSS067,BROWN SADA C2 P5 LN,finished,0.0
4000,PSS068,TRAIN MARKA NAROL 8KG GREEN C2 P3 LN,finished,0.0
4001,PSS069,TRAIN MARKA NAROL 056 C2 P3 LN,finished,0.0
4002,PSS070,TRAIN BROWN CHAKOR 36 TIKKI C3 P3 LN,finished,0.0
4003,PSS071,TRAIN BROWN CHAKOR 72 TIKKI C3 P3 LN,finished,0.0
4004,PSS072,TRAIN RAHEEL MISKEEN ZAI 029 C1 P3 LN,finished,0.0
4007,PSS075,TRAIN BROWN CHAKOR 40 TIKKI 788 SMALL C4 P3 LN,finished,0.0
4008,PSS076,TRAIN BROWN CHAKOR 40 TIKKI 789 LARGE C4 P3 LN,finished,0.0
4009,PSS077,TRAIN BROWN BAR 36 TIKKI MULTAN C2 P3 LN,finished,0.0
4010,PSS078,TRAIN GULI 500/20 MULTAN C2 P3 LN,finished,0.0
4011,PSS079,TRAIN BROWN 200/20 MULTAN C2 P3 LN,finished,0.0
4012,PSS080,TRAIN EXTRA NEET 9 KG 4 PACK C4 P3 LN,finished,0.0
4018,PSS086,LASHKARA NO.16 C2 P3 LN,finished,0.0
4019,PSS087,LASHKARA 130/40 NO.17 C2 P3 LN,finished,0.0
4020,PSS088,LASHKARA SIALKOT NO.019 C4 P3 LN,finished,0.0
4022,PSS090,LASHKARA BROWN BAR 280/40 NO.24 C3 P3 LN,finished,0.0
4023,PSS091,LASHKARA NO.25 C3 P3 LN,finished,0.0
4025,PSS093,LASHKARA NO.0027 C2 P3 LN,finished,0.0
4027,PSS095,LASHKARA 180/40 NO.28 C3 P3 LN,finished,0.0
4028,PSS096,LASHKARA BROWN BAR NO.29 C3 P3 LN,finished,0.0
4029,PSS097,LASHKARA NO.30 C3 P3 LN,finished,0.0
4031,PSS099,LASHKARA BROWN NO.32 C3 P3 LN,finished,0.0
4037,PSS105,LASHKARA 18 KG NO.42 C3 P3 LN,finished,0.0
4038,PSS106,LASHKARA 20 KG NO.42 C3 P3 LN,finished,0.0
4043,PSS111,LASHKARA CHOCOLATE NO.046 C2 P3 LN,finished,0.0
4046,PSS114,TRAIN WHITE 8 KG  C4 P5 LN,finished,0.0
4047,PSS115,TRAIN RAHEEL MISKEEN ZAI 029 C1 P5 LN,finished,0.0
4048,PSS116,LASHKARA NO.48 C2 P3 LN,finished,0.0
4050,PSS118,LASHKARA 240/36 NO.50 C2 P3 LN,finished,0.0
4060,PSS128,LASHKARA NO. 166 C5 P3 LN,finished,0.0
4062,PSS130,LASHKARA NO. 806 C2 P3 LN,finished,0.0
4065,PSS133,TRAIN  POWER 10 KG C2 P3 LN,finished,0.0
4066,PSS134,LASHKARA 28*32 19 KG C4 P3 LN,finished,0.0
4068,PSS136,LASHKARA SINDH NO.011 C2 P3,finished,0.0
4077,PSS145,RAHIL MASKEEN ZAI NO.030 C1 P5 LN,finished,0.0
4124,PSS192,SUPER NAWAZ 303 80 TIKKI C1 P3 LN,finished,0.0
4130,PSS198,BRILLO FRUTI SOAP LEMON 72PCS C4 P3 LN,finished,0.0
4131,PSS199,CC NO. 65 DIY L 65 C2 P3 LN,finished,0.0
4132,PSS200,RING 10 KG DIY L10 KG,finished,0.0
4133,PSS201,BRILLO TRANS 40 TIKKI C2 P3 LN,finished,0.0
4134,PSS202,POWER 20 TIKKI C2 P3 LN,finished,0.0
4135,PSS203,NASEEM 20 TIKKI C2 P3 LN,finished,0.0
4136,PSS204,TOOR NAROL 20 TIKKI NEW C2 P3 LN,finished,0.0
4137,PSS205,CC 4 PACK 9KG C2 P3 LN,finished,0.0
4138,PSS206,JUNGLE NO. 796 C4 P3 LN,finished,0.0
4139,PSS207,NASEEM SOAP 40 TIKI DIE ADIL 170 GRAM C1 P3 LN,finished,0.0
4140,PSS208,LASHKARA 16KG NO.42 C3 P3 LN,finished,0.0
4141,PSS209,JUNGLE 20 KG NO.37 C2 P3 LN,finished,0.0
4142,PSS210,CC 10 KG C4 P3 LN,finished,0.0
4143,PSS211,BRILLO BEAUTY SOAP KHAKI RED 48 PCS C2 P3 LN,finished,0.0
4144,PSS212,BRILLO BEAUTY SOAP BLACK 48 PCS C2 P3 LN,finished,0.0
4145,PSS213,BRILLO BEAUTY SOAP PINK 48 PCS C2 P3 LN,finished,0.0
4146,PSS214,TRAIN LIQUID NEEL C1 P3 LN,finished,0.0
4147,PSS215,SEHAT SOAP 36 PCS C2 P3 CBB,finished,0.0
4148,PSS216,CC NO.35 ASAL C2 P3,finished,0.0
4149,PSS217,JUNGLE 40 PACK NO.797,finished,0.0
4150,PSS218,ADILL SABOON 195 GRM P3 C2 LN,finished,0.0
4151,PSS219,ADILL SABON 150 GRM P3 C2 LN,finished,0.0
4152,PSS220,TAZGI BEAUTY SOAP 90/72 P BROWN P3 C1,finished,0.0
4153,PSS221,ADILL SABON 170 GRM P2 C2 LN,finished,0.0
4154,PSS222,GHAZI 10 KG C4 P3 LN,finished,0.0
4155,PSS223,GHAZI 9KG/8KG C4 P3 LN,finished,0.0
4156,PSS224,BILLAL 20 TIKKI C1 P3 LN KHAKI,finished,0.0
4157,PSS225,JAMAL 40 TIKKI C1 P3 LN,finished,0.0
4158,PSS226,GHAZI 13 KG C4 P3 LN,finished,0.0
4159,PSS227,BRILLO PREMIUM C4 P3 LN,finished,0.0
4160,PSS228,CC KHAYAM 2 COLORS C2 P3 LN,finished,0.0
4161,PSS229,FEROZ GUARDER 20 TIKKI C2 P3 LN,finished,0.0
4162,PSS230,RING NO.021 C2 P3 LN,finished,0.0
4163,PSS231,TRAIN NEEL LIQUID 150*48 C1 P3 LN,finished,0.0
4164,PSS232,C C 4 PACK 10 KG C4 P3 LN,finished,0.0
4165,PSS233,RING  NO.35 ASAL RED C2 P3 LN,finished,0.0
4166,PSS234,SAHIL 40 TIKKI C1 P3 LN,finished,0.0
4167,PSS235,SAHIL 40 TIKKI C1 P5 LN KHAKI,finished,0.0
4168,PSS236,BRILLO FRUTI SOAP LEMON 48PCS C4 P3 LN,finished,0.0
4169,PSS237,TRAIN LIQUID BLEACH C1 P3 LN,finished,0.0
4170,PSS238,TRAIN 6 KG BLUE (NEW) C4 P3 LN,finished,0.0
4171,PSS239,TRAIN 6 KG WHITE (NEW) C4 P3 LN,finished,0.0
4172,PSS240,TRAIN 16KG,finished,0.0
4173,PSS241,TRAIN LAUNDRY NEW C2 P5 KHAKI,finished,0.0
4174,PSS242,TRAIN 30 TIKKI NEW C2 P3 LN,finished,0.0
4175,PSS243,SPICAL TRAIN CHOCLATE SOAP P3 C2 LN,finished,0.0
4176,PSS244,Train 12kg C4 P3 LN GREEN,finished,0.0
4177,PSS245,Ring No.15 C2 P3 LN,finished,0.0
4178,PSS246,CC SANDALI 124    C2 P3 LN,finished,0.0
4179,PSS247,LASHKARA NO.12 C2 P3 LN,finished,0.0
4180,PSS248,SEHAT SOAP 36 TIKKI C2 P5 LN (CBB),finished,0.0
4181,PSS249,TRAIN BUTKHELA C2 P3 LN,finished,0.0
4182,PSS250,TRAIN NO.148 C2 P3 LN,finished,0.0
4183,PSS251,PUNJAB NAROL SPECIAL C4 P3 LN,finished,0.0
4184,PSS252,TRAIN NO. 011 (NEW) C2 P3 LN,finished,0.0
4185,PSS253,LASHKARA NO 139 C2 P3 LN,finished,0.0
4186,PSS254,TRAIN NO. 116 C2 P3 LN,finished,0.0
4187,PSS255,JUNGLE NO. 0053 C2 P3 LN,finished,0.0
4188,PSS256,TAZGI BEAUTY55/72 PINK+BLACK+GREEN KHAKI C1 P3 LN,finished,0.0
4189,PSS257,TAZGI BEAUTY 60/72 BLACK KHAKI C1 P3 LN,finished,0.0
4190,PSS258,TAZGI ORANGE 48 PCS C4 P3 LN,finished,0.0
4191,PSS259,TAZGI LEMON 48 PCS C4 P3 LN,finished,0.0
4192,PSS260,TAZGI PEACH 48PCS C4 P3 LN,finished,0.0
4193,PSS261,LASHKARA SOAP DIE HEMAT C2 P3,finished,0.0
4194,PSS262,SUPER LIFE KHAKHI 48 PCS C1 P3 KRAFT,finished,0.0
4195,PSS263,JUNGLE NO. 00052 C2 P3 LN,finished,0.0
4196,PSS264,RAHEEM COOKING OIL  900ML/5 C4 P3 LN,finished,0.0
4197,PSS265,KHAYYAM COOKING OIL 900ML/5 C4 P3 LN,finished,0.0
4198,PSS266,SUPER LIFE SOAP KHAKI 65 GRM 72 PCS C1 P3 LN,finished,0.0
4199,PSS267,TRAIN LIQUID NEEL 300ML/12 C1 P3 LN,finished,0.0
4200,PSS268,TRAIN NO.032 C2 P3 LN,finished,0.0
4201,PSS269,CC LAUNDRY C2 P5 LN,finished,0.0
4202,PSS270,PILLOR SOAP 40 TIKKI C2 P3 LN,finished,0.0
4203,PSS271,PILLOR SOAP 20 TIKKI C2 P3 LN,finished,0.0
4204,PSS272,TRAIN SANDALI BAR  C2 P3 LN,finished,0.0
4205,PSS273,CC 4PACK 10KG C2 P3,finished,0.0
4206,PSS274,CC  NO.34 C2 P3 LN,finished,0.0
4207,PSS275,TRAIN BUTKHELA NO.116 C2 P3,finished,0.0
4208,PSS276,LASHKARA 20 TIKKI  NO.116 C2 P3,finished,0.0
4209,PSS277,RING  NO.116 C2 P3,finished,0.0
4210,PSS278,KHAN  NO.116 C2 P3,finished,0.0
4211,PSS279,TRAIN 20 TIKKI C2 P3 LN,finished,0.0
4212,PSS280,RING  NO.12 C2 P3 LN,finished,0.0
4213,PSS281,LASHKARA  BROWN BAR 36 TIKKI MULTAN C2 P3 LN,finished,0.0
4214,PSS282,RING  NO. 23,finished,0.0
4215,PSS283,TRAIN  LAUNDRY WHITE C2 P5 LN,finished,0.0
4216,PSS284,JUNGLE NO.796,finished,0.0
4217,PSS285,RING MULTAN 20 TIKKI C2 P3 LN,finished,0.0
4218,PSS286,TRAIN 16KG C2 P3 LN,finished,0.0
4219,PSS287,RING  NO.021 C2 P3,finished,0.0
4220,PSS288,TRAIN LIQUID BLUE  75ML/24  C1 P3 LN,finished,0.0
4221,PSS289,Lashkara Brown 200/20 Multan C2 P3 LN,finished,0.0
4222,PSS290,JUNGLE NO.166 C5 P3 LN,finished,0.0
4223,PSS291,LASHKARA NO.804 C2 P3 LN,finished,0.0
4224,PSS292,RING  NO.145 C2 P3 LN,finished,0.0
4225,PSS293,JUNGLE NO.12 C2 P3 LN,finished,0.0
4226,PSS294,TRAIN BUTKHELA SANDALI NO.4 C2 P3 LN,finished,0.0
4227,PSS295,LASHKARA 16 KG NO.42 C2 P3 LN,finished,0.0
4228,PSS296,TRAIN BUTKHELA  NO.31 C2 P3 LN,finished,0.0
4229,PSS297,LASHKARA NO.31  C2 P3 LN,finished,0.0
4230,PSS298,TRAIN POWER 9KG C2 P3,finished,0.0
4231,PSS299,TRAIN SPECIAL 4 PACK  026 (BAIZAY WALA) C4 P3 LN NO.35 ASALSIZE,finished,0.0
4232,PSS300,RING  NO.34 C2 P3 LN,finished,0.0
4233,PSS301,RING NO.022 C2 P3 LN,finished,0.0
4234,PSS302,RING  NO.116 C2 P3 LN,finished,0.0
4235,PSS303,BRILLO 7 KG C2 P3 LN,finished,0.0
4236,PSS304,CC LAUNDRY BLACK+YELLOW C2 P3 LN,finished,0.0
4237,PSS305,CC LAUNDRY RED+BLUE  C2 P3 LN,finished,0.0
4238,PSS306,CC LAUNDRY BLACK+YELLOW C2 P5 LN,finished,0.0
4239,PSS307,CC LAUNDRY RED+BLUE  C2 P5 LN,finished,0.0
4240,PSS308,TRAIN  LAUNDRY (WHITE)  C2 P5 LN,finished,0.0
4241,PSS309,PILLOR STAR SOAP C2 P3 LN,finished,0.0
4242,PSS310,LASHKARA 20 KG NO.37 C2 P3 LN,finished,0.0
4243,PSS311,LASHKARA 15 KG C2 P3 LN,finished,0.0
4244,PSS312,LASHKARA 20 KG NO.37 C2 P3 LN,finished,0.0
4245,PSS313,CC SOAP SMALL KHAYYAM,finished,0.0
4246,PSS314,TRAIN BOX BOARD LAUNDRY C2 P5 LN,finished,0.0
4247,PSS315,TRAIN NO.111 C2 P3 LN,finished,0.0
4248,PSS316,CC  NO.12 C2 P3 LN,finished,0.0
4249,PSS317,CC SANDALI NO.1 C2 P3 LN,finished,0.0
4250,PSS318,RING SANDALI NO.1 C2 P3 LN,finished,0.0
4251,PSS319,SUPER LIFE SOAP 60/72 C1 P3 LN,finished,0.0
4252,PSS320,TRAIN NO.024 C2 P3 LN DYE 0022,finished,0.0
4253,PSS321,CC No.34 2c 03LY,finished,0.0
4254,PSS322,TRAIN No.35 C2 P3 LN DYE NO.35 ASAL,finished,0.0
4255,PSS323,JUNGLE 06 C2 P3,finished,0.0
4256,PSS324,JAMAL YELLOW SOAP C2 P3 LN,finished,0.0
4257,PSS325,JAMAL SOAP 40 TAKKI C1 P3 LN,finished,0.0
4258,PSS326,RASHID BEAUTY SOAP 72TIKKI C1 P3 LN,finished,0.0
4259,PSS327,BOXER BEAUTY SOAP 72PCS KHAKI C2 P3 LN,finished,0.0
4260,PSS328,Super Nawaz 40Takki C1 P3 LN,finished,0.0
4261,PSS329,SADAF T20 BLUE+RED C2 P3 LN,finished,0.0
4262,PSS330,CC Fruity Soap Orange 72Pc C4 P3 LN,finished,0.0
4263,PSS331,LASHKARA LAUNDRY NO.66 BLACK TEST LINE C1 P3 LN,finished,0.0
4264,PSS332,CC Fruity Soap Lemon 72Pc C4 P3 LN,finished,0.0
4265,PSS333,CC Fruity Soap Peach 72Pc C4 P3 LN,finished,0.0
4266,PSS334,TRAIN LAUNDRY NEW C2 P3,finished,0.0
4267,PSS335,CC 48 PCS PEACH C4 P3 LN,finished,0.0
4268,PSS336,RING NO.011 C2 P3 LN,finished,0.0
4269,PSS337,CC NO.34 C2 P3 LN,finished,0.0
4270,PSS338,RING NO.49 KHAKI C1 P3 LN,finished,0.0
4271,PSS339,CC 48 PCS ORANGE C4 P3 LN,finished,0.0
4272,PSS340,CC 48 PCS LEMON C4 P3 LN,finished,0.0
4273,PSS341,RING SOAP BAR 50 No.50 TEST LINER C1 P3 LN,finished,0.0
4274,PSS342,TRAIN NO.048 C2 P3 UP2,finished,0.0
4275,PSS343,TRAIN NO.011 SINDH 40 TIKKI C2 P3 UP2,finished,0.0
4276,PSS344,RASHID BEAUTY SOAP 48PC C1 P3 UP1,finished,0.0
4277,PSS345,RING 6KG C2 P3 LN,finished,0.0
4278,PSS346,RING 14KG C2 P3 LN,finished,0.0
4279,PSS347,RING 16KG C2 P3 LN,finished,0.0
4280,PSS348,LASHKARA NO.140 C2 P3 LN,finished,0.0
4281,PSS349,TRAIN SANDALI BAR NO.143  C2 P3 LN,finished,0.0
4282,PSS350,CC NO.140 C2 P3 LN,finished,0.0
4283,PSS351,KAUSAR SABOON 40CAKE C2 P3 LN,finished,0.0
4284,PSS352,KAUSAR SABOON 40CAKE C1 P3 LN,finished,0.0
4285,PSS353,RING NO.140 C2 P3 LN,finished,0.0
4286,PSS354,TAZGI HANDWASH 500ML*6 C1 P3 LN,finished,0.0
4287,PSS355,TRAIN SANDLI NO.111 C2 P3 LN QUETTA,finished,0.0
4288,PSS356,JUNGLE SOAP No.48 C2 p3 LN,finished,0.0
4289,PSS357,PUNJAB NAROL NO.791 C3 P3 LN,finished,0.0
4290,PSS358,PUNJAB NAROL NO.792 C2 P3 LN,finished,0.0
4291,PSS359,JUNGLE NO.0013 C2 P3 LN,finished,0.0
4292,PSS360,TRAIN ASAL NO.35 C2 P3 LN,finished,0.0
4293,PSS361,TRAIN NO.12 C2 P3 LN,finished,0.0
4294,PSS362,RING SOAP 02 C1 P3 LN,finished,0.0
4295,PSS363,TRAIN 8 KG C2 P3 LN,finished,0.0
4296,PSS364,TRAIN TAQAT COLOR NO.34 C2 P3 LN,finished,0.0
4297,PSS365,LASHKARA 6KG C2 P3 LN,finished,0.0
4298,PSS366,TRAIN NO.048 C2 P3 UP2,finished,0.0
4299,PSS367,LASHKARA 145 NEW SIZE C3 P3 LN,finished,0.0
4300,PSS368,TRAIN GUL GULAB C3 P3 LN,finished,0.0
4301,PSS369,BAHAR SOAP 303 NO.0055 C3 P3 LN,finished,0.0
4302,PSS370,TRAIN 6KG 2 COLOUR C2 P3 LN,finished,0.0
4303,PSS371,TRAIN SOAP DYE 021 C2 LN P3,finished,0.0
4304,PSS372,BAHAR SOAP 303 NO.55 C3 P3 LN,finished,0.0
4305,PSS373,BAHAR 303 LANDAURY SOAP NO.56 C3 P3 LN,finished,0.0
4306,PSS374,GUL NAQEEB SOAP 36 CAKE C2 P3 LN(48),finished,0.0
4307,PSS375,JUNGLE NO.111 C2 P3 LN,finished,0.0
4308,PSS376,BRILLO FRUTI SOAP ORANGE 48PCS C4 P3 LN,finished,0.0
4309,PSS377,JUNGLE  NO.15 C2 P3 LN,finished,0.0
4310,PSS378,HOME NATIONAL SOAP 30CAKES C2 P3 LN,finished,0.0
4311,PSS379,HOME NATIONAL SOAP 24CAKES C2 P3 LN,finished,0.0
4312,PSS380,PUNJAB DARJA NO.1 DEY NO.35 ASAL C4 P3 LN,finished,0.0
4313,PSS381,TOOR SOAP 20 CAKES C2 P3 LN (NEW SIZE),finished,0.0
4314,PSS382,LASHKARA 67NO C2 P3 LN,finished,0.0
4315,PSS383,NASEEM SABOON 40 CAKE C1 P3 LN (DIE ADIL 150GM),finished,0.0
4316,PSS384,TRAIN 8KG GREEN P4 C3 LN,finished,0.0
4317,PSS385,LASHKARA 20 TIKKKI SARHAD SIZE C2 P3 LN,finished,0.0
4318,PSS386,"JUNGLE 786, KHAKI SADA P3,LN",finished,0.0
4319,PSS387,"KHAKI SADA CTN, 34 NO DIE P3, LN",finished,0.0
4320,PSS388,"KHAKI SADA CTN,35 NO ASAL DIE,P3 LN",finished,0.0
4321,PSS389,"KHAKI SADA CTN, 9KG DIE P3 LN",finished,0.0
4322,PSS390,"RING 141, C2, P3 LN",finished,0.0
4323,PSS391,LASHKARA SOAP 20 CAKES DYE 011 SINDH C2 P3 LN,finished,0.0
4324,PSS392,KASHISH SOAP C2 P3 LN DIE 35 ASAL,finished,0.0
4325,PSS393,TRAIN TAQAT COLOR DYE NO.35 ASAL C2 P3 LN,finished,0.0
4326,PSS394,JUNGLE #35 SINDH C2 P3 LN,finished,0.0
4327,PSS395,KASHISH SOAP NO.34 C2 P3 LN,finished,0.0
4328,PSS396,KASHISH SOAP 9KG DYE P3 C2 LN,finished,0.0
4329,PSS397,TRAIN STAR LAUNDRY SOAP C1 P5 LN,finished,0.0
4330,PSS398,RING SOAP 14KG C2 P3 LN,finished,0.0
4331,PSS399,RING SOAP 12KG C2 P3 LN,finished,0.0
4332,PSS400,LASHKARA SOAP DIE JUNGLE 00052 C2 P3 LN,finished,0.0
4333,PSS401,RING SOAP DIE 8 KG C2 P3 LN,finished,0.0
4334,PSS402,CC BEAUTY SOAP115/48 CAKE KHAKI C1 P3 LN,finished,0.0
4335,PSS403,TRAIN SOAP DIE POWER 20 TIKKI C2 P3 LN,finished,0.0
4336,PSS404,SADA CARTON KHAKI DEY NO#35 SINDH,finished,0.0
4337,PSS405,SADA CARTON CBB DEY NO#35 SINDH,finished,0.0
4338,PSS406,TRAIN SOAP 0022 C2 P3,finished,0.0
4339,PSS407,LASHKARA LAUNDERY NO#66 C1 P3 LN (CBB),finished,0.0
4340,PSS408,KASHISH SOAP DEY NO#35 sindh C2 P3,finished,0.0
4341,PSS409,CC BEAUTY SOAP 72PCS KHAKI C 1 P3 LN,finished,0.0
4342,PSS410,TRAIN SOAP KHAKI SADA NO#116 P3,finished,0.0
4343,PSS411,LASHKARA SOAP SADA CTN 032 DIY P3,finished,0.0
4344,PSS412,LASHKARA NO#032 C2 P3 LN,finished,0.0
4345,PSS413,RING SARHAD SIZE C2 P3 LN,finished,0.0
4346,PSS414,LASHKARA SOAP 011 DIE C2 P3 LN,finished,0.0
4347,PSS415,JUNGLE 0055 C2 P3 LN,finished,0.0
4348,PSS416,TRAIN TAQAT COLOUR 9 KG C2 P3 LN,finished,0.0
4349,PSS417,TRAIN 34 NO. C2 P3 LN,finished,0.0
4350,PSS418,TRAIN 35 SINDH C2 P3 LN,finished,0.0
4351,PSS419,TRAIN 111 DIE 143 NO.C2 P3 LN,finished,0.0
4352,PSS420,TRAIN 111 RED DIE 15 NO. C2 P3 LN,finished,0.0
4353,PSS421,TRAIN 111 RED DIE 12 NO.LASHKARA C2 P3 LN,finished,0.0
4354,PSS422,JUNGLE DIE 140 C2 P3 LN,finished,0.0
4355,PSS423,LASHKARA NO.113 C3 P3 LN,finished,0.0
4356,PSS424,VINUS SOAP DEY NO.35 SINDH C2 P3,finished,0.0
4357,PSS425,LASHKARA SOAP DEY-024 C2 P3 LN,finished,0.0
4358,PSS426,KHAKI  SADA CTN DEY TRAIN SARHAD SIZE,finished,0.0
4359,PSS427,KHAKI SADA CTN  TRAIN SARHAD DEY,finished,0.0
4360,PSS428,BAHAR 303 LAUNDRY SOAP DEY JUNGLE 18KG,finished,0.0
4361,PSS429,TRAIN LAUNDRY KHAKI P3 C2,finished,0.0
4362,PSS430,BILLI NAROL 40 TIKKI P3 C2,finished,0.0
4363,PSS431,BILLI NAROL 40 TIKKI C2 P3 (DEY TRAIN LAUNDRY),finished,0.0
4364,PSS432,BILLI NAROL 40 TIKKI (DEY TRAIN 059) C2 P3,finished,0.0
4365,PSS433,BILLI NAROL 40 TIKKI RED DEY NO.021  C2 P3,finished,0.0
4366,PSS434,BILLI SUPREME QUALITY SOAP 40 TIKKI C3 P3,finished,0.0
4367,PSS435,LASHKARA 140 DEY 141 C2 P3,finished,0.0
4368,PSS436,BILLI NAROL 40 TIKKI RED  C2 P3,finished,0.0
4369,PSS437,SPICAL TRAIN SOAP DEY#143 C2 P3,finished,0.0
4370,PSS438,SADA DABA DEY 9KG,finished,0.0
4371,PSS439,KHAKI SADA CTN DEY 8KG,finished,0.0
4372,PSS440,LASHKARA SOAP NO.12 NEW SIZE,finished,0.0
4373,PSS441,TRAIN MARKA NAROL DEY 9KG P3 C2,finished,0.0
4374,PSS442,LASHKARA SOAP DEY 8KG TRAIN C2 P3,finished,0.0
4375,PSS443,CC LAUNDRY (NEW SIZE CBB) P5 C2,finished,0.0
4376,PSS444,TRAIN SOAP NO.65 (DEY LASHKARA) C2 P3,finished,0.0
4377,PSS445,TRAIN SANDALI BAR NO.111 (DEY MULTAN 20 CAKE),finished,0.0
4378,PSS446,GHAZI 6KL C4 P3 LN,finished,0.0
4379,PSS447,BILLI NAROL DEY NO.143 C2 P3 LN,finished,0.0
4380,PSS448,KHAKI SADA CTN (DEY LASHKARA NO.0013) P3,finished,0.0
4381,PSS449,ASKARI SOAP DEY NO.143 C2 P3,finished,0.0
4382,PSS450,ABBASI SOAP DEY SANDALI NO.02 C2 P3,finished,0.0
4383,PSS451,ALVI G SOAP C2 P3,finished,0.0
4384,PSS452,JUNGLE SOAP DEY NO.141 C2 P3,finished,0.0
4385,PSS453,KHAKI SADA CTN DEY TRAIN 6KG,finished,0.0
4386,PSS454,TRAIN BUTKHELA DEY SANDALI NO.2 C2 P3 LN,finished,0.0
4387,PSS455,TRAIN SOAP NO.011 NEW,finished,0.0
4388,PSS456,JUNGLE PRINTING DEY NO.17,finished,0.0
4389,PSS457,BILLI NAROL DEY ALVI,finished,0.0
4390,PSS458,BILLI NAROL DEY SANDALI NO.2,finished,0.0
4391,PSS459,TOOR NAROL 20 TIKKI  NEW SIZE C2 P3,finished,0.0
4392,PSS460,NASEEM NAROL 20 TIKKI  NEW SIZE C2 P3,finished,0.0
4393,PSS461,LASHKARA 100GRAM C2 P3,finished,0.0
4394,PSS462,LASHKARA NO.17 NEW SIZE,finished,0.0
4395,PSS463,LASHKARA SOAP DIE 8 KG C2 P3 LN,finished,0.0
4396,PSS464,BILLI SUPREME DEY 36 TIKKI MULTAN C2 P3,finished,0.0
4397,PSS465,CC SANDALI NO.141 C2 P3,finished,0.0
4398,PSS466,TRAIN 12KG C2 P3,finished,0.0
4399,PSS467,HOME NATIONAL SOAP DYE # 47 LASHKARA C2 P3,finished,0.0
4400,PSS468,CC NO.111 C2 P3,finished,0.0
4401,PSS469,BILLI SOAP PRINTINF DIE TRAIN SANDALI NO.1,finished,0.0
4402,PSS470,BILLI SUPREME (DEY BRILLO 4 PACK) C3 P3,finished,0.0
4403,PSS471,LASHKARA SOAP DYE TRAIN 059 C2 P3,finished,0.0
4404,PSS472,TRAIN SOAP DEY#NEW NASEEM 20 TIKKI C2 P3,finished,0.0
4405,PSS473,TRAIN SOAP NO.150 C2 P3,finished,0.0
4406,PSS474,RING SOAP DEY SANDALI NEW SIZE NO#1,finished,0.0
4407,PSS475,LASHKARA SOAP DYE RING NO.50,finished,0.0
4408,PSS476,BAHAR NO.303 DARJA AWAL C2 P3,finished,0.0
4409,PSS477,BAHAR NO.303 SUPREME C2 P3,finished,0.0
4410,PSS478,BAHAR SUPER POWER NO#303 C2,finished,0.0
4411,PSS479,BAHAR NO.303 NEW DEY NO.17 C1 P3,finished,0.0
4412,PSS480,TRAIN SOAP NEW SIZE C2 P3,finished,0.0
4413,PSS481,TRAIN111 DYE TRAIN 059 C2 P3,finished,0.0
4414,PSS482,TRAIN BATKHELA DYE 059 C2 P3,finished,0.0
4415,PSS483,TRAIN SOAP DYE BRILLO 4 PACK C4 P3,finished,0.0
4416,PSS484,LASHKARA NO.1 C2 P3,finished,0.0
4417,PSS485,TRAIN 12KG ORANGE C2 P3,finished,0.0
4418,PSS486,RING SOAP DYE 059 C2 P3,finished,0.0
4419,PSS487,RING SOAP DYE NEW POWER 20 TIKKI C2 P3,finished,0.0
4420,PSS488,LASHKARA 100 GRAM C2 P3 (UNCOATED BOARD),finished,0.0
4421,PSS489,TRAIN 111 DIE LINE,finished,0.0
4422,PSS490,JUNGLE SOAP NO.12 NEW SIZE,finished,0.0
4423,PSS491,TRAIN 0022 NEW (UNCOTED BOARD) C2 P3,finished,0.0
4424,PSS492,JUNGLE NO.032 C2 P3 LN,finished,0.0
4425,PSS493,LASHKARA PRINTING DEY SANDALI NO.2 C2 P3 LN,finished,0.0
4426,PSS494,TRAIN NO.36 C2 P3,finished,0.0
4427,PSS495,BAHAR NO.36 C2 P3,finished,0.0
4428,PSS496,JUNGLE SOAP DIE 0022 C2 P3,finished,0.0
4429,PSS497,CC 111 DIE NO.15 LASHKARA C2 P3,finished,0.0
4430,PSS498,CC 111 DIE BAHAR 303 DARJA AWAL C2 P3,finished,0.0
4431,PSS499,KHAKI SADA CTN DIE TRAIN 6KG P3,finished,0.0
4432,PSS500,KHAKI SADA CTN DIE LASHKARA NO.15 P3,finished,0.0
4433,PSS501,LASHKARA NO. 0022 C2 P3,finished,0.0
4434,PSS502,TRAIN#111 DYE NO.021 C2 P3,finished,0.0
4435,PSS503,LASHKARA PRINTING DYE 8KG C2 P3,finished,0.0
4436,PSS504,TRAIN LAUNDRY KHAKI C2 P3,finished,0.0
4437,PSS505,CC KHAYAM SMALL NEW SIZE C2 P3,finished,0.0
4438,PSS506,BRILLO 4 PACK DYE SANDALI#1 C2 P3,finished,0.0
4439,PSS507,CC BEAUTY SOAP 80/48 PACK C1 P3 KRAFT,finished,0.0
4440,PSS508,TAZGI BEAUTY SOAP 90/48 P KHAKI P3 C1,finished,0.0
4441,PSS509,TRAIN 71 NO.C2 P3,finished,0.0
4442,PSS510,TRAIN SOAP NO.70 C2 P3,finished,0.0
4443,PSS511,RING#58 C2 P3,finished,0.0
4444,PSS512,TRAIN #58 C2 P3,finished,0.0
4445,PSS513,RING#57 NEW C2 P3,finished,0.0
4446,PSS514,BAHAR SOAP DIE POWER 20 TIKKI C2 P3 LN,finished,0.0
4447,PSS515,VINUS SOAP DEY RING#140 C2 P3,finished,0.0
4448,PSS516,CC BEAUTY SOAP 80/72 KHAKI C1 P3,finished,0.0
4449,PSS517,CALEY BEATY SOAP 72PCS LARGE KHAKI C2 P3,finished,0.0
4450,PSS518,CALEY BEATY SOAP 72PCS SMAL KHAKI C2 P3,finished,0.0
4451,PSS519,GUL KHUSHBO SOAP DEY H/NATIONAL 30 CAKE C2 P3,finished,0.0
4452,PSS520,TAZGI BEAUTY SOAP 125G/72PCS C1 P3 KHAKI,finished,0.0
4453,PSS521,LASHKARA SOAP 011 DIE SINDH C2 P3 LN,finished,0.0
4454,PSS522,RING SOAP DYE NO.36 TRAIN C2 P3,finished,0.0
4455,PSS523,BRILLO DYE SANDALI NO.1 C3 P3 LN,finished,0.0
4456,PSS524,CC BEAUTY SOAP 144 PCS KHAKI C1 P3,finished,0.0
4457,PSS525,TRAIN 6KG BLUE C2 P5,finished,0.0
4458,PSS526,NASEEM NAROL 20 TIKKI DIE TRAIN NO.58 C2 P3,finished,0.0
4459,PSS527,BAHAR 303 DEY NO.58 TRAIN C2 P3,finished,0.0
4460,PSS528,GUL KHUSHBO SOAP DEY H/M 30 CAKE C3 P3,finished,0.0
4461,PSS529,GUL KHUSHBO SOAP NO.011 SINDH DIE P3 C3,finished,0.0
4462,PSS530,CC BEAUTY 80/48 NEW SIZE KHAKI C1 P3,finished,0.0
4463,PSS531,GUL KHUSHBO SOAP (H/M 24PCS DIE) P3 C3,finished,0.0
4464,PSS532,TRAIN SOAP DEY TOMATO C2 P3,finished,0.0
4465,PSS533,ENGLAND BEAUTY SOAP 48 TIKK C1 P3,finished,0.0
4466,PSS534,TRAIN BUTKHELA DEY NO.70 C2 P3,finished,0.0
4467,PSS535,BAHAR SOAP DEY LASHKARA NO.15 C2 P3,finished,0.0
4468,PSS536,VENUS SOAP NO.34 C2 P3,finished,0.0
4469,PSS537,VENUS 90/40 NO. 23 DEY C2 P3,finished,0.0
4470,PSS538,TAZGI BEAUTY 125/48 NEW SIZE KRAFT C1 P3,finished,0.0
4471,PSS539,VENUS SOAP DEY NO.140 C2 P3,finished,0.0
4472,PSS540,VENUS SOAP DEY NO.35 SINDH C2 P3,finished,0.0
4473,PSS541,VENUS SOAP DEY NO.35 ASAL C2 P3,finished,0.0
4474,PSS542,BRILLO NAROL NO#1 C1 P3 KHAKI,finished,0.0
4475,PSS543,BRILLO NAROL NO#791 C1 P3 KHAKI,finished,0.0
4476,PSS544,GUL KHUSHBO SOAP NO.011 SINDH DEY C3 P3,finished,0.0
4477,PSS545,TRAIN NO.70 SADA CTN P3,finished,0.0
4478,PSS546,LASHKARA NO.12 NEW SIZE C2 P3,finished,0.0
4479,PSS547,TRAIN NAROL 793  SADA P3,finished,0.0
4480,PSS548,TRAIN NAROL 792 SADA P3,finished,0.0
4481,PSS549,BAHAR SOAP DEY JUNGLE 18KG C3 P3,finished,0.0
4482,PSS550,CC SANDALI SOAP CODE NO.20 C2 P3,finished,0.0
4483,PSS551,VENUS SOAP CODE NO.20 C2 P3,finished,0.0
4484,PSS552,LASHKARA NO. 49 200/36 SADA P3 LN,finished,0.0
4485,PSS553,VENUS FRUITY SOAP 48CAKE LEMON C4 P3,finished,0.0
4486,PSS554,VENUS FRUITY SOAP 48CAKE ORANGE C4 P3,finished,0.0
4487,PSS555,VENUS SOAP NO.70 C2 P3,finished,0.0
4488,PSS556,BAHAR SOAP NO.49 KRAFT C1 P3 LN,finished,0.0
4489,PSS557,BAHAR SOAP DEY NO.17 NEW C2 P3,finished,0.0
4490,PSS558,TRAIN NAROL CODE.101 C1 P3,finished,0.0
4491,PSS559,TRAIN NAROL CODE.100 C1 P3,finished,0.0
4492,PSS560,VENUS SOAP DYE 9KG C2 P3,finished,0.0
4493,PSS561,BAHAR SOAP DYE #15 ASAL C3 P3,finished,0.0
4494,PSS562,VENUS SOAP NO.141 C2 P3,finished,0.0
4495,PSS563,TRAIN SOAP DYE POWER NEW C2 P3,finished,0.0
4496,PSS564,HIMALAYA SOAP DYE NO.70 C1 P3,finished,0.0
4497,PSS565,KOHSAR SOAP C4 P3 (UBB),finished,0.0
4498,PSS566,VENUS SAOP (DYE 792) C2 P3,finished,0.0
4499,PSS567,RASITA SAVOON 60 TIKKI KHAKI C1 P3,finished,0.0
4500,PSS568,TRAIN SUPER QUALITY DYE NO.026 C4 P3,finished,0.0
4501,PSS569,SADA CTN TRAIN NO.36 SINDH,finished,0.0
4502,PST001,CARTON FOR TUBE ASCENDO PRINT GRY/BLU 470*365*240 MM,finished,0.0
4503,PST002,CARTON KHAKI MAGNUM FOR TUBE 470*365*240MM F13/14,finished,0.0
4504,PST003,CARTON KHAKI 470*365*240 MM (CA18)AMIX 5PLY C1,finished,0.0
4505,PST004,CARTON SERVIS TUBE PRINT 470*365*240MM BOTH WHITE SIDE,finished,0.0
4506,PST005,CARTON KHAKI MAGNUM FOR TUBE 470*365*240MM 90/90-18,finished,0.0
4507,PST006,CARTON FR13/14 JFF PRINT 470*365*240MM,finished,0.0
4508,PST007,CARTON KHAKI 470*365*240 MM (CA14)AMIX 5PLY C1,finished,0.0
4509,PST008,5 PLY CARTON FOR DAMPER 70 CC 16*12*10 KHAKI C 1 P 5,finished,0.0
4510,PST009,WRAPPER POLY FILM 2.25/2.50-17 BUTYL TUBE BAG,finished,0.0
4511,PST010,CARTON KHAKI (CJ18) 470*365*240MM,finished,0.0
4512,PST011,CARTON KHAKI (CA19) 470*365*240MM,finished,0.0
4513,PST012,CARTON KHAKI (CJ17) 470*365*240MM,finished,0.0
4514,PST013,SPACER VARIANT 2,finished,0.0
4516,PST015,WRAPPER DURE MOTO PARTS 3-00-18,finished,0.0
4517,PST016,WRAPPER SERVIS DAMPE RUBBER 70CC,finished,0.0
4519,PST018,MOTORCYCLE CHAIN & SPROCKET KIT BL 70CC,finished,0.0
4520,PST019,M.CTN CHAIN & SPROCKET KIT 360*195*195,finished,0.0
4521,PST020,WRAPPER GRAPKS CAMARA DEAR GRA 19-90/90-19,finished,0.0
4522,PST021,WRAPPER GRAPKS CAMARA DEAR GRA 18.400-18,finished,0.0
4523,PST022,WRAPPER GRAPKS CAMARA DEAR GRA 18-300-18,finished,0.0
4524,PST023,WRAPPER GRAPKS CAMARA DEAR GRA 14-300-14,finished,0.0
4542,PTF018,TARANUM BLENDER CTN 3 IN 1 P4 C3 LY,finished,0.0
4547,PTM,TALHA Black pepper 25GRAM*144 PACK C4 P5,finished,0.0
4548,PTM001,TALHA FOODS MASALA CTN 100/125/500GM C2 P5 LN,finished,0.0
4549,PTM002,TALHA QASURI METHI 25GRAM/96PACK P3,finished,0.0
4550,PTM003,TALHA SMALL SADA CTN 1KG/12PACK,finished,0.0
4551,PTM004,TALHA MEDIUM SADA CTN 900 GRAM,finished,0.0
4552,PTM005,TALHA LARGE SADA CTN 1KG/16PACK,finished,0.0
4553,PTM006,SUPER STAR MUSTARD OIL 200ML*26 C2 P3,finished,0.0
4554,PTM007,SUPER STAR MUSTARD OIL 500ML C2 P3,finished,0.0
4555,PTM009,TALHA MASALA PURE 99%,finished,0.0
4556,PTM010,TALHA VINEGAR CTN C2 P5,finished,0.0
4557,PTM011,TALHA SALT C4 P5,finished,0.0
4558,PTM012,TALHA VERMICELLI C2 P5,finished,0.0
4559,PTM013,TALHA MASALA MIX CTN C2 P5,finished,0.0
4560,PTM014,TALHA MIX ACHAR CTN 288 PCS C2 P5,finished,0.0
4561,PTM015,TALHA MASALA CTN HALDI& MIRCH DALIYA C2 P5,finished,0.0
4562,PTM016,TALHA MASALA 8/12GRAM C2 P5,finished,0.0
4563,PTM017,TALHA TOMATO/CHILLI KETCHUP 30G/288PC CTN C2 P5,finished,0.0
4564,PTM018,TALHA MASALA 100/500 GRM CTN C2 P5,finished,0.0
4565,PTM019,TALHA CTN KHEER MIX C2 P5,finished,0.0
4566,PTM020,TALHA MUSTARD OIL 1000 ML (CBB) C2 P3,finished,0.0
4567,PTM021,TALHA TOMATO KETCHUP 250/500 GRAM C2 P5,finished,0.0
4568,PTM022,TALHA TOMATO KETCHUP 1KG*12 PACK,finished,0.0
4569,PTM023,CUSTARD POWDER 120*96 PACKS C2 P5,finished,0.0
4570,PTM024,CUSTARD POWDER 300 GRAM *48 PACK C2 P5,finished,0.0
4571,PTM025,TALHA MASALAY 1KG*12 PACK C2 P5,finished,0.0
4572,PTM026,TALHA KETCHUP/SIRKA 5KG*4 PACK  C2 P5,finished,0.0
4573,PTM027,TALHA MASALA 500/200/100 GRAM C 2 P3 KHAKI,finished,0.0
4574,PTM028,TALHA MASALA 200/100 GRAM C 2 P 5,finished,0.0
4575,PTM029,TALHA VERMICELLI 150*72PCS C2 P5,finished,0.0
4576,PUC001,HAIR REMOVER CREAM CTN SADA P3,finished,0.0
4581,PWF005,"KIRAN SOAP 20CAKES,6KG C2 P3 LN",finished,0.0
4583,PWF007,G.N Power Detergent Khaki P5 700 grm,finished,0.0
4584,PWF008,SADA KHAKI CARTON 5 PLY,finished,0.0
4585,PWF009,SADA CTN (BOX BOARD) P5,finished,0.0
4587,PWF011,G.N DETERGANT 36 PCS KHAKI P5 C1,finished,0.0
4588,PWF012,"KIRAN SOAP 40CAKES,8KG C1 P3",finished,0.0
4591,RAP 070,SHINEX RAPER,finished,0.0
4592,RAP 072,MONILITH GLUE RAPER,finished,0.0
4593,RAP0001,RAPER PAKEEZA REFINED 800GRAMS,finished,0.0
4595,RAP0010,RAPER RING GOLA 130/36,finished,0.0
4596,RAP0011,RAPER RING 130/36,finished,0.0
4597,RAP0012,RAPER RING 260/36,finished,0.0
4600,RAP003-1,RAPER LASHKARA 400 GRM,finished,0.0
4601,RAP003-2,RAPER LASHKARA 500GRM,finished,0.0
4602,RAP004,RAPER RING DISHWASH RS.10 (GREEN),finished,0.0
4604,RAP0051,PAPER REEL SIZE 12 (F & SF),finished,0.0
4608,RAP009,RAPER RAHIL 400 GRM,finished,0.0
4626,RAP027,RAPER COTTON DISHWASH SASHAY 10 RS,finished,0.0
4628,RAP029,BAHAR OIL SLEAVE 250ML,finished,0.0
4629,RAP030,BACHAT DISHWASH RAPER RS.10,finished,0.0
4630,RAP031,BRILLO DETERGENT BAG 4 KG,finished,0.0
4633,RAP034,RAPER PAIRACON DISHWASH RS.10,finished,0.0
4634,RAP035,RAPER PAIRACON DISHWASH RS.20,finished,0.0
4636,RAP037,RAPER VANIZA D/W SMALL,finished,0.0
4637,RAP038,RAPER VANIZA D/W LARGE,finished,0.0
4640,RAP041,RAPER BACHAT DETERGENT SASHAY RS. 10,finished,0.0
4642,RAP043,RAPER RAHIL 800 GRAM,finished,0.0
4644,RAP045,SAGA DISHWASH LONGBAR,finished,0.0
4650,RAP051,RAPER RIM D/W 90/72,finished,0.0
4651,RAP052,RAPER RIM D/W 120/36,finished,0.0
4655,RAP056,RAPER BOXER DETERGENT MILKY 1KG (450 MM),finished,0.0
4663,RAP064,RAPER RAHIL DETERGENT 2KG,finished,0.0
4665,RAP066,RAPER KHISRO TEA BIG,finished,0.0
4666,RAP067,RAPER KHISRO TEA SMALL,finished,0.0
4671,RAP072,RAPER MMC IODIZED SALT 600GRAM,finished,0.0
4673,RAP074,RAPER VANIZA FRUITY SOAP 155MM,finished,0.0
4674,RAP075,RAPER STAR DISHWASH 80 GRAM,finished,0.0
4675,RAP076,RAPER STAR DISHWASH 150 GRAM,finished,0.0
4676,RAP077,RAPER SHAHZAIN SOAP CLASSIC,finished,0.0
4677,RAP078,RAPER SHAHZAIN LAUNDRY SOAP LARGE,finished,0.0
4679,RAP080,RAPER PAIRACON  FRUITY SOAP (LEMON),finished,0.0
4681,RAP082,RAPER PRACON ORANGE (SMALL),finished,0.0
4682,RAP083,BAHAR OIL SLEAVE 500ML,finished,0.0
4683,RAP084,BAHAR OIL SLEAVE 1000ML,finished,0.0
4686,RAP087,VANIZA FRUITY SOAP  LEMON LARGE,finished,0.0
4687,RAP088,RAPER TOMATOO SOAP LARGE,finished,0.0
4688,RAP089,RAPER SHAHZAIN LAUNDRY SOAP SMALL,finished,0.0
4689,RAP090,RAPER STAR DISHWASH LONG BAR,finished,0.0
4693,RAP094,RAPER SKY BEAUTY SOAP BLACK,finished,0.0
4694,RAP095,RAPER SKY BEAUTY SOAP PINK,finished,0.0
4695,RAP096,KINZA BEAUTY SOAP PINK,finished,0.0
4697,RAP098,RAPER BACHAT RS.99,finished,0.0
4699,RAP100,RAPER MOMIN 1KG,finished,0.0
4700,RAP101,RAPER MOMIN 3KG,finished,0.0
4701,RAP102,RAPER MOMIN 5KG,finished,0.0
4703,RAP104,KARARI (TOP PRINTING),finished,0.0
4704,RAP105,RAPER SHINEX BAG,finished,0.0
4705,RAP106,RAPER MONILITH GLUE BAG,finished,0.0
4706,RAP107,RAPER PAKEEZA REFINED 800GRAMS,finished,0.0
4710,RAP111,RAPER LASHKARA 400 GRM,finished,0.0
4718,RAP119,RAPER FAUJI TEA 250 GRAM,finished,0.0
4719,RAP120,RAPER FAUJI TEA 500 GRM,finished,0.0
4720,RAP121,RAPER HARMONY FRUIT SOAP ORANGE SMALL,finished,0.0
4722,RAP123,RAPER TRAIN DISHWASH LONG BAR,finished,0.0
4723,RAP124,RAPER AMD PLASTIC,finished,0.0
4724,RAP125,RAPER FAUJI TEA 1000 GRAM,finished,0.0
4725,RAP126,RAPER RIM D/W RS.10,finished,0.0
4726,RAP127,RAPER BACHAT 4KG,finished,0.0
4728,RAP129,RAPER MK PLASTIC+SONY,finished,0.0
4729,RAP130,RAPER ZARYAN SOAP,finished,0.0
4730,RAP131,RAPER SHAHZAIN IST CLASS LAUNDRY SOAP (SMALL),finished,0.0
4731,RAP132,RAPER SHAHZAIN IST CLASS LAUNDRY SOAP (LARGE),finished,0.0
4732,RAP133,RAPER SHAHZAIN SOAP 882,finished,0.0
4733,RAP134,RAPER SHAHZAIN SUPREME SOAP,finished,0.0
4734,RAP135,SUPER KARARI (NEW),finished,0.0
4735,RAP136,FAIZAN PLASTIC SMALL,finished,0.0
4736,RAP137,FAIZAN PLASTIC LARGE,finished,0.0
4737,RAP138,KARARI SUPER,finished,0.0
4738,RAP139,CNG DISHWASH BAR 10RS,finished,0.0
4739,RAP140,CNG DISHWASH BAR 20RS,finished,0.0
4740,RAP141,RAPER GN DETERGENT 4KG,finished,0.0
4742,RAP145,FAIZA PONIA BOPP 600/20,finished,0.0
4744,RAP147,RAPER SUPER BASPATI RICE,finished,0.0
4745,RAP148,RAPER KAINAT 1121 STEAM  RICE,finished,0.0
4746,RAP149,RAPER MAZA DRESSING CHILLI 2LT,finished,0.0
4747,RAP150,RAPER BROWN GOLD SOAP,finished,0.0
4749,RAP152,RAPER HARMONHY FRUITY SOAP ORANG  LARGE,finished,0.0
4750,RAP153,RAPER BIG BUTTER TOFFEE,finished,0.0
4752,RAP155,RAPER VENUS SOAP ORANGE ADV FORMULA,finished,0.0
4753,RAP156,RAPER VENUS SOAP DARJA AWAL,finished,0.0
4754,RAP157,RAPER TRAIN SOAP NEW ADVANCE FORMULA,finished,0.0
4755,RAP158,RAPER VENUS SOAP ALA QUALITY,finished,0.0
4757,RAP160,RAPER K2 SPECIAL SOAP,finished,0.0
4758,RAP161,RAPER GOLD LUNCH BOX,finished,0.0
4759,RAP162,RAPER MEER BROWN SOAP,finished,0.0
4760,RAP163,RAPER MEER SPECIAL SOAP,finished,0.0
4761,RAP164,RAPER MINI BUTTER TOFFEE,finished,0.0
4762,RAP165,RAPER ASIAN PLASTC,finished,0.0
4763,RAP166,RAPER CHILI TOMATO,finished,0.0
4764,RAP167,RAPER GRALIC KACHUP,finished,0.0
4765,RAP168,RAPER GREEN PATLI FRIES,finished,0.0
4766,RAP169,RAPER POTATO STICKS,finished,0.0
4767,RAP170,RAPER MIX NIMKO,finished,0.0
4768,RAP171,RAPER BIG BRUNCH,finished,0.0
4769,RAP172,RAPER ANMOL SOAP,finished,0.0
4771,RAP174,RAPER MONSTA BLUEBERRY,finished,0.0
4772,RAP175,RAPER MONSTA STRAWBERRY,finished,0.0
4773,RAP176,RAPER MONSTA GREEN APPLE,finished,0.0
4774,RAP177,RAPER BOXER 500 GRAM,finished,0.0
4775,RAP178,RAPER GLOW & ZPI BASKET,finished,0.0
4777,RAP180,KAUSAR SPECIAL SOAP,finished,0.0
4778,RAP181,RAPER CHEETA DETERGENT RS.50,finished,0.0
4781,RAP184,RAPER TRAIN SOAP 4 PACK,finished,0.0
4782,RAP185,RAPER MEGA BUTTER TOFFEE,finished,0.0
4783,RAP186,RAPER ASIAN LUNCH BOX,finished,0.0
4784,RAP187,FUN TIME SNACKS (CYAN),finished,0.0
4785,RAP188,FUN TIME SNACKS (MAGENTA),finished,0.0
4786,RAP189,FUN TIME SNACKS (GREEN),finished,0.0
4787,RAP190,RAPER ASIAN LUNCH BOX 2,finished,0.0
4788,RAP191,RAPER KAUSAR SOAP 2 COLOR NEW,finished,0.0
4789,RAP192,RAPER SHAHZAIN SOAP 2 COLOR NEW,finished,0.0
4790,RAP193,RAPER LASHKARA DETERGENT 400GRAM,finished,0.0
4792,RAP195,RAPER SEASON CONOLA,finished,0.0
4793,RAP196,RAPER TRAIN DETERGENT BLUE (450/225g),finished,0.0
4794,RAP197,RAPER SAGA DETERGENT 200 GRAM,finished,0.0
4795,RAP198,RAPER PHOOL COOKING OIL,finished,0.0
4796,RAP199,RAPER PHOOL COOKING OIL,finished,0.0
4797,RAP200,RAPER JAGMAG DETERGENT 140 GRAM,finished,0.0
4798,RAP201,RAPER TRAIN DETERGENT 400 GRAM,finished,0.0
4799,RAP202,RAPER RING GOLA RS-30,finished,0.0
4800,RAP203,RAPER MARJINA SOAP,finished,0.0
4802,RAP205,RAPER PARA PLUS,finished,0.0
4803,RAP206,RAPER TRAIN LAUNDRY SOAP,finished,0.0
4806,RAP209,RAPER MAHFILI CLASIC RICE 5KG,finished,0.0
4808,RAP211,RAPER VENUS BEAUTY SOAP (FLOWER),finished,0.0
4809,RAP212,RAPER GLOW PLASTIC LAUNCH BOX,finished,0.0
4810,RAP213,RAPER FEEL BEAUTY SOAP,finished,0.0
4811,RAP214,RAPER CHEETA DETERGENT RS.10,finished,0.0
4812,RAP215,RAPER NISHAT TEA 450 GRAM YELLOW,finished,0.0
4814,RAP217,RAPER TAZGI GOLD BEAUTY SOAP (WHITE),finished,0.0
4815,RAP218,RAPER VENUS BEAUTY SOAP LARGE (FLOWER),finished,0.0
4816,RAP219,RAPER VENUS BEAUTY SOAP LARGE (JASMINE),finished,0.0
4817,RAP220,RAPER NAFEESA LUNCH BOX 01,finished,0.0
4818,RAP221,RAPER TOWER DETERGENT 800GRAM,finished,0.0
4819,RAP222,RAPER MERCEDES CEILLING FAN,finished,0.0
4820,RAP223,CLASSIC PLASTIC  BOPP,finished,0.0
4821,RAP224,RAPER SAFA DISHWASH LIQUID 1500 GRAM,finished,0.0
4822,RAP225,RAPER SAFA DISHWASH LIQUID 800 GRAM,finished,0.0
4823,RAP226,RAPER FOJI SUPREME COOKING OIL 1LT,finished,0.0
4824,RAP227,RAPER PAK ATLAS CEILLING FAN,finished,0.0
4825,RAP228,RAPER PAK ATLAS PEDISTAL FAN,finished,0.0
4826,RAP229,RAPER PAK ATLAS FAN BLADE,finished,0.0
4827,RAP230,RAPER PAK ATLAS FAN STAND,finished,0.0
4828,RAP231,RAPER GOLDEN STAR CELLING FAN,finished,0.0
4829,RAP232,RAPER GOLDEN STAR PEDISTAL FAN,finished,0.0
4830,RAP233,RAPER TRAIN DISHWASH GOLA 300/24,finished,0.0
4831,RAP234,RAPER GOLDEN STAR BLADE,finished,0.0
4832,RAP235,RAPER GOLDEN STAR STAND,finished,0.0
4833,RAP236,RAPER TAZGI GOLD BEAUTY SOAP (PURPLE),finished,0.0
4834,RAP237,RAPER TAZGI GOLD BEAUTY SOAP (PINK),finished,0.0
4835,RAP238,RAPER TOWER DETERGENT RS.50,finished,0.0
4836,RAP239,RAPER TOWER DETERGENT RS.100,finished,0.0
4837,RAP240,TRAIN DETERGENT FAST ACTION 500 GRAM,finished,0.0
4838,RAP241,RAPER LARAIB LEMON FRUITY SOAP,finished,0.0
4839,RAP242,RAPER TOWER DETERGENT 3KG,finished,0.0
4840,RAP243,RAPER TOWER DETERGENT 5KG,finished,0.0
4841,RAP244,RAPER FRENCH CHOICE MAYO MAZA 2LTR,finished,0.0
4842,RAP245,RAPER NISHAT TEA 160 GRAM,finished,0.0
4843,RAP246,RAPER AL FIRDOUS VERMICELLI SMALL,finished,0.0
4845,RAP248,RAPER LASHKARA SOAP 4 PACK YELLOW,finished,0.0
4846,RAP249,RAPER NISHAT TEA 900 GRAM,finished,0.0
4847,RAP250,FUN TIME SNACKS (YELLOW),finished,0.0
4848,RAP251,RAPER ISLAMABAD COOKING OIL 900ML*5PACK,finished,0.0
4849,RAP252,GULF STAR MOTOR BODY,finished,0.0
4850,RAP253,GULF STAR M.CTN,finished,0.0
4851,RAP254,RAPER MERCEDES GALAXY CEILLING FAN,finished,0.0
4852,RAP255,RAPER MERCEDES FAN,finished,0.0
4853,RAP256,RAPER 12 CUP CHINA BONE CYAN,finished,0.0
4854,RAP257,RAPER 12 CUP CHINA BONE BLACK,finished,0.0
4855,RAP258,RAPER LARAIB ORNAGE+PEACH FRUITY SOAP,finished,0.0
4856,RAP259,RAPER RAHIL 500GRAM,finished,0.0
4857,RAP260,RAPER ARGWAN 1KG,finished,0.0
4858,RAP261,RAPER JAGMAG 4KG,finished,0.0
4859,RAP262,RAPER NISHAT TEA 450 GRAM RED,finished,0.0
4860,RAP263,RAPER BAHU SOAP (B),finished,0.0
4861,RAP264,RAPER PEARLY SOAP (B),finished,0.0
4862,RAP265,RAPER DIAMOND PLASTIC STICKER,finished,0.0
4866,RAP269,RAPER MMC SALT (800 GRAM),finished,0.0
4867,RAP270,NISHAT TEA 20/50 DIBBI,finished,0.0
4868,RAP271,RAPER PURE SALT 800GRAM,finished,0.0
4869,RAP272,RAPER SONEX WHITE GLUE,finished,0.0
4870,RAP273,RAPER VENUS BEAUTY SOAP (ALOE VERA),finished,0.0
4871,RAP274,RAPER SHINE DETERGENT  PLUS 5KG,finished,0.0
4873,RAP276,RAPER TOWER DETERGENT 4KG,finished,0.0
4874,RAP277,RAPER VENUS BEAUTY SOAP LARGE (ALOE VERA),finished,0.0
4875,RAP278,RAPER TRAIN DETERGENT 5KG YELLOW,finished,0.0
4876,RAP279,RAPER DALYA RICE 5KG,finished,0.0
4877,RAP280,RAPER SAFA D/T 3KG,finished,0.0
4878,RAP281,RAPER SAFA D/T 5KG,finished,0.0
4879,RAP282,LG RAZA LUNCH BOX,finished,0.0
4881,RAP284,RAPER SAFA D/T 1KG,finished,0.0
4882,RAP285,RAPER ITTEHAD BRAND LUNCH BOX,finished,0.0
4883,RAP286,RAPER RED CHILLI MASALA (MANZAL-E-ZOUQ),finished,0.0
4885,RAP288,RAPER LABEX FRUITY SOAP,finished,0.0
4886,RAP289,RAPER LARAIB FRUITY SOAP SMALL PEACH+LEMON+ORANGE,finished,0.0
4888,RAP291,RAPER MANZAL-E-ZOUQ SUNDAS RED CHILLI MIX,finished,0.0
4889,RAP292,TOMATO NAROL SOAP,finished,0.0
4890,RAP293,MAZA DRESSING MAYO 02 LITRE BAG,finished,0.0
4891,RAP294,GLOW PLASTIC STICKER,finished,0.0
4892,RAP295,RAPER ITTIHAD BRAND STICKER,finished,0.0
4893,RAP296,PUNJAB RICE,finished,0.0
4894,RAP297,SAKOON WASHING POWDER,finished,0.0
4895,RAP298,RAPER NISHAT TEA 45 GRAM,finished,0.0
4896,RAP299,RAPER SKY WASH 5KG,finished,0.0
4897,RAP300,RAPER CHEETA SERVIS BOTTOM+TOP,finished,0.0
4898,RAP301,RAPER BRILLO DETERGENT 3KG,finished,0.0
4899,RAP302,RAPER SKY WASH 3KG,finished,0.0
4900,RAP303,RAPER AL FIRDOUS VERMICELLI PREMIUM QUALITY (LARGE),finished,0.0
4901,RAP304,RAPER AH CERAMICS 6CUP+6 SAUCER,finished,0.0
4902,RAP305,RAPER SUPREME PLASTIC LUNCH BOX STICKER,finished,0.0
4903,RAP306,RAPER STAR ASIA+DIAMOND PLASTIC LUNCH BOX,finished,0.0
4905,RAP308,RAPER TRAIN DETERGENT 1/2KG BLUE,finished,0.0
4906,RAP309,RAPER SKY WASH RS.10,finished,0.0
4908,RAP311,RAPER DELUXE TURKEY BEAUTY SOAP OUTER,finished,0.0
4909,RAP312,RAPER VIGO LUXURY SOAP SMALL,finished,0.0
4910,RAP313,RAPER VIGO LUXURY SOAP MEDIUM,finished,0.0
4912,RAP315,RAPER TOWER DETERGENT 500GRAM,finished,0.0
4913,RAP316,RAPER TRAIN DETERGENT 1KG YELLOW,finished,0.0
4914,RAP317,RAPER TRAIN DETERGENT 1KG BLUE,finished,0.0
4916,RAP319,EMPTY BAG AZLAN DETERGENT 20KG,finished,0.0
4919,RAP322,RAPER TOWER DETERGENT 1KG,finished,0.0
4922,RAP328,RAPER DELUXE TURKEY BEAUTY SOAP SKY BLUE,finished,0.0
4923,RAP329,DELUXE TURKY b/S ROSE TOUCH,finished,0.0
4925,RAP331,RAPER SUPER ENERGY BISCUIT GOOD TIME RS#5,finished,0.0
4926,RAP332,RAPER SUPER ENERGY BISCUIT GOOD TIME RS#5+10,finished,0.0
4927,RAP333,FATE FUNGICIDE 1000GM,finished,0.0
4928,RAP334,SUPER ENERGY BISCUITS RS.10,finished,0.0
4929,RAP335,RAPER 555 SPECIAL SUPER BANASPATI RICE 1KG,finished,0.0
4930,RAP336,RAPER 1122 KAINAT 1KG STEAM RICE,finished,0.0
4932,RAP338,RAPER SAGA WASHING POWDER 1KG (YELLOW),finished,0.0
4933,RAP339,RAPER SAGA WASHING POWDER RS. 100 (YELLOW),finished,0.0
4934,RAP340,RAPER SAGA WASHING POWDER RS. 50 (YELLOW),finished,0.0
4935,RAP341,LEMON FOR OIL REMOVAL D/W 800ML,finished,0.0
4936,RAP342,LEMON FOR OIL REMOVAL D/W 1.5 L,finished,0.0
4938,RAP344,RAPER TAKE A BREAK BISCUIT RS.5,finished,0.0
4939,RAP345,RAPER SURPRISE BISCUIT RS.5,finished,0.0
4940,RAP346,RAPER BUTTER BADAM BISCUIT RS.5,finished,0.0
4941,RAP347,RAPER ZEERA BISCUIT RS.5,finished,0.0
4942,RAP348,RAPER CAFI BISCUIT RS.5,finished,0.0
4943,RAP349,RAPER PEANUTS BISCUIT RS.5,finished,0.0
4944,RAP350,RAPER ALIZA DTEREGENT 500GRAM,finished,0.0
4945,RAP351,RAPER CHILLI GARLIC SPICY SAUCE 4KG,finished,0.0
4946,RAP352,RAPER TAKE A BREAK BISCUIT RS.10,finished,0.0
4947,RAP353,RAPER SURPRISE BISCUIT RS.10,finished,0.0
4948,RAP354,RAPER BUTTER BADAM BISCUIT RS.10,finished,0.0
4949,RAP355,RAPER ZEERA BISCUIT RS.10,finished,0.0
4950,RAP356,RAPER CAFI BISCUIT RS.10,finished,0.0
4951,RAP357,RAPER PEANUTS BISCUIT RS.10,finished,0.0
4952,RAP358,RAPER MACHLI FRY SNACKS SPICY MASALA,finished,0.0
4953,RAP359,CHILLI GARLLIC SAUCE FRENCH CHOICE 9+-1,finished,0.0
4954,RAP360,RAPER CHILLI TOMATO KETCHUP 10G+-1,finished,0.0
4955,RAP361,RAPER CHILLI GARLIC SAUCE 10G+-1,finished,0.0
4956,RAP362,RAPER KAMAL  SPECIAL TEA 5KG,finished,0.0
4957,RAP363,RAPER WOW CHOCLATE RS.5,finished,0.0
4958,RAP364,RAPER AL HAFEEZ SEEDS,finished,0.0
4963,RAP369,RAPER SUPREME STICKER,finished,0.0
4964,RAP370,RAPER DIAMOND PLASTIC STICKER,finished,0.0
4965,RAP371,KAPTAN DETERGENT POWDER RS.50,finished,0.0
4967,RAP373,STAND POUCH BAG 170*260 GUZZT 100,finished,0.0
4968,RAP374,RAPER PURE TABLE SALT 800GRAM (SKY BLUE),finished,0.0
4969,RAP375,RAPER SAHIL HYBRID RICE SEEDS 3KG,finished,0.0
4970,RAP376,RAPER HAPPY DETERGENT 1KG,finished,0.0
4971,RAP377,RAPER HAPPY DETERGENT 500GRM,finished,0.0
4972,RAP378,RAPER HAPPY DETERGENT RS.50,finished,0.0
4973,RAP379,RAPER HAPPY DETERGENT 2KG,finished,0.0
4974,RAP380,RAPER HAPPY LUNDRY BAR 48 TIKKI,finished,0.0
4975,RAP381,RAPER HAPPY REFINED IODIZED SALT 800GRAM,finished,0.0
4976,RAP382,RAPER CLEAN DAY DETERGENT RS.50,finished,0.0
4977,RAP383,RAPER AKHROT DETERGENT RS.10,finished,0.0
4978,RAP384,RAPER YOGURT FULL CREAM 1KG,finished,0.0
4979,RAP385,RAPER ABRAJ HYBRID RICE SEED F1 5KG,finished,0.0
4981,RAP387,RAPER AL MAZHAR DISHWASH BAR,finished,0.0
4982,RAP388,RAPER AL MAZHAR DISHWASH LONG BAR,finished,0.0
4983,RAP389,TRI SEAL POUCH 130*190,finished,0.0
4984,RAP390,STAND POUCH 170*230,finished,0.0
4985,RAP391,STAND POUCH 230*310,finished,0.0
4986,RAP392,RAPER SKY WASH 1KG,finished,0.0
4987,RAP393,RAPER SKY WASH 500GRAM,finished,0.0
4988,RAP394,RAPER BULBUL DETERGENT RS.50,finished,0.0
4989,RAP395,RAPER BULBUL DETERGENT RS.100,finished,0.0
4990,RAP396,RAPER TABASUM CONE MEHNDI,finished,0.0
4991,RAP397,EDMORE HAIR COLOR CREAM BLACK 45,finished,0.0
4992,RAP398,RAPER S-3 GENUINE PARTS (GREEN) MEDIUM,finished,0.0
4993,RAP399,S-3 GENUINE PARTS (RED),finished,0.0
4994,RAP400,RAPER DELUXE TURKEY BEAUTY SOAP LEMON,finished,0.0
4995,RAP401,PETROVA GOLD LE-600 LITHUM 500GRAM,finished,0.0
4996,RAP402,RAPER GN DETERGENT POWDER 500gm,finished,0.0
4997,RAP403,RAPER FOODLEY MIX PICKLES 20+-2 GRAM,finished,0.0
4998,RAP405,RAPER GN DETERGENT POWDER 1KG,finished,0.0
4999,RAP406,RAPER SAFA 92 ONION SEEDS 1KG,finished,0.0
5000,RAP407,DIL PASSAND ROZAN RICE SEEDS 5KG,finished,0.0
5001,RAP408,RAPER RAVI SUPER CROP SUPPLEMENT 3KG,finished,0.0
5002,RAP409,RAPER SUBHANI SEEDS,finished,0.0
5003,RAP410,VIP WASH 1KG,finished,0.0
5004,RAP411,RAPER HAPPY DISHWASH LIQUID YELLOW,finished,0.0
5005,RAP412,RAPER HAPPY DISHWASH LIQUID ORANGE,finished,0.0
5007,RAP414,RAPER CLEAN SPRING DETERGENT 500GM,finished,0.0
5008,RAP415,RAPER CLEAN SPRING DETERGENT 1KG,finished,0.0
5009,RAP416,RAPER GO FOODS MILK,finished,0.0
5012,RAP419,POLY BAG SPROCKET DRIVE BL 70CC,finished,0.0
5016,RAP423,RAPER CLEAN DAY DETERGENT 1KG,finished,0.0
5017,RAP424,RAPER BULBUL LAUNDRY D/T 3KG,finished,0.0
5018,RAP425,RAPER TOWER DETERGENT - RS 10,finished,0.0
5019,RAP426,EDMORE HAIR COLOR CREAM BROWN 43,finished,0.0
5020,RAP427,WHITE STAND POUCH 230*330*100,finished,0.0
5022,RAP429,WHITE STAND POUCH 130*190*90,finished,0.0
5023,RAP430,RAPER SAMARA GOLD 1KG,finished,0.0
5024,RAP431,RAPER SAMARA GOLD 500GRAM,finished,0.0
5025,RAP432,RAPER PARAS DETERGENT RS.50,finished,0.0
5026,RAP433,RAPER PARAS DETERGENT 500GRAM,finished,0.0
5027,RAP434,SHAHRAN DISHWASH BAR SMALL,finished,0.0
5028,RAP435,SHAHRAN DISHWASH BAR MEDIUM,finished,0.0
5033,RAP440,RAPER NOOR DETERGENT RS.10,finished,0.0
5034,RAP441,RAPER NOOR DETERGENT RS.50,finished,0.0
5036,RAP443,RAPER PETAL CLASSIC 500GRAM,finished,0.0
5037,RAP444,RAPER HUMBER DETERGENT 5KG,finished,0.0
5038,RAP445,RAPER HUMBER DETERGENT 3KG PINK,finished,0.0
5039,RAP446,RAPER HUMBER DETERGENT 1KG BLUE,finished,0.0
5040,RAP447,RAPER HUMBER DISHWASH LIQUID 1500GM,finished,0.0
5041,RAP448,RAPER SHAHRAN DETERGENT 500GRAM,finished,0.0
5042,RAP449,RAPER SHAHRAN DETERGENT 1000GRAM,finished,0.0
5043,RAP450,RAPER S-3 GENUINE PARTS GREEN SMALL,finished,0.0
5044,RAP451,RAPER S-3 GENUINE PARTS RED SMALL,finished,0.0
5045,RAP452,RAPER MUSA BOWL ARSLAN PLASTIC,finished,0.0
5050,RAP458,RAPER EMPIRE SEEDS MEDIUM,finished,0.0
5052,RAP460,RAPER EMPIRE SEEDS SMALL,finished,0.0
5053,RAP461,RAPER SHAHRAN DETERGENT RS.10,finished,0.0
5054,RAP462,RAPER SHAHRAN DETERGENT RS.50,finished,0.0
5055,RAP463,RAPER SHAHRAN DETERGENT RS.100,finished,0.0
5061,RAP469,STAND POUCH 140*200,finished,0.0
5062,RAP470,RAPER WAVY DETERGENT RS.10,finished,0.0
5063,RAP471,RAPER KICK NASWAR RS.30,finished,0.0
5065,RAP473,RAPER LUCKY SNACKS,finished,0.0
5066,RAP474,RAPER RAITA SNACKS,finished,0.0
5067,RAP475,RAPER NIHARI SNACKS,finished,0.0
5068,RAP476,RAPER RK PLASTIC,finished,0.0
5069,RAP477,RAPER CLEAN SPRING DETERGENT 2KG,finished,0.0
5070,RAP478,RAPER CLEAN DAY DETERGENT 500GRAM,finished,0.0
5076,RAP484,RAPER BLUE RINSE DETERGENT 1KG,finished,0.0
5077,RAP485,RAPER BLUE RINSE DETERGENT 500GRAM,finished,0.0
5078,RAP486,RAPER BLUE RINSE DETERGENT RS.10,finished,0.0
5079,RAP487,RAPER PAK EGG,finished,0.0
5080,RAP488,RAPER HAPPY REFINED IODIZED SALT 1KG,finished,0.0
5081,RAP489,RAPER S-3 GENUINE PARTS YELLOW MEDIUM,finished,0.0
5082,RAP490,RAPER S-3 GENUINE PARTS YELLOW LARGE,finished,0.0
5083,RAP491,RAPER S-3 GENUINE PARTS GREEN LARGE,finished,0.0
5087,RAP495,WAVY DETERGENT POWDER,finished,0.0
5089,RAP497,RAPER TURKY DETERGENT RS.50,finished,0.0
5090,RAP498,RAPER TURKY DETERGENT 1KG,finished,0.0
5091,RAP499,RAPER ACNECARE SHAMPO,finished,0.0
5092,RAP500,PET+LDN 200MM,finished,0.0
5093,RAP501,PET+LDN 390MM,finished,0.0
5094,RAP502,KAPTAN DETERGENT POWDER 1KG,finished,0.0
5096,RAP504,SADA BAG 3 SIDE SEAL 11*17,finished,0.0
5102,RAP510,ROTI RITE PREMIUM MAIDA 1KG BAG,finished,0.0
5112,RAP520,RAPER HAPPY LAUNDRY BAR 190GRAM,finished,0.0
5113,RAP521,RAPER HAPPY DETERGENT RS.10,finished,0.0
5114,RAP522,RAPER HAPPY DETERGENT 2KG,finished,0.0
5160,RM0006,SODA LITE,raw,0.0
5164,RM0010,GREEN OIL BAG,raw,0.0
5176,RM00194,SPECKLES YELLOW,raw,0.0
5177,RM00195,SPECKLES ORANGE,raw,0.0
5183,RM0022,SHAMPO BASE (SLES),raw,0.0
5184,RM0023,ETDA,raw,0.0
5186,RM0025,COLOUR DISHWASH LIQUID,raw,0.0
5193,RM0032,LEEKO,raw,0.0
5195,RM0034,HYDROGEN,raw,0.0
5196,RM0035,28 CRAFT 150 GRM,raw,0.0
5197,RM0036,TINOPAL,raw,0.0
5198,RM0037,LEAKO,raw,0.0
5202,RM0041,FRAGNANCE DISHWASH LIQUID,raw,0.0
5206,RM0045,PEARL,raw,0.0
5208,RM0047,Noddle Soap,raw,0.0
5209,RM0048,FRAGRANCE BRIGHT,raw,0.0
5210,RM0049,FRAGRANCE WHITE (337),raw,0.0
5211,RM0050,FRAGRANCE PINK (305),raw,0.0
5213,RM0051,CP5 SOKLAN,raw,0.0
5214,RM0052,LUBRIZOL LD920,raw,0.0
5218,RM0056,METHYL SALICYLATE,raw,0.0
5220,RM0058,NOODLE (GOLD),raw,0.0
5222,RM0060,CMC TURKISH,raw,0.0
5224,RM0062,DELOMITE POWDER,raw,0.0
5226,RM0064,LAB,raw,0.0
5230,RM0068,FENTACARE T31 I 50(3402.1300),raw,0.0
5231,RM0069,FENTACARE TO 2 (3402.1300),raw,0.0
5232,RM0070,BASE 7AD,raw,0.0
5237,RM0100,KAOLIN POWDER,raw,0.0
5238,RM0169,SKIN OIL,raw,0.0
5239,RM071,SNOW WHITE MARBLE,raw,0.0
5241,RM073,GLUE DRUM,raw,0.0
5242,RM074,INK DRUM,raw,0.0
5243,RM075,ALUMINUM SULPHATE,raw,0.0
5244,RM076,SULPHURIC ACID,raw,0.0
5246,RM078,MARBOND MB-675C,raw,0.0
5247,RM079,F PP 1155 50 KG DRUM (6A-M),raw,0.0
5249,RM081,SOLVENT FOR INK,raw,0.0
5252,RM084,FLEXO INK CYAN,raw,0.0
5253,RM085,FLEXO INK MAGENTA (HT-3004),raw,0.0
5258,RM090,OFFSET INK YELLOW,raw,0.0
5259,RM091,OFFSET INK BLACK,raw,0.0
5260,RM092,OFFSET INK CYAN,raw,0.0
5261,RM093,OFFSET INK MAGENTA,raw,0.0
5263,RM099,FRAGNANCE LEMON BONUS,raw,0.0
5264,RM100,GRAVUER INK RED (H-LAM),raw,0.0
5267,RM103,ANTI FORM,raw,0.0
5268,RM104,ETHYAL GLYCOL,raw,0.0
5269,RM105,PP CALCITE,raw,0.0
5271,RM107,THIN BLADE,raw,0.0
5272,RM108,DOUBLE SIDE TAPE,raw,0.0
5275,RM111,GRAVUER INK G.YELLOW (H-LAM),raw,0.0
5278,RM114,FLEXO INK WHITE,raw,0.0
5282,RM118,GRAVUER INK TV (HT 01163),raw,0.0
5283,RM119,YELLOW COLOR (DISHWASH),raw,0.0
5285,RM121,FLEXO INK GOLDEN YELLOW (AQF-2135),raw,0.0
5286,RM122,FLEXO INK CAPTAN RED (AQF-4358),raw,0.0
5287,RM123,GRAVURE INK COST EFFECTIVE YELLOW,raw,0.0
5288,RM124,HCL,raw,0.0
5290,RM126,PH STICK,raw,0.0
5294,RM130,PREFORM BOTTLE 27GRAM 30MM,raw,0.0
5295,RM131,PREFORM BOTTLE 14GRAM 30MM,raw,0.0
5296,RM132,BAHAR EMPTY PP BAG 19*31,raw,0.0
5297,RM133,BAHAR EMPTY PP BAG 19*24,raw,0.0
5298,RM134,PP BAG IFS 24*42,raw,0.0
5308,RM144,GRAVURE INK ORANGE (2036 H-LAM),raw,0.0
5309,RM145,EMPTY BOTTLE BRILLO TOILET CLEANER 250ML,raw,0.0
5310,RM146,EMPTY BOTTLE BRILLO TOILET CLEANER 500ML,raw,0.0
5311,RM147,PALM FATTY ACID OIL,raw,0.0
5312,RM148,PALM ACID OIL,raw,0.0
5313,RM149,GRAVURE INK WHITE (HR),raw,0.0
5314,RM150,GRAVURE INK YELLOW (HR),raw,0.0
5315,RM151,GRAVURE INK MAGENTA (HR),raw,0.0
5316,RM152,GRAVURE INK CYAN (HR),raw,0.0
5319,RM155,PREFORM BOTTLE 31.5GRAM,raw,0.0
5324,RM160,GRAVURE UVA INK YELLOW,raw,0.0
5325,RM161,GRAVURE UVA INK VARNISH,raw,0.0
5326,RM162,GRAVURE UVA INK WHITE,raw,0.0
5327,RM163,OIL KNN CHICKEN,raw,0.0
5331,RM167,GRAVURE INK MIXING ROLLER,raw,0.0
5332,RM168,BLEACHING CLAY,raw,0.0
5335,RM171,FLEXO INK GREY,raw,0.0
5336,RM172,Glycerin,raw,0.0
5338,RM174,GRAVUER INK ROYAL BLUE,raw,0.0
5339,RM175,NOZEL FOR BAG MAKING,raw,0.0
5340,RM176,FRAGNANCE TWISTED ALMOND,raw,0.0
5342,RM178,SOAP NODLES,raw,0.0
5343,RM179,GRAVURE INK WHITE (FTP),raw,0.0
5344,RM180,GRAVURE INK CYAN (FTP),raw,0.0
5345,RM181,GRAVURE INK YELLOW (FTP),raw,0.0
5346,RM182,FLEXO INK D.BLACK,raw,0.0
5347,RM183,RHODAMINE,raw,0.0
5348,RM184,YORAPINE,raw,0.0
5349,RM185,SANDLE COLOR,raw,0.0
5350,RM186,RANG KAAT,raw,0.0
5353,RM189,GRAVURE MEDIUM (MPV),raw,0.0
5358,RM194,FRAGNANCE NEROLINE YARA YARA,raw,0.0
5359,RM195,FRAGNANCE MANGO,raw,0.0
5360,RM196,GRAVURE INK CYAN (H-LAM CRYSTAL),raw,0.0
5361,RM197,GRAVURE INK MAGENTA (H-LAM CRYSTAL),raw,0.0
5362,RM198,GRAVURE INK CYAN (H-LAM CRYSTAL),raw,0.0
5363,RM199,GRAVURE INK YELLOW (H-LAM CRYSTAL),raw,0.0
5364,RM200,GRAVURE INK WHITE (H-LAM CRYSTAL),raw,0.0
5365,RM201,GRAVURE MEDIUM (H-LAM CRYSTAL),raw,0.0
5366,RM202,GRAVURE SOLVENT BASE GLUE NC#7121,raw,0.0
5367,RM203,GRAVURE MEK CHEMICAL,raw,0.0
5370,RM206,GRAVURE INK CYAN (SPECIAL H-LAM),raw,0.0
5371,RM207,GRAVURE INK MAGENTA (SPECIAL H-LAM),raw,0.0
5372,RM208,GRAVURE INK YELLOW (SPECIAL H-LAM),raw,0.0
5373,RM209,GRAVURE INK VARNISH (MP),raw,0.0
5374,RM210,GRAVURE INK WHITE (SPECIAL H-LAM),raw,0.0
5376,RM212,FRAGNANCE WHITE TIDE,raw,0.0
5379,RM215,FRAGNANCE HARMONY LEMON,raw,0.0
5381,RM217,FRAGNANCE PALMOLIVE,raw,0.0
5382,RM218,FRAGNANCE LARK BLUE,raw,0.0
5383,RM219,FRAGNANCE LUX GREEN,raw,0.0
5384,RM220,S-EXL OIL,raw,0.0
5385,RM221,GREEN QY,raw,0.0
5386,RM222,FRAGNANCE EXL,raw,0.0
5387,RM223,FRAGNANCE ARIEL,raw,0.0
5388,RM224,FRAGNANCE BRITE,raw,0.0
5389,RM225,FRAGNANCE LAMON GRASS,raw,0.0
5391,RM227,WATER,raw,0.0
5392,RM228,HPMC CHEMICALS,raw,0.0
5394,RM230,PIGMET BLUE,raw,0.0
5396,RM232,GRAVURE INK WHITE (ELB),raw,0.0
5397,RM233,GRAVURE INK YELLOW (ELB),raw,0.0
5398,RM234,GRAVURE INK MAGENTA (ELB),raw,0.0
5399,RM235,GRAVURE INK CYAN (ELB),raw,0.0
5400,RM236,GRAVURE INK VIOLET (ELB),raw,0.0
5401,RM237,GRAVURE INK BLACK (ELB),raw,0.0
5402,RM238,GRAVURE INK VARNISH (ELB),raw,0.0
5403,RM239,GRAVURE INK MIX CHEMICALS (ELB),raw,0.0
5410,RM246,GRAVURE INK MAGENTA (PASTE),raw,0.0
5411,RM247,SOLVENT BASE LA600E GRAVURE,raw,0.0
5412,RM248,SOLVENT BASE LA200D GRAVURE,raw,0.0
5413,RM249,FRAGNANCE TIBET,raw,0.0
5416,RM252,FRAGNANCE FRENCH ROSE,raw,0.0
5418,RM254,FRAGNANCE OUD,raw,0.0
5420,RM256,FRAGNANCE PEACH DIRECTION,raw,0.0
5422,RM258,GRAVURE CHEMICALS (GVA),raw,0.0
5423,RM259,GRAVURE INK BLACK (NCP PASTE),raw,0.0
5424,RM260,GRAVURE INK CYAN (NCP PASTE),raw,0.0
5425,RM261,GRAVURE INK RED (NCP PASTE),raw,0.0
5426,RM262,YELLOW ACID,raw,0.0
5427,RM263,GREEN ACID,raw,0.0
5428,RM264,PIGMET ORANGE,raw,0.0
5430,RM266,METAL YELLOW,raw,0.0
5431,RM267,STRACH (CORSTAR),raw,0.0
5432,RM268,FRAGNANCE OUCH,raw,0.0
5433,RM269,CBX,raw,0.0
5438,RM274,FLEXO INK PURPLE (HT 3461),raw,0.0
5442,RM278,SODA LIGHT POWDER,raw,0.0
5443,RM279,GRAVURE INK BROWN,raw,0.0
5444,RM280,GRAVURE INK GREEN,raw,0.0
5445,RM281,GUM ROSIN,raw,0.0
5447,RM283,FRAGNANCE SOFT RAIN,raw,0.0
5448,RM284,FRAGNANCE ROYAL LEATHER,raw,0.0
5450,RM286,PREFORM BOTTLE41.5GRAM,raw,0.0
5451,RM287,PREFORM BOTTLE 15.25GRAM,raw,0.0
5452,RM288,FRAGNANCE ALMOND SOURE,raw,0.0
5453,RM289,FRAGNANCE JOLLY ORANGE,raw,0.0
5454,RM290,OPTICAL BRIGHTENING POWDER,raw,0.0
5455,RM291,OPTICAL BRIGHTENING GREEN,raw,0.0
5457,RM293,GRAVURE GS CHEMICALS,raw,0.0
5458,RM294,GRAVURE LACAR,raw,0.0
5462,RM298,DEY JUICE BOTTLE 250ML,raw,0.0
5463,RM299,DEY JUICE BOTTLE 500ML,raw,0.0
5464,RM300,DEY JUICE BOTTLE 1LTR,raw,0.0
5465,RM301,PREFORM BOTTLE 33GRAM,raw,0.0
5466,RM302,PREFORM BOTTLE 21GRAM,raw,0.0
5467,RM303,PREFORM BOTTLE 13.5GRAM,raw,0.0
5468,RM304,"500GM,1KG DETERGENT PACKAGING MACHINE",raw,0.0
5470,RM306,NPAC,raw,0.0
5471,RM307,N.PROPONOL,raw,0.0
5472,RM308,BRICKETS,raw,0.0
5473,RM309,RED COLORE FOR TC,raw,0.0
5475,RM311,FRAGNANCE POP SCENT (HISUN),raw,0.0
5495,RS1001,RING SABOON 180/40,finished,0.0
5496,SB001,STAR EMPTY PP BAGS 19*24,finished,0.0
5498,SCR002,MISC SCRAB FOR BOILAR,finished,0.0
5500,SF0002,POWDER MANUAL 16 A.D,finished,0.0
5504,SF0006,DISHWASH LIQUID,finished,0.0
5506,SF0008,POWDER MANUAL 19A.D,finished,0.0
5507,SF0009,POWDER MANUAL 9AD,finished,0.0
5508,SF0010,POWDER MANUAL 5 A.D,finished,0.0
5509,SF0011,JAGMAG 13A.D,finished,0.0
5510,SF0012,EXPORT 13 A.D,finished,0.0
5511,SF0013,BACHAT 13A.D,finished,0.0
5512,SF0014,10 A.D POUCH PACK,finished,0.0
5513,SF0015,10 A.D BULK PACK,finished,0.0
5514,SF0016,10 A.D BRILLO PACK,finished,0.0
5515,SF0017,10 A.D BRILLO BULK PACKING,finished,0.0
5516,SF0018,7 A.D POWDER,finished,0.0
5517,SF0019,JAGMAG 17 A.D,finished,0.0
5518,SF0020,BASE POWDER 7 AD,finished,0.0
5520,SF0022,TOILET CLEANER,finished,0.0
5522,SF0024,NENSA POWDER,finished,0.0
5525,SL002,SUPER LIFE YELLOW 125/48,finished,0.0
5526,SL003,SUPER LIFE RED 45/72,finished,0.0
5527,SL004,SUPER LIFE YELLOW 45/72,finished,0.0
5528,STK001,STICKER BRILLO TOILET CLEANER 250ML,finished,0.0
5529,STK002,STICKER BRILLO TOILET CLEANER 500ML,finished,0.0
5530,STK003,STICKER BRILLO DISHWASH LIQUID ORANGE,finished,0.0
5531,STK004,STICKER BRILLO DISHWASH LIQUID LEMON,finished,0.0
5532,STK005,STICKER BRILLO DISHWASH LIQUID GREEN,finished,0.0
5533,STK006,STICKER HAPPY DISHWASH LIQUID LEMON,finished,0.0
5534,STK007,STICKER HAPPY DISHWASH LIQUID 5KG,finished,0.0
5535,STK008,STICKER RAHIL DISHWASH LIQUID 500ML,finished,0.0
5536,STK009,STICKER ARGHAWAN DISHWASH LIQUID 500ML,finished,0.0
5537,STK010,STICKER BAHAR DISHWASH LIQUID 500ML,finished,0.0
5538,STK011,STIKCER ZORO DISHWASH LIQUID 500ML,finished,0.0
5539,STK012,STICKER BOXER DISHWASH LIQUID 500ML,finished,0.0
5540,STK013,STICKER SAGA DISHWASH LIQUID 500ML LEMON,finished,0.0
5541,STK014,STICKER SAGA DISHWASH LIQUID 500ML ORGANGE,finished,0.0
5542,STK015,STICKER RAHIL DISHWASH LIQUID 900ML,finished,0.0
5543,STK016,STICKER BAHAR DISHWASH LIQUID 900ML,finished,0.0
5544,STK017,STICKER SAFA ITTIHAD 800GRAM,finished,0.0
5545,STK018,STICKER SAFA ITTIHAD 1.5KG,finished,0.0
5546,STK019,STICKER HAPPY DISHWASH LIQUID ORANGE,finished,0.0
5547,STK020,STICKER ARGHAWAN DISHWASH LIQUID 900ML,finished,0.0
5548,STK021,STICKER SAFA ITTIHAD 800GRAM (NEW),finished,0.0
5552,TB004,TAZGI BEAUTY MILKY SOAP (55/72),finished,0.0
5553,TB005,TAZGI BEAUTY GREEN SOAP (55/72),finished,0.0
5554,TB006,TAZGI BEAUTY PINK SOAP (55/72),finished,0.0
5557,TB009,TAZGI BEAUTY SOAP GREEN (120/48),finished,0.0
5562,TB015,TAZGI BEAUTY GOLD PINK 120/48,finished,0.0
5563,TB016,TAZGI BEAUTY GOLD WHITE 120/48,finished,0.0
5567,TB020,TAZGI BEAUTY DELUXE MILKY SOAP 120/72,finished,0.0
5572,TB025,TAZGI BEAUTY GOLD JASMINE 140/48,finished,0.0
5575,TF001,TAZGI FRUITY LEMON (120/48),finished,0.0
5576,TF002,TAZGI FRUITY ORANGE (120/48),finished,0.0
5577,TF003,TAZGI FRUITY PEACH (120/48),finished,0.0
5578,TF004,TAZGI FRUITY LEMON (45/72),finished,0.0
5580,TF006,TAZGI FRUITY PEACH (60/72),finished,0.0
5581,THR001,THREAD FOR BAGS STITCHING,finished,0.0
5582,UCR001,RAPER GOLD GLEAM 1 LAYER,finished,0.0
5583,UCR002,RAPER SNAIL WHITE 1 LAYER,finished,0.0
5584,UCR003,2 LAYER GOLD CREAM,finished,0.0
5587,WHP001,KHADIJA PALM OIL 16KG,finished,0.0
5588,WHP002,PHOOL COOKIING OIL 900ML*12PAC,finished,0.0
5589,WHP003,ISLAMABAD COOKING OIL 900ML*5 LTR P3 C4 LY,finished,0.0
5590,WHP004,FOJI SUPREME COOKING OIL 1LTR*5PAC,finished,0.0
5591,WHP005,FOJI COOKING OIL 900M *5LTR P3 C4 LY,finished,0.0
5592,WYM0001,FRENCH CHOICE TOPING MAYO 1KG,finished,0.0
5593,WYM0002,Glow Plastic Lunch Box 2,finished,0.0
5594,YAS001,CARTON P3 52*55,finished,0.0
